Record_ID,Batch_ID,Test_Date,Season,Region,Supplier,Product_Name,Manufacturer_Country,Typical_Use,Application_Method,Quantity_kg,Unit_Price_LKR_per_kg,Total_Cost_LKR,Base_Amount_g,Nitrogen_N_g_per_100g,Phosphorus_P_g_per_100g,Potassium_K_g_per_100g,Other_Micro_Elements_per_100g,Moisture_Content_pct,Lab_Certified,Notes
AGR-78623,MF24-5737A,2024-08-23,Yala,Uva Province,CIC Agri Businesses,Ammonium Sulfate (SOA),China,"Tea, Vegetables",Top Dressing,50.0,140.0,7000.0,100,21.1,0.0,0.14,Sulfur: 17.3 g/100g,1.4,No,
AGR-32720,BT23-4200C,2024-10-25,Yala,North Western Province,Browns Agricultural Products,Urea,Sri Lanka,"Paddy, Maize, Vegetables",Broadcast / Soil Incorporation,10.0,100.0,1000.0,100,46.5,0.15,0.0,Not Detected,1.4,Yes,
AGR-62507,BT22-9052C,2022-11-26,Off-Season,North Central Province,Agromart Ltd,MOP (Muriate of Potash),Canada,"Paddy, Banana, Tea",Top Dressing,10.0,220.0,2200.0,100,0.0,0.0,58.2,Chlorine: 10.4 g/kg,3.5,Yes,Imported directly
AGR-36512,LT22-7963,2023-12-17,Off-Season,Northern Province,Lankem Ceylon PLC,NPK 15-15-15,Sri Lanka,"General Crops, Horticulture",Broadcast / Foliar,200.0,221.47,44294.0,100,14.4,14.7,15.4,Sulfur: 24.1 g/kg | Boron: 2.37 %,1.0,No,Expired stock — discounted
AGR-48187,MF23-2671,2023-10-24,Yala,Western Province,Hayleys Agriculture Holdings,MOP (Muriate of Potash),Canada,"Paddy, Banana, Tea",Top Dressing,25.0,170.0,4250.0,100,0.0,0.0,59.1,Chlorine: 0.83 %,1.1,No,
AGR-28367,LT22-6569,2022-05-08,Maha,North Central Province,Galle Agrochemical Stores,TSP (Triple Super Phosphate),India,"Vegetables, Root Crops",Basal Application,0.5,148.63,74.31,100,0.08,45.4,0.19,Calcium: 2.03 %,0.7,Yes,
AGR-32078,AG23-1690B,2023-02-07,Off-Season,Sabaragamuwa Province,Matara Farm Solutions,Urea,Sri Lanka,"Paddy, Maize, Vegetables",Broadcast / Soil Incorporation,7.0,115.34,807.38,100,46.2,0.0,0.0,Not Detected,2.2,Yes,
AGR-91716,AG22-8634,2023-03-18,Yala,Northern Province,Eastern Agrochem Depot,Ammonium Sulfate (SOA),China,"Tea, Vegetables",Top Dressing,50.0,143.3,7165.0,100,20.4,0.0,0.0,Sulfur: 9.5 g/kg,3.0,Yes,Sample from bulk storage
AGR-22285,LT23-9481B,2024-11-29,Yala,Eastern Province,Hayleys Agriculture Holdings,NPK 15-15-15,Sri Lanka,"General Crops, Horticulture",Broadcast / Foliar,5.0,242.39,1211.95,100,15.07,15.4,14.7,Sulfur: 2.71 % | Boron: 1.58 %,2.7,Yes,
AGR-76194,CR23-6317A,2023-02-09,Maha,Uva Province,Kandy Farm Supplies,TSP (Triple Super Phosphate),India,"Vegetables, Root Crops",Basal Application,999.0,163.99,163826.01,100,0.0,46.37,0.0,Calcium: 7.8 g/kg,1.5,Yes,
AGR-28215,BT24-9918B,2023-01-09,Yala,Central Province,Kandy Farm Supplies,MOP (Muriate of Potash),Canada,"Paddy, Banana, Tea",Top Dressing,500.0,190.0,95000.0,100,0.0,0.0,61.0,Chlorine: 1.16 %,2.8,Yes,
AGR-59529,BT24-3110,2024-09-23,Off-Season,Western Province,Jaffna Fertilizer Depot,NPK 12-12-17,Germany,"Horticulture, Fruit Crops",Broadcast,100.5,285.68,28710.84,100,11.5,11.5,16.8,Magnesium: 1.32 % | Boron: 12.7 g/kg,2.1,No,Imported directly
AGR-22146,MF22-5537B,2022-07-11,Off-Season,Central Province,Eastern Agrochem Depot,Urea,Sri Lanka,"Paddy, Maize, Vegetables",Broadcast / Soil Incorporation,1000.0,120.0,120000.0,100,45.7,0.0,0.0,Not Detected,2.6,No,Local production batch
AGR-60506,CR23-4971B,2022-08-04,Maha,Eastern Province,Hayleys Agriculture Holdings,TSP (Triple Super Phosphate),India,"Vegetables, Root Crops",Basal Application,25.0,150.0,3750.0,100,0.0,46.3,0.07,Calcium: 7.3 g/kg,1.3,Yes,
AGR-40170,BT22-2849C,2023-07-31,Maha,Central Province,Colombo Pesticide Warehouse,NPK 15-15-15,Sri Lanka,"General Crops, Horticulture",Broadcast / Foliar,1000.0,278.54,278540.0,100,14.5,14.8,15.1,Sulfur: 2.31 % | Boron: 13.0 g/kg,3.7,No,Opened bag — partial quantity
AGR-97001,LT22-8029,2023-07-05,Maha,Eastern Province,Anuradhapura Agro Mart,NPK 15-15-15,Sri Lanka,"General Crops, Horticulture",Broadcast / Foliar,5.5,239.07,1314.88,100,15.6,15.24,14.4,Sulfur: 0.64 % | Boron: 1.42 %,2.4,Yes,
AGR-29715,AG22-7848B,2022-12-15,Off-Season,Central Province,Eastern Agrochem Depot,Ammonium Sulfate (SOA),China,"Tea, Vegetables",Top Dressing,503.0,128.54,64655.62,100,20.0,0.0,0.06,Sulfur: 2.75 %,1.0,Yes,
AGR-77505,MF22-8379C,2024-06-10,Maha,North Western Province,Agromart Ltd,MOP (Muriate of Potash),Canada,"Paddy, Banana, Tea",Top Dressing,9.0,214.58,1931.22,100,0.0,0.24,57.2,Chlorine: 17.4 g/kg,2.1,No,
AGR-12240,MF23-9109,2023-10-06,Maha,Sabaragamuwa Province,Pettah Agro Traders,NPK 15-15-15,Sri Lanka,"General Crops, Horticulture",Broadcast / Foliar,99.0,238.59,23620.41,100,15.1,14.3,15.0,Sulfur: 12.2 g/100g | Boron: 23.2 g/kg,1.0,No,
AGR-23974,AG24-7084C,2024-05-06,Off-Season,Sabaragamuwa Province,Agromart Ltd,Urea,Sri Lanka,"Paddy, Maize, Vegetables",Broadcast / Soil Incorporation,1000.0,109.9,109900.0,100,45.47,0.0,0.0,Not Detected,3.8,Yes,
AGR-58301,LT22-9552A,2023-06-20,Yala,Central Province,Pettah Agro Traders,Urea,Sri Lanka,"Paddy, Maize, Vegetables",Broadcast / Soil Incorporation,10.0,122.0,1220.0,100,46.4,0.0,0.0,Not Detected,1.2,Yes,
AGR-59027,MF24-6480A,2022-07-15,Off-Season,Northern Province,Galle Agrochemical Stores,TSP (Triple Super Phosphate),India,"Vegetables, Root Crops",Basal Application,2.0,170.0,340.0,100,0.01,46.0,0.0,Calcium: 2.77 %,1.8,Yes,Imported directly
AGR-41157,CR23-3533A,2022-12-12,Yala,Southern Province,CIC Agri Businesses,TSP (Triple Super Phosphate),India,"Vegetables, Root Crops",Basal Application,10.0,165.88,1658.8,100,0.0,46.3,0.0,Calcium: 1.26 %,1.4,Yes,Imported directly
AGR-94115,BT23-6709B,2024-02-05,Maha,Southern Province,Matara Farm Solutions,NPK 12-12-17,Germany,"Horticulture, Fruit Crops",Broadcast,51.5,269.15,13861.22,100,12.1,11.4,17.0,Magnesium: 24.2 g/kg | Boron: 0.81 %,1.2,Yes,Local production batch
AGR-35908,LT24-5410B,2024-07-19,Off-Season,Western Province,Jaffna Fertilizer Depot,NPK 15-15-15,Sri Lanka,"General Crops, Horticulture",Broadcast / Foliar,26.0,276.08,7178.08,100,15.2,14.91,15.1,Sulfur: 12.2 g/kg | Boron: 24.3 g/100g,2.9,Yes,
AGR-22686,MF24-8552,2022-02-11,Off-Season,Northern Province,Browns Agricultural Products,NPK 12-12-17,Germany,"Horticulture, Fruit Crops",Broadcast,3.0,253.02,759.06,100,11.9,12.0,17.1,Magnesium: 7.4 g/100g | Boron: 1.66 %,0.7,No,
AGR-82793,MF23-9498,2022-12-22,Maha,Western Province,Browns Agricultural Products,NPK 15-15-15,Sri Lanka,"General Crops, Horticulture",Broadcast / Foliar,101.0,279.63,28242.63,100,15.1,14.9,14.0,Sulfur: 26.1 g/100g | Boron: 8.6 g/kg,1.9,Yes,Retest recommended
AGR-97097,MF22-3312A,2022-07-04,Off-Season,Eastern Province,Agromart Ltd,Compost / Organic,Sri Lanka,"All Crops, Soil Health",Incorporation,4.0,38.16,152.64,100,1.6,0.9,1.3,Organic Carbon: 11.0 g/kg | Humus: 12.7 g/100g,3.3,Yes,Expired stock — discounted
AGR-19343,CR22-1006,2022-10-08,Off-Season,Western Province,Browns Agricultural Products,MOP (Muriate of Potash),Canada,"Paddy, Banana, Tea",Top Dressing,2.0,170.0,340.0,100,0.0,0.0,57.6,Chlorine: 0.86 %,3.5,Yes,Local production batch
AGR-20274,BT23-4580B,2024-07-01,Maha,Sabaragamuwa Province,Abans Agri Supplies,NPK 12-12-17,Germany,"Horticulture, Fruit Crops",Broadcast,2.0,270.0,540.0,100,11.8,12.5,17.2,Magnesium: 12.3 g/kg | Boron: 15.9 g/100g,1.3,No,Local production batch
AGR-20361,BT24-8321,2024-09-11,Off-Season,North Central Province,Hayleys Agriculture Holdings,Urea,Sri Lanka,"Paddy, Maize, Vegetables",Broadcast / Soil Incorporation,50.0,110.0,5500.0,100,45.7,0.17,0.0,Not Detected,2.4,No,Slight clumping observed
AGR-58819,AG23-9180,2024-11-08,Maha,Western Province,CIC Agri Businesses,Compost / Organic,Sri Lanka,"All Crops, Soil Health",Incorporation,200.0,30.0,6000.0,100,1.5,1.02,1.3,Organic Carbon: 14.4 g/kg | Humus: 0.7 %,3.1,Yes,
AGR-68019,AG22-9281C,2022-08-31,Maha,Central Province,CIC Agri Businesses,NPK 15-15-15,Sri Lanka,"General Crops, Horticulture",Broadcast / Foliar,98.0,276.86,27132.28,100,15.4,15.0,14.6,Sulfur: 1.13 % | Boron: 12.4 g/kg,4.4,Yes,Retest recommended
AGR-34232,LT22-4824B,2022-03-16,Off-Season,North Central Province,Anuradhapura Agro Mart,NPK 12-12-17,Germany,"Horticulture, Fruit Crops",Broadcast,100.5,313.1,31466.55,100,11.6,12.0,16.9,Magnesium: 24.1 g/100g | Boron: 1.35 %,0.3,No,
AGR-22969,AG22-3191C,2022-06-01,Off-Season,North Western Province,Eastern Agrochem Depot,MOP (Muriate of Potash),Canada,"Paddy, Banana, Tea",Top Dressing,4.0,212.85,851.4,100,0.0,0.03,59.5,Chlorine: 27.6 g/100g,3.9,No,Imported directly
AGR-23898,BT23-9544A,2024-09-16,Maha,Central Province,Kurunegala Agri Centre,Urea,Sri Lanka,"Paddy, Maize, Vegetables",Broadcast / Soil Incorporation,4.0,105.0,420.0,100,45.3,0.09,0.0,Not Detected,2.9,Yes,Sample from bulk storage
AGR-78601,CR24-3827A,2022-08-04,Maha,North Central Province,Matara Farm Solutions,Dolomite,Sri Lanka,"Tea, Vegetables, Acidic Soils",Soil Amendment,103.0,50.0,5150.0,100,0.04,0.18,0.0,Calcium: 1.28 % | Magnesium: 16.7 g/100g,2.7,No,
AGR-19665,BT23-8927A,2024-09-24,Yala,Eastern Province,Hayleys Agriculture Holdings,Urea,Sri Lanka,"Paddy, Maize, Vegetables",Broadcast / Soil Incorporation,200.0,105.0,21000.0,100,45.82,0.07,0.0,Not Detected,2.6,Yes,Slight clumping observed
AGR-23291,AG23-6972A,2022-10-27,Maha,Northern Province,Browns Agricultural Products,Compost / Organic,Sri Lanka,"All Crops, Soil Health",Incorporation,3.5,26.05,91.17,100,1.5,1.0,1.3,Organic Carbon: 0.89 % | Humus: 7.1 g/kg,3.1,Yes,
AGR-33433,BT23-8869A,2022-03-17,Off-Season,Western Province,Lankem Ceylon PLC,Compost / Organic,Sri Lanka,"All Crops, Soil Health",Incorporation,13.0,36.64,476.32,100,1.5,0.9,1.4,Organic Carbon: 18.1 g/kg | Humus: 0.77 %,4.1,No,Local production batch
AGR-94769,LT22-9373B,2022-06-06,Off-Season,Central Province,Matara Farm Solutions,TSP (Triple Super Phosphate),India,"Vegetables, Root Crops",Basal Application,100.0,140.0,14000.0,100,0.0,46.1,0.19,Calcium: 25.8 g/100g,2.2,No,
AGR-97059,LT23-2457C,2023-09-22,Yala,Northern Province,Hayleys Agriculture Holdings,Dolomite,Sri Lanka,"Tea, Vegetables, Acidic Soils",Soil Amendment,100.0,70.0,7000.0,100,0.03,0.0,0.0,Calcium: 1.25 % | Magnesium: 9.0 g/100g,3.8,Yes,
AGR-80962,LT22-2059C,2022-11-27,Off-Season,Southern Province,Eastern Agrochem Depot,MOP (Muriate of Potash),Canada,"Paddy, Banana, Tea",Top Dressing,103.0,175.0,18025.0,100,0.22,0.0,58.1,Chlorine: 21.2 g/kg,3.6,Yes,
AGR-81800,BT24-3766A,2023-08-10,Off-Season,Sabaragamuwa Province,Colombo Pesticide Warehouse,NPK 15-15-15,Sri Lanka,"General Crops, Horticulture",Broadcast / Foliar,500.0,280.0,140000.0,100,15.6,15.2,15.0,Sulfur: 11.3 g/kg | Boron: 1.17 %,3.9,Yes,Sample from bulk storage
AGR-11899,MF22-4737B,2022-04-01,Yala,Western Province,Colombo Pesticide Warehouse,Urea,Sri Lanka,"Paddy, Maize, Vegetables",Broadcast / Soil Incorporation,23.0,125.78,2892.94,100,45.5,0.0,0.0,Not Detected,3.7,Yes,Local production batch
AGR-37589,BT22-4677B,2024-10-07,Maha,Sabaragamuwa Province,Jaffna Fertilizer Depot,Dolomite,Sri Lanka,"Tea, Vegetables, Acidic Soils",Soil Amendment,200.0,49.0,9800.0,100,0.24,0.0,0.0,Calcium: 6.6 g/kg | Magnesium: 27.9 g/kg,1.6,Yes,
AGR-34237,BT23-9190,2024-11-05,Yala,Sabaragamuwa Province,Agromart Ltd,Eppawala Rock Phosphate (ERP),Sri Lanka,"Tea, Rubber, Coconut",Basal Application,1.0,51.65,51.65,100,0.18,28.74,0.18,Calcium: 1.46 %,1.7,No,Expired stock — discounted
AGR-69060,CR22-5700B,2022-09-02,Yala,Eastern Province,CIC Agri Businesses,Dolomite,Sri Lanka,"Tea, Vegetables, Acidic Soils",Soil Amendment,25.0,59.24,1481.0,100,0.0,0.0,0.0,Calcium: 1.43 % | Magnesium: 19.8 g/kg,2.3,Yes,Imported directly
AGR-32613,BT22-8104,2022-09-24,Yala,North Central Province,Kurunegala Agri Centre,Eppawala Rock Phosphate (ERP),Sri Lanka,"Tea, Rubber, Coconut",Basal Application,50.0,54.65,2732.5,100,0.0,26.7,0.0,Calcium: 11.2 g/100g,4.4,Yes,Slight clumping observed
AGR-39826,CR23-6846C,2023-04-12,Maha,Northern Province,CIC Agri Businesses,Ammonium Sulfate (SOA),China,"Tea, Vegetables",Top Dressing,3.5,118.0,413.0,100,21.6,0.13,0.0,Sulfur: 8.7 g/100g,3.7,Yes,
AGR-27506,AG24-4858A,2024-02-23,Yala,North Central Province,Matara Farm Solutions,Urea,Sri Lanka,"Paddy, Maize, Vegetables",Broadcast / Soil Incorporation,25.5,105.0,2677.5,100,45.2,0.0,0.1,Not Detected,0.4,Yes,Retest recommended
AGR-80919,LT22-4619,2023-03-08,Maha,Southern Province,Anuradhapura Agro Mart,NPK 12-12-17,Germany,"Horticulture, Fruit Crops",Broadcast,100.0,318.87,31887.0,100,11.6,12.5,16.7,Magnesium: 10.0 g/100g | Boron: 2.61 %,4.4,No,Imported directly
AGR-45106,LT23-1804B,2024-10-21,Off-Season,Northern Province,Browns Agricultural Products,Ammonium Sulfate (SOA),China,"Tea, Vegetables",Top Dressing,51.5,110.75,5703.62,100,21.8,0.0,0.24,Sulfur: 11.8 g/100g,1.6,No,Imported directly
AGR-30447,MF22-3453,2024-12-09,Off-Season,Sabaragamuwa Province,Anuradhapura Agro Mart,NPK 15-15-15,Sri Lanka,"General Crops, Horticulture",Broadcast / Foliar,201.0,263.04,52871.04,100,15.5,14.0,14.8,Sulfur: 0.91 % | Boron: 9.5 g/kg,2.3,Yes,
AGR-27163,BT22-3212B,2023-07-03,Yala,Uva Province,Anuradhapura Agro Mart,Ammonium Sulfate (SOA),China,"Tea, Vegetables",Top Dressing,100.0,137.57,13757.0,100,20.6,0.0,0.0,Sulfur: 2.79 %,0.5,No,Retest recommended
AGR-50339,LT22-9212B,2024-08-05,Off-Season,North Western Province,Matara Farm Solutions,TSP (Triple Super Phosphate),India,"Vegetables, Root Crops",Basal Application,501.5,141.71,71067.57,100,0.0,46.8,0.0,Calcium: 22.1 g/kg,1.0,Yes,
AGR-90192,AG24-1603B,2024-03-20,Maha,Sabaragamuwa Province,CIC Agri Businesses,MOP (Muriate of Potash),Canada,"Paddy, Banana, Tea",Top Dressing,201.5,204.46,41198.69,100,0.0,0.0,59.44,Chlorine: 0.69 %,1.5,Yes,
AGR-18189,BT22-7598,2024-03-19,Maha,North Western Province,CIC Agri Businesses,Ammonium Sulfate (SOA),China,"Tea, Vegetables",Top Dressing,50.0,125.0,6250.0,100,20.7,0.0,0.11,Sulfur: 17.8 g/kg,3.4,Yes,
AGR-42014,AG23-5126B,2024-08-08,Off-Season,North Central Province,Anuradhapura Agro Mart,NPK 15-15-15,Sri Lanka,"General Crops, Horticulture",Broadcast / Foliar,10.0,225.0,2250.0,100,14.5,15.2,14.8,Sulfur: 2.11 % | Boron: 17.5 g/100g,4.2,Yes,
AGR-82678,BT23-1626B,2024-02-21,Off-Season,Eastern Province,Hayleys Agriculture Holdings,NPK 15-15-15,Sri Lanka,"General Crops, Horticulture",Broadcast / Foliar,200.0,287.79,57558.0,100,15.31,14.7,15.6,Sulfur: 0.74 % | Boron: 1.75 %,3.8,Yes,Imported directly
AGR-89778,CR23-7963A,2022-04-10,Off-Season,North Western Province,Colombo Pesticide Warehouse,Dolomite,Sri Lanka,"Tea, Vegetables, Acidic Soils",Soil Amendment,50.0,45.74,2287.0,100,0.0,0.11,0.0,Calcium: 14.5 g/100g | Magnesium: 26.9 g/kg,2.9,Yes,
AGR-37408,BT22-9507C,2023-07-10,Yala,Eastern Province,Agromart Ltd,MOP (Muriate of Potash),Canada,"Paddy, Banana, Tea",Top Dressing,1001.5,175.0,175262.5,100,0.0,0.0,57.8,Chlorine: 2.73 %,1.7,Yes,Local production batch
AGR-54493,LT24-8014,2023-10-01,Yala,Southern Province,Colombo Pesticide Warehouse,NPK 15-15-15,Sri Lanka,"General Crops, Horticulture",Broadcast / Foliar,3.0,225.93,677.79,100,14.6,15.0,15.1,Sulfur: 6.1 g/100g | Boron: 7.7 g/kg,0.8,Yes,
AGR-76907,BT23-3113C,2024-09-04,Yala,Central Province,Matara Farm Solutions,Urea,Sri Lanka,"Paddy, Maize, Vegetables",Broadcast / Soil Incorporation,202.0,119.21,24080.42,100,46.0,0.21,0.24,Not Detected,1.6,Yes,
AGR-56386,CR24-1081,2022-11-11,Yala,Central Province,Hayleys Agriculture Holdings,Dolomite,Sri Lanka,"Tea, Vegetables, Acidic Soils",Soil Amendment,1003.0,67.48,67682.44,100,0.0,0.0,0.17,Calcium: 1.43 % | Magnesium: 8.3 g/kg,1.9,Yes,Sample from bulk storage
AGR-94105,AG23-7324B,2024-02-22,Yala,Eastern Province,Kandy Farm Supplies,Urea,Sri Lanka,"Paddy, Maize, Vegetables",Broadcast / Soil Incorporation,500.0,120.0,60000.0,100,45.16,0.0,0.0,Not Detected,2.2,No,Local production batch
AGR-18914,MF24-9439,2022-03-21,Off-Season,Western Province,Browns Agricultural Products,Dolomite,Sri Lanka,"Tea, Vegetables, Acidic Soils",Soil Amendment,25.0,65.0,1625.0,100,0.25,0.0,0.0,Calcium: 1.38 % | Magnesium: 1.68 %,1.2,Yes,Opened bag — partial quantity
AGR-43005,AG23-8498C,2023-04-14,Off-Season,Sabaragamuwa Province,Eastern Agrochem Depot,NPK 12-12-17,Germany,"Horticulture, Fruit Crops",Broadcast,999.0,255.61,255354.39,100,11.7,12.2,17.5,Magnesium: 10.0 g/100g | Boron: 2.69 %,1.5,Yes,
AGR-42585,CR23-2846A,2022-07-10,Maha,Northern Province,Agromart Ltd,NPK 15-15-15,Sri Lanka,"General Crops, Horticulture",Broadcast / Foliar,500.0,258.53,129265.0,100,14.9,14.5,14.6,Sulfur: 1.23 % | Boron: 15.7 g/100g,3.4,Yes,Retest recommended
AGR-78173,BT22-6699,2023-04-18,Maha,Western Province,CIC Agri Businesses,NPK 15-15-15,Sri Lanka,"General Crops, Horticulture",Broadcast / Foliar,1000.0,254.03,254030.0,100,15.0,15.4,15.2,Sulfur: 0.9 % | Boron: 1.27 %,2.1,Yes,
AGR-67959,CR23-9417C,2024-02-10,Off-Season,Northern Province,Jaffna Fertilizer Depot,MOP (Muriate of Potash),Canada,"Paddy, Banana, Tea",Top Dressing,503.0,205.0,103115.0,100,0.0,0.0,62.15,Chlorine: 20.3 g/100g,1.1,Yes,Slight clumping observed
AGR-44660,LT24-9303B,2023-08-17,Off-Season,North Western Province,Browns Agricultural Products,MOP (Muriate of Potash),Canada,"Paddy, Banana, Tea",Top Dressing,500.0,186.78,93390.0,100,0.12,0.0,61.5,Chlorine: 21.7 g/kg,0.8,Yes,Local production batch
AGR-48320,MF23-9751,2023-07-26,Yala,Central Province,Kandy Farm Supplies,Urea,Sri Lanka,"Paddy, Maize, Vegetables",Broadcast / Soil Incorporation,50.5,120.86,6103.43,100,46.61,0.0,0.0,Not Detected,3.1,Yes,
AGR-56560,MF23-2950B,2024-04-22,Off-Season,Western Province,Matara Farm Solutions,Ammonium Sulfate (SOA),China,"Tea, Vegetables",Top Dressing,500.0,142.11,71055.0,100,20.7,0.0,0.0,Sulfur: 1.3 %,1.9,Yes,Sample from bulk storage
AGR-17414,MF22-9005C,2022-04-06,Off-Season,Southern Province,Agromart Ltd,Compost / Organic,Sri Lanka,"All Crops, Soil Health",Incorporation,13.0,30.0,390.0,100,1.6,1.0,1.4,Organic Carbon: 8.0 g/kg | Humus: 22.5 g/kg,1.8,Yes,
AGR-82840,LT23-4339B,2024-09-01,Maha,North Western Province,Hayleys Agriculture Holdings,TSP (Triple Super Phosphate),India,"Vegetables, Root Crops",Basal Application,2.0,168.79,337.58,100,0.14,46.91,0.09,Calcium: 0.74 %,2.8,Yes,Sample from bulk storage
AGR-99391,CR23-1516A,2022-05-16,Maha,North Western Province,Hayleys Agriculture Holdings,TSP (Triple Super Phosphate),India,"Vegetables, Root Crops",Basal Application,2.0,195.0,390.0,100,0.16,46.3,0.25,Calcium: 26.6 g/kg,2.4,Yes,
AGR-86872,AG22-8391,2022-02-18,Off-Season,Sabaragamuwa Province,Lankem Ceylon PLC,TSP (Triple Super Phosphate),India,"Vegetables, Root Crops",Basal Application,100.0,194.83,19483.0,100,0.05,46.0,0.0,Calcium: 24.5 g/100g,3.9,Yes,Local production batch
AGR-26522,MF23-9340C,2024-11-16,Maha,North Western Province,Agromart Ltd,Eppawala Rock Phosphate (ERP),Sri Lanka,"Tea, Rubber, Coconut",Basal Application,1.5,57.01,85.52,100,0.0,27.8,0.0,Calcium: 17.8 g/100g,4.1,Yes,Retest recommended
AGR-47359,BT23-1060A,2024-07-16,Off-Season,Uva Province,CIC Agri Businesses,NPK 12-12-17,Germany,"Horticulture, Fruit Crops",Broadcast,48.0,308.22,14794.56,100,11.68,12.1,16.7,Magnesium: 21.5 g/kg | Boron: 17.5 g/100g,3.7,No,
AGR-61904,BT23-1095B,2023-03-03,Yala,Central Province,Pettah Agro Traders,Urea,Sri Lanka,"Paddy, Maize, Vegetables",Broadcast / Soil Incorporation,10.0,108.51,1085.1,100,45.9,0.0,0.0,Not Detected,4.1,Yes,
AGR-35374,AG22-1839,2022-12-27,Off-Season,Western Province,Kandy Farm Supplies,Ammonium Sulfate (SOA),China,"Tea, Vegetables",Top Dressing,2.0,118.5,237.0,100,21.0,0.0,0.0,Sulfur: 11.3 g/kg,2.8,Yes,
AGR-67889,CR23-9679,2022-06-29,Off-Season,Central Province,Browns Agricultural Products,TSP (Triple Super Phosphate),India,"Vegetables, Root Crops",Basal Application,1000.0,178.9,178900.0,100,0.0,46.8,0.12,Calcium: 7.7 g/kg,2.1,Yes,Slight clumping observed
AGR-97404,CR23-8006,2022-12-19,Yala,Southern Province,Abans Agri Supplies,TSP (Triple Super Phosphate),India,"Vegetables, Root Crops",Basal Application,998.0,190.0,189620.0,100,0.0,46.5,0.0,Calcium: 10.5 g/100g,4.2,Yes,
AGR-93894,BT22-9597C,2023-12-15,Maha,Eastern Province,Abans Agri Supplies,Urea,Sri Lanka,"Paddy, Maize, Vegetables",Broadcast / Soil Incorporation,5.5,105.32,579.26,100,45.9,0.22,0.0,Not Detected,3.7,No,
AGR-12589,LT24-1744B,2022-04-26,Off-Season,Southern Province,Browns Agricultural Products,Eppawala Rock Phosphate (ERP),Sri Lanka,"Tea, Rubber, Coconut",Basal Application,1000.0,34.89,34890.0,100,0.0,26.9,0.0,Calcium: 12.1 g/100g,2.9,Yes,
AGR-43115,LT22-2144B,2024-01-12,Maha,Northern Province,Hayleys Agriculture Holdings,Dolomite,Sri Lanka,"Tea, Vegetables, Acidic Soils",Soil Amendment,500.0,70.81,35405.0,100,0.23,0.14,0.0,Calcium: 1.13 % | Magnesium: 16.9 g/100g,1.2,No,
AGR-51090,BT23-7384C,2022-01-26,Yala,North Central Province,Eastern Agrochem Depot,Urea,Sri Lanka,"Paddy, Maize, Vegetables",Broadcast / Soil Incorporation,100.0,128.34,12834.0,100,45.8,0.23,0.11,Not Detected,0.8,No,
AGR-83966,CR24-6573C,2022-07-21,Off-Season,North Central Province,Abans Agri Supplies,NPK 12-12-17,Germany,"Horticulture, Fruit Crops",Broadcast,1000.0,290.0,290000.0,100,12.22,12.1,16.4,Magnesium: 23.5 g/kg | Boron: 6.5 g/kg,2.1,Yes,Imported directly
AGR-36866,LT23-5180,2024-08-10,Off-Season,Eastern Province,Anuradhapura Agro Mart,Urea,Sri Lanka,"Paddy, Maize, Vegetables",Broadcast / Soil Incorporation,1.0,129.27,129.27,100,46.88,0.15,0.0,Not Detected,2.7,Yes,Retest recommended
AGR-66600,MF23-4279B,2023-04-26,Off-Season,Western Province,Agromart Ltd,Dolomite,Sri Lanka,"Tea, Vegetables, Acidic Soils",Soil Amendment,10.0,63.12,631.2,100,0.24,0.0,0.0,Calcium: 16.0 g/100g | Magnesium: 15.0 g/100g,2.8,No,Imported directly
AGR-76409,MF24-3669A,2023-09-08,Maha,Eastern Province,Galle Agrochemical Stores,Ammonium Sulfate (SOA),China,"Tea, Vegetables",Top Dressing,101.0,112.55,11367.55,100,20.3,0.0,0.0,Sulfur: 15.9 g/kg,3.7,Yes,Opened bag — partial quantity
AGR-41579,MF24-7644B,2023-09-26,Off-Season,Eastern Province,CIC Agri Businesses,Eppawala Rock Phosphate (ERP),Sri Lanka,"Tea, Rubber, Coconut",Basal Application,12.0,40.0,480.0,100,0.2,28.7,0.0,Calcium: 2.48 %,1.0,Yes,
AGR-91026,CR23-7459B,2024-11-04,Off-Season,Uva Province,Galle Agrochemical Stores,Compost / Organic,Sri Lanka,"All Crops, Soil Health",Incorporation,4.0,20.0,80.0,100,1.5,0.9,1.5,Organic Carbon: 1.13 % | Humus: 19.2 g/100g,2.4,Yes,Opened bag — partial quantity
AGR-91256,BT24-5455,2023-05-16,Off-Season,Southern Province,Colombo Pesticide Warehouse,Eppawala Rock Phosphate (ERP),Sri Lanka,"Tea, Rubber, Coconut",Basal Application,2.0,35.0,70.0,100,0.0,27.8,0.01,Calcium: 22.0 g/kg,3.7,No,Local production batch
AGR-78389,MF24-4814C,2024-07-16,Maha,Sabaragamuwa Province,Abans Agri Supplies,Ammonium Sulfate (SOA),China,"Tea, Vegetables",Top Dressing,4.0,136.97,547.88,100,20.6,0.19,0.0,Sulfur: 13.6 g/kg,4.1,No,Retest recommended
AGR-38484,CR24-4970A,2023-01-27,Maha,Central Province,CIC Agri Businesses,Compost / Organic,Sri Lanka,"All Crops, Soil Health",Incorporation,200.0,25.0,5000.0,100,1.5,0.91,1.3,Organic Carbon: 10.5 g/kg | Humus: 13.0 g/100g,1.8,Yes,
AGR-62989,BT23-2502C,2023-04-06,Maha,Southern Province,Abans Agri Supplies,TSP (Triple Super Phosphate),India,"Vegetables, Root Crops",Basal Application,10.0,153.27,1532.7,100,0.18,46.5,0.19,Calcium: 1.11 %,1.8,No,Local production batch
AGR-29166,CR23-6016,2022-02-07,Maha,Uva Province,Abans Agri Supplies,Dolomite,Sri Lanka,"Tea, Vegetables, Acidic Soils",Soil Amendment,101.0,55.0,5555.0,100,0.0,0.0,0.0,Calcium: 26.8 g/100g | Magnesium: 1.74 %,1.3,Yes,Sample from bulk storage
AGR-86566,MF22-8683C,2023-08-07,Yala,North Central Province,Lankem Ceylon PLC,Compost / Organic,Sri Lanka,"All Crops, Soil Health",Incorporation,3.0,18.01,54.03,100,1.4,0.95,1.5,Organic Carbon: 1.28 % | Humus: 1.59 %,3.7,Yes,
AGR-30316,LT23-8019B,2023-06-07,Maha,Central Province,Hayleys Agriculture Holdings,Dolomite,Sri Lanka,"Tea, Vegetables, Acidic Soils",Soil Amendment,49.0,47.86,2345.14,100,0.0,0.0,0.0,Calcium: 24.8 g/100g | Magnesium: 23.2 g/kg,1.7,Yes,Expired stock — discounted
AGR-98244,MF23-4557B,2024-02-04,Off-Season,North Central Province,Kandy Farm Supplies,TSP (Triple Super Phosphate),India,"Vegetables, Root Crops",Basal Application,1000.5,190.0,190095.0,100,0.23,45.8,0.22,Calcium: 2.69 %,0.7,No,
AGR-64585,MF24-3614B,2022-12-29,Off-Season,Northern Province,Pettah Agro Traders,Urea,Sri Lanka,"Paddy, Maize, Vegetables",Broadcast / Soil Incorporation,1000.0,116.05,116050.0,100,46.3,0.0,0.0,Not Detected,1.7,Yes,
AGR-87352,CR23-8203,2024-02-13,Yala,North Western Province,Agromart Ltd,Compost / Organic,Sri Lanka,"All Crops, Soil Health",Incorporation,100.0,25.0,2500.0,100,2.0,1.0,1.47,Organic Carbon: 26.8 g/100g | Humus: 17.3 g/100g,3.5,Yes,
AGR-56557,BT24-4926A,2023-09-01,Maha,Eastern Province,Kurunegala Agri Centre,TSP (Triple Super Phosphate),India,"Vegetables, Root Crops",Basal Application,1.0,155.45,155.45,100,0.0,45.8,0.13,Calcium: 26.2 g/kg,2.6,Yes,
AGR-64617,AG24-7180C,2024-12-18,Yala,Eastern Province,Pettah Agro Traders,NPK 15-15-15,Sri Lanka,"General Crops, Horticulture",Broadcast / Foliar,25.0,285.0,7125.0,100,15.0,14.4,15.0,Sulfur: 0.73 % | Boron: 9.7 g/100g,3.5,Yes,Local production batch
AGR-29079,AG22-9704A,2023-08-30,Yala,Central Province,Browns Agricultural Products,MOP (Muriate of Potash),Canada,"Paddy, Banana, Tea",Top Dressing,10.0,202.68,2026.8,100,0.0,0.0,57.38,Chlorine: 2.4 %,4.3,No,
AGR-16071,LT24-5013A,2023-03-10,Maha,Northern Province,Kandy Farm Supplies,NPK 12-12-17,Germany,"Horticulture, Fruit Crops",Broadcast,100.0,275.19,27519.0,100,11.8,11.59,16.84,Magnesium: 6.8 g/100g | Boron: 2.68 %,3.7,Yes,Imported directly
AGR-46176,BT23-1990A,2024-04-14,Off-Season,North Central Province,Anuradhapura Agro Mart,NPK 15-15-15,Sri Lanka,"General Crops, Horticulture",Broadcast / Foliar,5.5,248.86,1368.73,100,15.0,15.0,15.3,Sulfur: 1.1 % | Boron: 24.5 g/100g,4.3,Yes,Expired stock — discounted
AGR-95992,BT24-8592B,2024-03-03,Yala,North Central Province,Browns Agricultural Products,NPK 12-12-17,Germany,"Horticulture, Fruit Crops",Broadcast,1.0,275.0,275.0,100,12.2,11.99,16.3,Magnesium: 0.87 % | Boron: 11.6 g/100g,1.3,Yes,
AGR-79173,MF22-5581B,2023-05-26,Maha,Sabaragamuwa Province,Abans Agri Supplies,MOP (Muriate of Potash),Canada,"Paddy, Banana, Tea",Top Dressing,1.0,164.62,164.62,100,0.0,0.0,57.91,Chlorine: 20.9 g/kg,1.8,Yes,
AGR-23673,MF23-7352,2022-09-06,Maha,Sabaragamuwa Province,Kurunegala Agri Centre,MOP (Muriate of Potash),Canada,"Paddy, Banana, Tea",Top Dressing,2.0,190.0,380.0,100,0.0,0.16,59.45,Chlorine: 18.2 g/100g,0.4,Yes,
AGR-15132,AG24-3057B,2023-06-21,Off-Season,Central Province,Browns Agricultural Products,Ammonium Sulfate (SOA),China,"Tea, Vegetables",Top Dressing,25.0,145.26,3631.5,100,22.0,0.0,0.0,Sulfur: 19.7 g/kg,3.8,Yes,Local production batch
AGR-54200,BT23-2499B,2022-04-18,Off-Season,North Central Province,Abans Agri Supplies,Urea,Sri Lanka,"Paddy, Maize, Vegetables",Broadcast / Soil Incorporation,1.0,105.0,105.0,100,46.0,0.0,0.22,Not Detected,2.0,Yes,Imported directly
AGR-74599,AG23-6524A,2023-11-10,Off-Season,North Western Province,Abans Agri Supplies,MOP (Muriate of Potash),Canada,"Paddy, Banana, Tea",Top Dressing,10.5,225.0,2362.5,100,0.0,0.0,57.4,Chlorine: 9.9 g/100g,0.7,Yes,Slight clumping observed
AGR-54768,AG24-9221C,2022-09-10,Maha,Eastern Province,Agromart Ltd,Dolomite,Sri Lanka,"Tea, Vegetables, Acidic Soils",Soil Amendment,2.0,53.35,106.7,100,0.0,0.0,0.0,Calcium: 1.69 % | Magnesium: 16.5 g/kg,3.8,Yes,Sample from bulk storage
AGR-83165,CR23-3837A,2022-03-09,Yala,Sabaragamuwa Province,Kurunegala Agri Centre,NPK 15-15-15,Sri Lanka,"General Crops, Horticulture",Broadcast / Foliar,200.0,227.95,45590.0,100,14.3,14.7,15.0,Sulfur: 13.4 g/100g | Boron: 6.2 g/100g,2.3,Yes,
AGR-85299,LT22-5278,2024-06-18,Yala,Central Province,Abans Agri Supplies,Compost / Organic,Sri Lanka,"All Crops, Soil Health",Incorporation,200.0,30.31,6062.0,100,1.4,1.0,1.5,Organic Carbon: 1.41 % | Humus: 13.4 g/100g,0.6,No,Opened bag — partial quantity
AGR-41745,AG23-5324A,2024-03-10,Yala,Central Province,Hayleys Agriculture Holdings,Ammonium Sulfate (SOA),China,"Tea, Vegetables",Top Dressing,51.5,121.47,6255.7,100,20.1,0.0,0.0,Sulfur: 18.3 g/100g,2.2,Yes,Retest recommended
AGR-34096,LT23-4248B,2024-09-25,Off-Season,Western Province,Browns Agricultural Products,NPK 12-12-17,Germany,"Horticulture, Fruit Crops",Broadcast,10.0,309.36,3093.6,100,11.94,11.5,16.8,Magnesium: 14.8 g/kg | Boron: 24.0 g/100g,1.0,No,Imported directly
AGR-44855,MF24-5365B,2023-12-02,Maha,Southern Province,Kurunegala Agri Centre,TSP (Triple Super Phosphate),India,"Vegetables, Root Crops",Basal Application,1000.0,140.0,140000.0,100,0.21,45.8,0.0,Calcium: 24.8 g/kg,2.7,Yes,Expired stock — discounted
AGR-76483,BT23-3723A,2022-11-19,Off-Season,Northern Province,Matara Farm Solutions,TSP (Triple Super Phosphate),India,"Vegetables, Root Crops",Basal Application,4.0,155.8,623.2,100,0.0,45.5,0.0,Calcium: 20.0 g/kg,4.3,Yes,Expired stock — discounted
AGR-18340,CR24-6628B,2023-02-11,Off-Season,Southern Province,Hayleys Agriculture Holdings,Dolomite,Sri Lanka,"Tea, Vegetables, Acidic Soils",Soil Amendment,26.5,62.1,1645.65,100,0.09,0.0,0.08,Calcium: 20.4 g/kg | Magnesium: 21.2 g/100g,3.5,Yes,Local production batch
AGR-75606,BT24-3045A,2024-05-24,Yala,Northern Province,Jaffna Fertilizer Depot,Ammonium Sulfate (SOA),China,"Tea, Vegetables",Top Dressing,3.0,122.04,366.12,100,20.7,0.0,0.0,Sulfur: 1.07 %,0.6,Yes,Slight clumping observed
AGR-12121,CR23-7035,2024-05-28,Yala,Northern Province,Hayleys Agriculture Holdings,NPK 15-15-15,Sri Lanka,"General Crops, Horticulture",Broadcast / Foliar,25.0,260.0,6500.0,100,14.9,14.6,15.1,Sulfur: 12.4 g/100g | Boron: 19.3 g/100g,0.9,No,
AGR-68732,LT24-6924,2024-04-13,Yala,Western Province,Jaffna Fertilizer Depot,MOP (Muriate of Potash),Canada,"Paddy, Banana, Tea",Top Dressing,1000.0,212.63,212630.0,100,0.14,0.01,57.0,Chlorine: 0.98 %,3.0,Yes,
AGR-32115,MF23-1790A,2023-05-18,Yala,North Central Province,Kandy Farm Supplies,Eppawala Rock Phosphate (ERP),Sri Lanka,"Tea, Rubber, Coconut",Basal Application,199.0,40.0,7960.0,100,0.0,27.1,0.03,Calcium: 18.5 g/100g,3.5,No,Retest recommended
AGR-55975,LT22-5435C,2023-11-22,Off-Season,North Central Province,Kurunegala Agri Centre,Compost / Organic,Sri Lanka,"All Crops, Soil Health",Incorporation,1000.0,25.0,25000.0,100,1.5,0.9,1.4,Organic Carbon: 23.0 g/kg | Humus: 27.3 g/kg,2.6,No,
AGR-87521,LT22-2739B,2024-08-16,Off-Season,Sabaragamuwa Province,CIC Agri Businesses,TSP (Triple Super Phosphate),India,"Vegetables, Root Crops",Basal Application,50.0,175.0,8750.0,100,0.15,45.0,0.17,Calcium: 12.4 g/kg,3.7,Yes,
AGR-84715,LT23-6820C,2024-05-10,Yala,Southern Province,Abans Agri Supplies,MOP (Muriate of Potash),Canada,"Paddy, Banana, Tea",Top Dressing,2.0,170.0,340.0,100,0.04,0.04,57.9,Chlorine: 13.7 g/100g,2.5,Yes,
AGR-37313,AG24-6654A,2023-11-30,Yala,Western Province,Pettah Agro Traders,Eppawala Rock Phosphate (ERP),Sri Lanka,"Tea, Rubber, Coconut",Basal Application,1003.0,55.0,55165.0,100,0.0,28.3,0.0,Calcium: 27.0 g/100g,1.5,Yes,Slight clumping observed
AGR-82348,CR22-7028A,2024-05-04,Yala,Western Province,Hayleys Agriculture Holdings,NPK 15-15-15,Sri Lanka,"General Crops, Horticulture",Broadcast / Foliar,3.5,247.59,866.57,100,14.9,15.6,15.1,Sulfur: 21.0 g/100g | Boron: 25.8 g/kg,0.5,Yes,
AGR-41376,BT22-9736,2023-02-25,Off-Season,Uva Province,Kandy Farm Supplies,Urea,Sri Lanka,"Paddy, Maize, Vegetables",Broadcast / Soil Incorporation,50.0,110.17,5508.5,100,46.6,0.0,0.0,Not Detected,2.1,Yes,
AGR-97760,AG23-6789B,2022-02-11,Off-Season,Southern Province,Kurunegala Agri Centre,Ammonium Sulfate (SOA),China,"Tea, Vegetables",Top Dressing,2.0,129.89,259.78,100,21.68,0.0,0.0,Sulfur: 15.2 g/kg,1.3,Yes,
AGR-21159,AG23-9297,2024-05-24,Off-Season,Sabaragamuwa Province,Pettah Agro Traders,Urea,Sri Lanka,"Paddy, Maize, Vegetables",Broadcast / Soil Incorporation,501.0,96.46,48326.46,100,46.6,0.0,0.0,Not Detected,1.5,Yes,Local production batch
AGR-18042,CR23-9185C,2024-08-08,Yala,Southern Province,CIC Agri Businesses,NPK 12-12-17,Germany,"Horticulture, Fruit Crops",Broadcast,501.0,317.36,158997.36,100,11.67,12.1,16.4,Magnesium: 0.8 % | Boron: 8.7 g/100g,4.2,No,Imported directly
AGR-99244,MF24-5566B,2023-10-03,Yala,North Central Province,Hayleys Agriculture Holdings,TSP (Triple Super Phosphate),India,"Vegetables, Root Crops",Basal Application,500.0,198.34,99170.0,100,0.15,46.7,0.21,Calcium: 7.4 g/100g,0.6,No,
AGR-92114,BT22-2345A,2023-08-07,Yala,Western Province,Agromart Ltd,Ammonium Sulfate (SOA),China,"Tea, Vegetables",Top Dressing,498.0,116.98,58256.04,100,20.7,0.0,0.0,Sulfur: 7.8 g/kg,1.7,No,Expired stock — discounted
AGR-40208,CR23-8423B,2023-02-14,Off-Season,Sabaragamuwa Province,Colombo Pesticide Warehouse,Eppawala Rock Phosphate (ERP),Sri Lanka,"Tea, Rubber, Coconut",Basal Application,1001.0,49.39,49439.39,100,0.08,28.1,0.0,Calcium: 11.5 g/kg,1.2,No,
AGR-69075,CR22-7847,2022-10-08,Yala,Sabaragamuwa Province,Hayleys Agriculture Holdings,Compost / Organic,Sri Lanka,"All Crops, Soil Health",Incorporation,49.0,35.0,1715.0,100,1.5,0.93,1.3,Organic Carbon: 22.4 g/kg | Humus: 1.17 %,2.1,Yes,
AGR-97689,LT24-9536C,2023-01-14,Off-Season,Eastern Province,Eastern Agrochem Depot,Eppawala Rock Phosphate (ERP),Sri Lanka,"Tea, Rubber, Coconut",Basal Application,5.0,51.23,256.15,100,0.0,27.4,0.0,Calcium: 17.1 g/kg,2.7,Yes,Imported directly
AGR-76605,MF23-5760A,2023-01-09,Off-Season,Uva Province,Colombo Pesticide Warehouse,TSP (Triple Super Phosphate),India,"Vegetables, Root Crops",Basal Application,500.0,161.72,80860.0,100,0.18,45.5,0.0,Calcium: 1.3 %,2.5,No,Local production batch
AGR-33958,LT24-5073B,2022-03-06,Maha,Eastern Province,Abans Agri Supplies,NPK 12-12-17,Germany,"Horticulture, Fruit Crops",Broadcast,5.0,293.45,1467.25,100,11.8,12.3,16.4,Magnesium: 22.3 g/100g | Boron: 16.1 g/100g,0.9,No,Imported directly
AGR-11343,CR23-5999,2024-03-08,Off-Season,Northern Province,Colombo Pesticide Warehouse,NPK 15-15-15,Sri Lanka,"General Crops, Horticulture",Broadcast / Foliar,200.0,242.83,48566.0,100,14.6,14.3,15.5,Sulfur: 2.14 % | Boron: 26.5 g/kg,1.8,Yes,
AGR-27940,MF23-8260C,2023-10-05,Yala,North Western Province,Abans Agri Supplies,Dolomite,Sri Lanka,"Tea, Vegetables, Acidic Soils",Soil Amendment,98.0,74.12,7263.76,100,0.0,0.0,0.0,Calcium: 1.26 % | Magnesium: 14.5 g/kg,3.4,Yes,Sample from bulk storage
AGR-19260,AG22-5273,2024-12-27,Off-Season,Northern Province,Agromart Ltd,Ammonium Sulfate (SOA),China,"Tea, Vegetables",Top Dressing,100.0,122.06,12206.0,100,21.57,0.12,0.0,Sulfur: 14.6 g/100g,3.6,Yes,Sample from bulk storage
AGR-17387,AG22-8172,2022-07-11,Off-Season,Northern Province,Kandy Farm Supplies,Ammonium Sulfate (SOA),China,"Tea, Vegetables",Top Dressing,1000.0,134.11,134110.0,100,20.8,0.0,0.0,Sulfur: 0.94 %,3.7,No,Imported directly
AGR-22238,MF23-4905,2022-01-16,Off-Season,Uva Province,Eastern Agrochem Depot,MOP (Muriate of Potash),Canada,"Paddy, Banana, Tea",Top Dressing,2.0,200.84,401.68,100,0.1,0.0,58.9,Chlorine: 15.0 g/kg,2.3,Yes,
AGR-95275,AG24-1515,2022-08-30,Off-Season,Uva Province,Kandy Farm Supplies,MOP (Muriate of Potash),Canada,"Paddy, Banana, Tea",Top Dressing,10.0,171.25,1712.5,100,0.0,0.0,60.5,Chlorine: 27.6 g/kg,0.7,No,Slight clumping observed
AGR-29376,CR22-7936B,2024-08-16,Yala,Eastern Province,CIC Agri Businesses,MOP (Muriate of Potash),Canada,"Paddy, Banana, Tea",Top Dressing,1000.0,208.67,208670.0,100,0.0,0.05,61.5,Chlorine: 11.8 g/kg,2.1,Yes,
AGR-53636,MF23-8004A,2024-06-20,Yala,Northern Province,Kurunegala Agri Centre,MOP (Muriate of Potash),Canada,"Paddy, Banana, Tea",Top Dressing,5.0,217.85,1089.25,100,0.07,0.0,61.0,Chlorine: 2.36 %,4.3,No,Slight clumping observed
AGR-70629,AG24-1727,2022-05-08,Maha,North Western Province,Pettah Agro Traders,NPK 15-15-15,Sri Lanka,"General Crops, Horticulture",Broadcast / Foliar,4.0,248.75,995.0,100,15.4,14.8,14.3,Sulfur: 12.5 g/kg | Boron: 11.0 g/100g,1.1,Yes,Sample from bulk storage
AGR-78557,CR23-9722A,2022-10-23,Off-Season,Uva Province,Matara Farm Solutions,NPK 12-12-17,Germany,"Horticulture, Fruit Crops",Broadcast,2.0,310.0,620.0,100,12.0,12.2,16.9,Magnesium: 0.79 % | Boron: 11.5 g/100g,2.4,Yes,
AGR-66027,MF24-7231A,2023-06-01,Yala,North Western Province,Matara Farm Solutions,TSP (Triple Super Phosphate),India,"Vegetables, Root Crops",Basal Application,50.0,145.0,7250.0,100,0.14,45.5,0.0,Calcium: 2.78 %,3.3,No,Slight clumping observed
AGR-17565,CR23-4431,2022-02-10,Yala,Western Province,CIC Agri Businesses,NPK 12-12-17,Germany,"Horticulture, Fruit Crops",Broadcast,3.5,255.0,892.5,100,11.9,12.18,17.1,Magnesium: 13.9 g/kg | Boron: 1.44 %,3.6,No,Sample from bulk storage
AGR-48862,AG23-9801B,2024-10-07,Off-Season,Central Province,Kandy Farm Supplies,Eppawala Rock Phosphate (ERP),Sri Lanka,"Tea, Rubber, Coconut",Basal Application,51.5,32.53,1675.3,100,0.0,28.0,0.02,Calcium: 2.29 %,1.1,Yes,
AGR-55082,MF22-6917,2022-05-06,Maha,Eastern Province,Pettah Agro Traders,NPK 12-12-17,Germany,"Horticulture, Fruit Crops",Broadcast,1003.0,255.0,255765.0,100,11.9,11.7,16.9,Magnesium: 25.4 g/100g | Boron: 17.3 g/kg,3.1,Yes,Slight clumping observed
AGR-20146,BT24-3453C,2023-10-10,Off-Season,Northern Province,Abans Agri Supplies,Urea,Sri Lanka,"Paddy, Maize, Vegetables",Broadcast / Soil Incorporation,1000.0,129.61,129610.0,100,46.0,0.0,0.0,Not Detected,4.1,Yes,Expired stock — discounted
AGR-72836,BT22-2816A,2024-12-22,Off-Season,Eastern Province,Hayleys Agriculture Holdings,NPK 15-15-15,Sri Lanka,"General Crops, Horticulture",Broadcast / Foliar,50.0,251.02,12551.0,100,15.2,14.7,15.1,Sulfur: 23.6 g/100g | Boron: 22.3 g/100g,3.1,Yes,Opened bag — partial quantity
AGR-16321,AG24-1064B,2022-08-31,Maha,Southern Province,Galle Agrochemical Stores,Dolomite,Sri Lanka,"Tea, Vegetables, Acidic Soils",Soil Amendment,98.0,55.0,5390.0,100,0.0,0.0,0.0,Calcium: 6.2 g/100g | Magnesium: 2.76 %,2.6,No,Sample from bulk storage
AGR-11142,LT22-3409B,2023-06-10,Off-Season,Northern Province,Hayleys Agriculture Holdings,NPK 15-15-15,Sri Lanka,"General Crops, Horticulture",Broadcast / Foliar,50.0,265.0,13250.0,100,14.32,14.7,15.2,Sulfur: 24.1 g/100g | Boron: 19.8 g/kg,4.2,Yes,Expired stock — discounted
AGR-23789,CR23-6032A,2023-06-15,Yala,Eastern Province,Anuradhapura Agro Mart,Urea,Sri Lanka,"Paddy, Maize, Vegetables",Broadcast / Soil Incorporation,100.0,119.94,11994.0,100,45.3,0.0,0.15,Not Detected,2.7,No,
AGR-11117,CR22-3659C,2024-12-09,Off-Season,Western Province,Abans Agri Supplies,NPK 15-15-15,Sri Lanka,"General Crops, Horticulture",Broadcast / Foliar,5.0,279.17,1395.85,100,15.6,15.2,15.6,Sulfur: 8.8 g/100g | Boron: 25.7 g/100g,3.5,No,Opened bag — partial quantity
AGR-19369,BT22-2231,2024-12-26,Off-Season,Southern Province,Hayleys Agriculture Holdings,Compost / Organic,Sri Lanka,"All Crops, Soil Health",Incorporation,101.5,29.5,2994.25,100,1.6,0.9,1.3,Organic Carbon: 6.3 g/100g | Humus: 8.1 g/100g,3.8,Yes,
AGR-20299,BT24-6267,2022-10-21,Maha,Northern Province,Jaffna Fertilizer Depot,NPK 12-12-17,Germany,"Horticulture, Fruit Crops",Broadcast,49.0,315.0,15435.0,100,12.3,11.6,16.4,Magnesium: 2.2 % | Boron: 2.33 %,2.1,Yes,Opened bag — partial quantity
AGR-18384,AG24-5472,2023-07-27,Maha,Sabaragamuwa Province,Jaffna Fertilizer Depot,Ammonium Sulfate (SOA),China,"Tea, Vegetables",Top Dressing,101.0,130.0,13130.0,100,21.6,0.0,0.15,Sulfur: 21.5 g/100g,2.6,Yes,Sample from bulk storage
AGR-62646,BT24-4865,2024-06-11,Yala,North Central Province,Jaffna Fertilizer Depot,NPK 12-12-17,Germany,"Horticulture, Fruit Crops",Broadcast,200.0,250.0,50000.0,100,12.3,12.4,17.2,Magnesium: 2.16 % | Boron: 1.5 %,1.2,Yes,Retest recommended
AGR-50784,MF23-2317,2022-08-26,Yala,Sabaragamuwa Province,Agromart Ltd,Ammonium Sulfate (SOA),China,"Tea, Vegetables",Top Dressing,25.0,118.88,2972.0,100,20.47,0.0,0.02,Sulfur: 1.18 %,4.3,Yes,Local production batch
AGR-72943,LT23-2552B,2023-04-06,Yala,Uva Province,Kandy Farm Supplies,TSP (Triple Super Phosphate),India,"Vegetables, Root Crops",Basal Application,25.0,179.49,4487.25,100,0.05,45.1,0.0,Calcium: 27.3 g/kg,0.8,Yes,Slight clumping observed
AGR-58395,MF23-9753C,2024-08-23,Off-Season,North Central Province,Jaffna Fertilizer Depot,TSP (Triple Super Phosphate),India,"Vegetables, Root Crops",Basal Application,100.0,143.19,14319.0,100,0.0,46.1,0.0,Calcium: 19.8 g/kg,2.6,Yes,Retest recommended
AGR-89559,AG23-2889B,2024-05-12,Yala,Sabaragamuwa Province,Matara Farm Solutions,TSP (Triple Super Phosphate),India,"Vegetables, Root Crops",Basal Application,10.0,195.47,1954.7,100,0.0,46.4,0.0,Calcium: 13.0 g/100g,0.7,Yes,
AGR-38919,LT23-7239C,2024-02-03,Yala,North Western Province,Eastern Agrochem Depot,NPK 15-15-15,Sri Lanka,"General Crops, Horticulture",Broadcast / Foliar,24.0,265.0,6360.0,100,14.6,15.1,15.39,Sulfur: 2.04 % | Boron: 16.7 g/kg,0.6,Yes,
AGR-82883,CR22-4635B,2023-07-06,Off-Season,Sabaragamuwa Province,Matara Farm Solutions,Ammonium Sulfate (SOA),China,"Tea, Vegetables",Top Dressing,1.0,125.0,125.0,100,21.7,0.0,0.12,Sulfur: 2.12 %,2.0,No,
AGR-56994,CR24-5495B,2023-07-25,Yala,Northern Province,Lankem Ceylon PLC,Ammonium Sulfate (SOA),China,"Tea, Vegetables",Top Dressing,5.0,136.81,684.05,100,21.03,0.0,0.0,Sulfur: 25.2 g/100g,4.4,No,
AGR-84441,MF23-8844A,2023-09-12,Yala,Northern Province,Anuradhapura Agro Mart,Compost / Organic,Sri Lanka,"All Crops, Soil Health",Incorporation,2.0,32.22,64.44,100,1.4,1.1,1.5,Organic Carbon: 7.5 g/kg | Humus: 14.4 g/100g,0.9,Yes,Retest recommended
AGR-41829,LT24-7827,2022-04-18,Off-Season,Uva Province,Abans Agri Supplies,Ammonium Sulfate (SOA),China,"Tea, Vegetables",Top Dressing,998.0,135.45,135179.1,100,21.6,0.0,0.0,Sulfur: 23.4 g/kg,4.3,Yes,Local production batch
AGR-12653,BT23-6270C,2022-03-05,Off-Season,Central Province,Agromart Ltd,Ammonium Sulfate (SOA),China,"Tea, Vegetables",Top Dressing,2.0,113.76,227.52,100,21.7,0.0,0.0,Sulfur: 19.3 g/100g,0.9,No,Retest recommended
AGR-37221,CR24-2496C,2022-12-24,Yala,Uva Province,Matara Farm Solutions,Ammonium Sulfate (SOA),China,"Tea, Vegetables",Top Dressing,200.5,130.0,26065.0,100,20.2,0.0,0.0,Sulfur: 13.9 g/kg,1.7,Yes,
AGR-57023,AG22-3159B,2024-11-22,Maha,Central Province,Agromart Ltd,Eppawala Rock Phosphate (ERP),Sri Lanka,"Tea, Rubber, Coconut",Basal Application,25.0,30.0,750.0,100,0.0,28.03,0.0,Calcium: 7.9 g/kg,3.3,Yes,Expired stock — discounted
AGR-32230,MF23-8134B,2023-05-21,Yala,Eastern Province,CIC Agri Businesses,TSP (Triple Super Phosphate),India,"Vegetables, Root Crops",Basal Application,7.0,181.48,1270.36,100,0.0,46.87,0.0,Calcium: 15.5 g/kg,1.7,No,Opened bag — partial quantity
AGR-52234,CR23-4050A,2023-01-11,Maha,Southern Province,Browns Agricultural Products,Ammonium Sulfate (SOA),China,"Tea, Vegetables",Top Dressing,2.0,127.15,254.3,100,20.7,0.0,0.0,Sulfur: 13.6 g/100g,1.0,Yes,
AGR-27572,CR23-5151,2022-07-02,Off-Season,Southern Province,Kandy Farm Supplies,Ammonium Sulfate (SOA),China,"Tea, Vegetables",Top Dressing,100.0,135.0,13500.0,100,20.59,0.0,0.06,Sulfur: 1.83 %,3.2,Yes,Local production batch
AGR-44901,BT24-9371B,2024-01-19,Yala,Western Province,Abans Agri Supplies,Ammonium Sulfate (SOA),China,"Tea, Vegetables",Top Dressing,25.0,123.81,3095.25,100,20.5,0.0,0.0,Sulfur: 22.8 g/kg,0.8,No,Retest recommended
AGR-93953,BT22-9525C,2022-07-01,Maha,North Central Province,Pettah Agro Traders,MOP (Muriate of Potash),Canada,"Paddy, Banana, Tea",Top Dressing,1.0,227.23,227.23,100,0.0,0.0,57.4,Chlorine: 19.6 g/kg,0.6,Yes,
AGR-28338,AG22-4640A,2022-11-09,Maha,Sabaragamuwa Province,Colombo Pesticide Warehouse,Compost / Organic,Sri Lanka,"All Crops, Soil Health",Incorporation,25.5,26.16,667.08,100,1.3,1.0,1.3,Organic Carbon: 13.6 g/kg | Humus: 1.28 %,1.2,No,
AGR-93271,AG22-6600,2022-04-23,Maha,North Central Province,Agromart Ltd,MOP (Muriate of Potash),Canada,"Paddy, Banana, Tea",Top Dressing,1000.0,210.0,210000.0,100,0.15,0.0,58.4,Chlorine: 1.96 %,1.7,Yes,Expired stock — discounted
AGR-35595,BT22-4712,2022-11-03,Maha,Southern Province,Hayleys Agriculture Holdings,MOP (Muriate of Potash),Canada,"Paddy, Banana, Tea",Top Dressing,25.0,206.56,5164.0,100,0.0,0.0,60.25,Chlorine: 1.27 %,3.5,Yes,
AGR-26439,BT24-8716A,2022-08-30,Maha,Uva Province,Lankem Ceylon PLC,Compost / Organic,Sri Lanka,"All Crops, Soil Health",Incorporation,50.0,20.0,1000.0,100,1.6,0.9,1.5,Organic Carbon: 18.8 g/kg | Humus: 19.2 g/kg,2.2,Yes,
AGR-23633,BT24-7164B,2022-05-13,Maha,Central Province,Agromart Ltd,Eppawala Rock Phosphate (ERP),Sri Lanka,"Tea, Rubber, Coconut",Basal Application,25.0,40.0,1000.0,100,0.08,27.0,0.12,Calcium: 7.9 g/100g,1.5,Yes,
AGR-73850,CR24-9742B,2024-08-18,Off-Season,Northern Province,Jaffna Fertilizer Depot,Eppawala Rock Phosphate (ERP),Sri Lanka,"Tea, Rubber, Coconut",Basal Application,11.0,39.14,430.54,100,0.12,26.9,0.22,Calcium: 25.7 g/kg,1.4,Yes,
AGR-47554,LT22-6730B,2022-04-22,Off-Season,Uva Province,Colombo Pesticide Warehouse,NPK 12-12-17,Germany,"Horticulture, Fruit Crops",Broadcast,1.0,250.33,250.33,100,11.9,12.4,16.61,Magnesium: 19.8 g/kg | Boron: 6.1 g/100g,3.5,No,Slight clumping observed
AGR-43774,BT23-2812A,2022-05-16,Maha,North Western Province,Galle Agrochemical Stores,MOP (Muriate of Potash),Canada,"Paddy, Banana, Tea",Top Dressing,50.5,189.51,9570.25,100,0.0,0.0,59.9,Chlorine: 24.7 g/kg,2.0,Yes,Opened bag — partial quantity
AGR-40566,MF24-4160,2024-03-08,Yala,Western Province,Lankem Ceylon PLC,Urea,Sri Lanka,"Paddy, Maize, Vegetables",Broadcast / Soil Incorporation,201.0,125.0,25125.0,100,45.5,0.13,0.0,Not Detected,2.0,Yes,Expired stock — discounted
AGR-38245,BT23-2719,2022-05-15,Yala,Eastern Province,Anuradhapura Agro Mart,NPK 12-12-17,Germany,"Horticulture, Fruit Crops",Broadcast,9.0,257.37,2316.33,100,12.3,11.7,17.6,Magnesium: 14.1 g/100g | Boron: 23.6 g/kg,3.7,Yes,Retest recommended
AGR-98008,LT24-4830,2024-10-11,Maha,Uva Province,CIC Agri Businesses,Eppawala Rock Phosphate (ERP),Sri Lanka,"Tea, Rubber, Coconut",Basal Application,10.0,58.7,587.0,100,0.0,27.6,0.0,Calcium: 1.67 %,1.7,Yes,
AGR-78638,CR24-4911C,2024-09-07,Off-Season,Central Province,CIC Agri Businesses,Dolomite,Sri Lanka,"Tea, Vegetables, Acidic Soils",Soil Amendment,100.0,65.0,6500.0,100,0.0,0.0,0.0,Calcium: 13.3 g/100g | Magnesium: 22.5 g/kg,1.0,Yes,Local production batch
AGR-24612,CR24-6767,2022-06-28,Yala,North Western Province,CIC Agri Businesses,NPK 12-12-17,Germany,"Horticulture, Fruit Crops",Broadcast,2.0,260.88,521.76,100,12.0,11.9,17.3,Magnesium: 1.64 % | Boron: 19.7 g/100g,1.4,Yes,Retest recommended
AGR-11306,LT24-3525B,2023-10-01,Yala,Northern Province,Abans Agri Supplies,Urea,Sri Lanka,"Paddy, Maize, Vegetables",Broadcast / Soil Incorporation,2.0,97.58,195.16,100,46.3,0.0,0.0,Not Detected,3.2,Yes,Imported directly
AGR-92134,BT23-5510A,2022-04-02,Yala,Uva Province,Abans Agri Supplies,NPK 12-12-17,Germany,"Horticulture, Fruit Crops",Broadcast,501.5,314.09,157516.13,100,11.8,11.6,17.24,Magnesium: 9.4 g/100g | Boron: 2.01 %,0.6,Yes,Expired stock — discounted
AGR-89608,AG24-3365B,2023-02-08,Maha,Eastern Province,Lankem Ceylon PLC,Compost / Organic,Sri Lanka,"All Crops, Soil Health",Incorporation,11.5,32.02,368.23,100,1.3,1.1,1.38,Organic Carbon: 17.8 g/100g | Humus: 6.8 g/kg,2.0,No,
AGR-54485,CR22-9489B,2023-03-01,Yala,Southern Province,Eastern Agrochem Depot,Dolomite,Sri Lanka,"Tea, Vegetables, Acidic Soils",Soil Amendment,10.0,58.09,580.9,100,0.0,0.0,0.0,Calcium: 23.6 g/100g | Magnesium: 25.8 g/100g,1.3,Yes,Expired stock — discounted
AGR-91628,AG22-6585B,2022-03-15,Yala,North Western Province,Matara Farm Solutions,NPK 15-15-15,Sri Lanka,"General Crops, Horticulture",Broadcast / Foliar,5.0,246.25,1231.25,100,15.5,14.9,15.0,Sulfur: 13.7 g/100g | Boron: 1.97 %,4.2,Yes,Sample from bulk storage
AGR-85267,BT23-8418B,2024-03-29,Yala,Eastern Province,Browns Agricultural Products,Ammonium Sulfate (SOA),China,"Tea, Vegetables",Top Dressing,2.0,111.18,222.36,100,21.2,0.0,0.0,Sulfur: 18.1 g/kg,0.8,Yes,Imported directly
AGR-62355,MF24-7846C,2023-05-15,Yala,Uva Province,Matara Farm Solutions,Compost / Organic,Sri Lanka,"All Crops, Soil Health",Incorporation,50.0,30.75,1537.5,100,1.4,0.9,1.3,Organic Carbon: 14.2 g/kg | Humus: 2.79 %,2.2,Yes,Slight clumping observed
AGR-43368,BT23-9446C,2024-11-02,Yala,Uva Province,Hayleys Agriculture Holdings,NPK 15-15-15,Sri Lanka,"General Crops, Horticulture",Broadcast / Foliar,100.0,270.0,27000.0,100,15.5,15.1,14.4,Sulfur: 9.3 g/kg | Boron: 27.1 g/kg,0.9,Yes,Opened bag — partial quantity
AGR-72959,CR23-9128C,2024-10-28,Yala,Western Province,Hayleys Agriculture Holdings,Ammonium Sulfate (SOA),China,"Tea, Vegetables",Top Dressing,503.0,117.6,59152.8,100,20.7,0.14,0.0,Sulfur: 2.31 %,2.8,Yes,Expired stock — discounted
AGR-65847,BT23-2299A,2023-12-12,Maha,Southern Province,Galle Agrochemical Stores,MOP (Muriate of Potash),Canada,"Paddy, Banana, Tea",Top Dressing,8.0,201.73,1613.84,100,0.0,0.0,61.6,Chlorine: 0.82 %,4.1,Yes,Slight clumping observed
AGR-70815,AG23-4779,2024-01-27,Yala,Uva Province,Matara Farm Solutions,NPK 15-15-15,Sri Lanka,"General Crops, Horticulture",Broadcast / Foliar,0.5,279.02,139.51,100,15.2,14.8,14.6,Sulfur: 21.6 g/100g | Boron: 7.1 g/100g,1.3,Yes,Imported directly
AGR-86742,AG23-7288,2024-11-04,Yala,North Central Province,Browns Agricultural Products,NPK 15-15-15,Sri Lanka,"General Crops, Horticulture",Broadcast / Foliar,500.5,222.5,111361.25,100,14.49,15.4,15.2,Sulfur: 22.9 g/100g | Boron: 2.16 %,2.1,No,Local production batch
AGR-29562,AG22-3655A,2024-07-15,Maha,Western Province,Galle Agrochemical Stores,Eppawala Rock Phosphate (ERP),Sri Lanka,"Tea, Rubber, Coconut",Basal Application,5.0,37.77,188.85,100,0.0,28.0,0.0,Calcium: 15.3 g/kg,4.1,No,Expired stock — discounted
AGR-13122,CR22-3007,2023-07-21,Off-Season,Uva Province,Pettah Agro Traders,NPK 15-15-15,Sri Lanka,"General Crops, Horticulture",Broadcast / Foliar,5.0,246.53,1232.65,100,15.2,14.8,14.8,Sulfur: 10.9 g/100g | Boron: 1.91 %,2.4,Yes,Slight clumping observed
AGR-92231,CR24-4075,2023-02-05,Yala,Uva Province,Browns Agricultural Products,Dolomite,Sri Lanka,"Tea, Vegetables, Acidic Soils",Soil Amendment,3.0,48.43,145.29,100,0.0,0.0,0.0,Calcium: 26.5 g/100g | Magnesium: 22.1 g/kg,2.5,Yes,Expired stock — discounted
AGR-73173,BT24-3706C,2023-05-09,Off-Season,Eastern Province,Abans Agri Supplies,Compost / Organic,Sri Lanka,"All Crops, Soil Health",Incorporation,25.5,32.57,830.53,100,1.6,0.9,1.5,Organic Carbon: 25.1 g/kg | Humus: 14.1 g/kg,1.7,No,Slight clumping observed
AGR-59379,MF24-3092B,2023-04-25,Off-Season,Southern Province,Hayleys Agriculture Holdings,Urea,Sri Lanka,"Paddy, Maize, Vegetables",Broadcast / Soil Incorporation,200.0,117.75,23550.0,100,46.0,0.0,0.0,Not Detected,2.9,Yes,
AGR-89961,CR22-9116B,2022-12-13,Off-Season,Uva Province,Colombo Pesticide Warehouse,Dolomite,Sri Lanka,"Tea, Vegetables, Acidic Soils",Soil Amendment,0.5,55.0,27.5,100,0.02,0.0,0.2,Calcium: 2.45 % | Magnesium: 2.11 %,3.5,Yes,Local production batch
AGR-67587,AG23-6733,2023-01-26,Maha,North Central Province,Anuradhapura Agro Mart,Ammonium Sulfate (SOA),China,"Tea, Vegetables",Top Dressing,501.0,136.14,68206.14,100,20.94,0.0,0.1,Sulfur: 9.4 g/kg,1.9,No,Expired stock — discounted
AGR-41478,BT22-6016B,2024-07-27,Maha,Southern Province,Agromart Ltd,NPK 15-15-15,Sri Lanka,"General Crops, Horticulture",Broadcast / Foliar,5.0,266.11,1330.55,100,15.0,14.4,14.4,Sulfur: 12.8 g/100g | Boron: 1.2 %,2.0,Yes,Opened bag — partial quantity
AGR-85389,BT23-5441A,2022-12-04,Off-Season,Sabaragamuwa Province,Abans Agri Supplies,MOP (Muriate of Potash),Canada,"Paddy, Banana, Tea",Top Dressing,12.0,161.31,1935.72,100,0.0,0.0,59.1,Chlorine: 18.9 g/kg,1.2,Yes,Retest recommended
AGR-27443,BT22-7371B,2023-10-22,Yala,Sabaragamuwa Province,Lankem Ceylon PLC,NPK 12-12-17,Germany,"Horticulture, Fruit Crops",Broadcast,1000.5,287.45,287593.72,100,11.5,12.4,17.0,Magnesium: 23.5 g/100g | Boron: 20.2 g/kg,0.5,No,Sample from bulk storage
AGR-98797,MF23-8233A,2024-11-13,Maha,North Western Province,Pettah Agro Traders,Ammonium Sulfate (SOA),China,"Tea, Vegetables",Top Dressing,1.5,112.55,168.82,100,20.5,0.22,0.0,Sulfur: 26.4 g/100g,1.8,No,
AGR-95941,AG24-3039A,2023-09-15,Off-Season,Western Province,CIC Agri Businesses,NPK 15-15-15,Sri Lanka,"General Crops, Horticulture",Broadcast / Foliar,25.5,244.57,6236.53,100,14.5,14.6,14.9,Sulfur: 25.3 g/100g | Boron: 27.4 g/100g,3.0,Yes,
AGR-88907,CR23-4014B,2022-10-18,Off-Season,Sabaragamuwa Province,CIC Agri Businesses,Compost / Organic,Sri Lanka,"All Crops, Soil Health",Incorporation,5.0,19.79,98.95,100,1.4,1.0,1.49,Organic Carbon: 27.6 g/kg | Humus: 15.0 g/100g,2.1,No,
AGR-65719,CR24-8614C,2023-05-14,Maha,Western Province,Colombo Pesticide Warehouse,Urea,Sri Lanka,"Paddy, Maize, Vegetables",Broadcast / Soil Incorporation,1.5,119.88,179.82,100,46.6,0.0,0.17,Not Detected,3.4,Yes,
AGR-68846,AG23-3887C,2023-06-13,Yala,Sabaragamuwa Province,Hayleys Agriculture Holdings,MOP (Muriate of Potash),Canada,"Paddy, Banana, Tea",Top Dressing,200.0,205.0,41000.0,100,0.22,0.0,62.3,Chlorine: 0.99 %,3.9,Yes,Local production batch
AGR-76562,LT24-8743B,2022-04-03,Yala,North Central Province,Pettah Agro Traders,Ammonium Sulfate (SOA),China,"Tea, Vegetables",Top Dressing,2.0,120.0,240.0,100,21.3,0.08,0.0,Sulfur: 21.4 g/100g,0.5,No,
AGR-52608,MF22-7177,2022-02-14,Off-Season,Northern Province,Browns Agricultural Products,NPK 12-12-17,Germany,"Horticulture, Fruit Crops",Broadcast,2.0,255.0,510.0,100,12.1,12.1,16.8,Magnesium: 2.49 % | Boron: 7.7 g/100g,4.0,No,Imported directly
AGR-51091,MF23-4884B,2022-01-24,Maha,Central Province,Eastern Agrochem Depot,Urea,Sri Lanka,"Paddy, Maize, Vegetables",Broadcast / Soil Incorporation,50.0,105.0,5250.0,100,46.5,0.23,0.0,Not Detected,2.8,Yes,Slight clumping observed
AGR-48628,MF24-6389C,2023-03-08,Maha,Southern Province,Colombo Pesticide Warehouse,Dolomite,Sri Lanka,"Tea, Vegetables, Acidic Soils",Soil Amendment,0.5,48.07,24.04,100,0.0,0.0,0.13,Calcium: 16.6 g/100g | Magnesium: 22.6 g/100g,1.8,Yes,
AGR-29043,CR22-3748A,2022-09-22,Yala,Western Province,Browns Agricultural Products,Urea,Sri Lanka,"Paddy, Maize, Vegetables",Broadcast / Soil Incorporation,101.5,99.59,10108.39,100,46.0,0.1,0.0,Not Detected,0.9,No,
AGR-47469,LT23-6125B,2024-10-18,Yala,Northern Province,Agromart Ltd,Urea,Sri Lanka,"Paddy, Maize, Vegetables",Broadcast / Soil Incorporation,50.0,109.83,5491.5,100,45.2,0.22,0.0,Not Detected,3.8,Yes,Local production batch
AGR-49570,BT22-1144,2023-07-14,Off-Season,Uva Province,Galle Agrochemical Stores,Urea,Sri Lanka,"Paddy, Maize, Vegetables",Broadcast / Soil Incorporation,10.0,105.63,1056.3,100,45.8,0.0,0.11,Not Detected,3.8,No,Opened bag — partial quantity
AGR-11455,AG24-9691C,2024-03-11,Maha,Sabaragamuwa Province,Lankem Ceylon PLC,Urea,Sri Lanka,"Paddy, Maize, Vegetables",Broadcast / Soil Incorporation,1000.0,130.0,130000.0,100,45.6,0.0,0.0,Not Detected,3.2,Yes,Slight clumping observed
AGR-31475,LT22-6636C,2024-06-21,Off-Season,Eastern Province,CIC Agri Businesses,NPK 12-12-17,Germany,"Horticulture, Fruit Crops",Broadcast,50.5,295.0,14897.5,100,11.5,12.0,17.3,Magnesium: 14.7 g/100g | Boron: 1.59 %,0.9,No,Imported directly
AGR-79277,BT22-4916C,2024-04-25,Off-Season,North Central Province,Hayleys Agriculture Holdings,NPK 12-12-17,Germany,"Horticulture, Fruit Crops",Broadcast,25.0,285.6,7140.0,100,12.5,11.8,16.2,Magnesium: 22.8 g/kg | Boron: 23.2 g/100g,0.3,Yes,Sample from bulk storage
AGR-34321,CR24-3771C,2022-06-20,Yala,North Central Province,Browns Agricultural Products,Ammonium Sulfate (SOA),China,"Tea, Vegetables",Top Dressing,100.0,134.48,13448.0,100,20.7,0.0,0.19,Sulfur: 14.2 g/kg,3.9,Yes,
AGR-12661,CR23-7114A,2024-10-06,Maha,Eastern Province,Hayleys Agriculture Holdings,NPK 15-15-15,Sri Lanka,"General Crops, Horticulture",Broadcast / Foliar,1003.0,282.57,283417.71,100,15.2,15.2,14.8,Sulfur: 16.9 g/100g | Boron: 1.92 %,3.8,Yes,
AGR-15883,AG22-8162B,2022-10-22,Maha,Southern Province,Colombo Pesticide Warehouse,Ammonium Sulfate (SOA),China,"Tea, Vegetables",Top Dressing,25.0,131.6,3290.0,100,21.0,0.0,0.0,Sulfur: 1.77 %,3.6,No,
AGR-47255,AG23-9640C,2023-06-30,Maha,Western Province,Matara Farm Solutions,NPK 12-12-17,Germany,"Horticulture, Fruit Crops",Broadcast,53.0,268.99,14256.47,100,12.4,11.6,16.5,Magnesium: 23.5 g/kg | Boron: 8.2 g/kg,4.4,No,Slight clumping observed
AGR-30824,AG24-6947B,2024-01-08,Maha,Sabaragamuwa Province,Browns Agricultural Products,Ammonium Sulfate (SOA),China,"Tea, Vegetables",Top Dressing,26.5,115.0,3047.5,100,21.3,0.23,0.0,Sulfur: 2.78 %,3.5,Yes,Retest recommended
AGR-78183,AG23-9495,2024-03-17,Yala,Southern Province,Kandy Farm Supplies,Compost / Organic,Sri Lanka,"All Crops, Soil Health",Incorporation,500.0,25.0,12500.0,100,1.5,0.9,1.4,Organic Carbon: 8.7 g/kg | Humus: 21.1 g/kg,4.0,Yes,
AGR-73620,LT23-8248B,2022-06-19,Off-Season,North Central Province,Matara Farm Solutions,MOP (Muriate of Potash),Canada,"Paddy, Banana, Tea",Top Dressing,26.5,200.74,5319.61,100,0.0,0.0,61.0,Chlorine: 7.9 g/100g,0.9,Yes,
AGR-10466,BT23-5955,2022-08-05,Off-Season,Sabaragamuwa Province,Galle Agrochemical Stores,Dolomite,Sri Lanka,"Tea, Vegetables, Acidic Soils",Soil Amendment,24.0,50.0,1200.0,100,0.0,0.22,0.0,Calcium: 2.1 % | Magnesium: 21.7 g/100g,0.7,Yes,Expired stock — discounted
AGR-73647,MF24-6806A,2024-12-20,Maha,Southern Province,Browns Agricultural Products,Urea,Sri Lanka,"Paddy, Maize, Vegetables",Broadcast / Soil Incorporation,2.5,101.38,253.45,100,47.0,0.11,0.0,Not Detected,1.5,Yes,
AGR-43882,BT22-3491B,2022-12-17,Maha,North Western Province,Jaffna Fertilizer Depot,Dolomite,Sri Lanka,"Tea, Vegetables, Acidic Soils",Soil Amendment,6.5,71.32,463.58,100,0.0,0.0,0.18,Calcium: 2.09 % | Magnesium: 10.3 g/kg,2.9,Yes,Imported directly
AGR-41433,CR22-8663B,2023-05-04,Off-Season,North Western Province,CIC Agri Businesses,NPK 12-12-17,Germany,"Horticulture, Fruit Crops",Broadcast,2.0,270.0,540.0,100,12.5,12.0,16.7,Magnesium: 8.1 g/kg | Boron: 7.8 g/100g,4.3,Yes,
AGR-58888,CR24-1374B,2023-12-18,Maha,Southern Province,Pettah Agro Traders,Ammonium Sulfate (SOA),China,"Tea, Vegetables",Top Dressing,12.0,129.54,1554.48,100,21.4,0.0,0.0,Sulfur: 7.3 g/100g,1.8,Yes,
AGR-57136,MF22-1479A,2023-03-24,Off-Season,Central Province,Agromart Ltd,MOP (Muriate of Potash),Canada,"Paddy, Banana, Tea",Top Dressing,501.5,200.0,100300.0,100,0.0,0.19,60.3,Chlorine: 25.0 g/100g,0.7,No,Expired stock — discounted
AGR-78027,MF23-5794C,2022-04-03,Yala,Western Province,Abans Agri Supplies,Compost / Organic,Sri Lanka,"All Crops, Soil Health",Incorporation,1001.0,35.83,35865.83,100,1.3,0.98,1.4,Organic Carbon: 15.1 g/kg | Humus: 2.3 %,4.3,Yes,Sample from bulk storage
AGR-73693,LT23-8660C,2023-09-21,Yala,Sabaragamuwa Province,Pettah Agro Traders,Ammonium Sulfate (SOA),China,"Tea, Vegetables",Top Dressing,50.0,131.85,6592.5,100,20.3,0.19,0.09,Sulfur: 17.8 g/kg,2.6,Yes,
AGR-84751,BT24-7020,2022-08-30,Maha,North Central Province,Eastern Agrochem Depot,Urea,Sri Lanka,"Paddy, Maize, Vegetables",Broadcast / Soil Incorporation,100.0,115.0,11500.0,100,46.3,0.0,0.0,Not Detected,3.8,Yes,Expired stock — discounted
AGR-82102,LT24-6591A,2022-06-13,Yala,North Central Province,Kandy Farm Supplies,MOP (Muriate of Potash),Canada,"Paddy, Banana, Tea",Top Dressing,198.0,165.0,32670.0,100,0.0,0.0,62.4,Chlorine: 9.7 g/kg,0.6,Yes,
AGR-65974,CR22-4522C,2023-10-21,Maha,Eastern Province,Eastern Agrochem Depot,Urea,Sri Lanka,"Paddy, Maize, Vegetables",Broadcast / Soil Incorporation,25.5,95.0,2422.5,100,46.0,0.0,0.08,Not Detected,2.2,Yes,
AGR-89495,BT22-6118C,2022-02-20,Off-Season,Central Province,Galle Agrochemical Stores,Dolomite,Sri Lanka,"Tea, Vegetables, Acidic Soils",Soil Amendment,503.0,70.0,35210.0,100,0.22,0.09,0.0,Calcium: 2.79 % | Magnesium: 7.2 g/100g,0.6,Yes,
AGR-56668,BT22-1961A,2023-07-31,Maha,Central Province,Abans Agri Supplies,Ammonium Sulfate (SOA),China,"Tea, Vegetables",Top Dressing,201.0,140.77,28294.77,100,21.5,0.0,0.0,Sulfur: 20.7 g/kg,0.5,Yes,Imported directly
AGR-42905,MF24-9697,2023-01-01,Maha,Uva Province,Galle Agrochemical Stores,MOP (Muriate of Potash),Canada,"Paddy, Banana, Tea",Top Dressing,2.5,228.77,571.93,100,0.0,0.0,61.47,Chlorine: 20.7 g/100g,3.0,Yes,Imported directly
AGR-67641,LT23-7352A,2022-11-24,Maha,Eastern Province,Matara Farm Solutions,Compost / Organic,Sri Lanka,"All Crops, Soil Health",Incorporation,10.5,20.93,219.76,100,1.5,0.9,1.5,Organic Carbon: 22.6 g/kg | Humus: 27.4 g/kg,3.4,Yes,
AGR-32954,LT24-2340C,2023-11-09,Yala,North Central Province,Browns Agricultural Products,TSP (Triple Super Phosphate),India,"Vegetables, Root Crops",Basal Application,5.0,156.56,782.8,100,0.0,45.9,0.0,Calcium: 1.65 %,3.6,Yes,Sample from bulk storage
AGR-63387,LT22-9117A,2023-02-10,Maha,Western Province,Matara Farm Solutions,Compost / Organic,Sri Lanka,"All Crops, Soil Health",Incorporation,2.0,25.0,50.0,100,1.5,1.03,1.61,Organic Carbon: 14.7 g/100g | Humus: 17.5 g/100g,2.8,Yes,Opened bag — partial quantity
AGR-73266,AG22-9042,2024-08-17,Off-Season,Uva Province,Hayleys Agriculture Holdings,Dolomite,Sri Lanka,"Tea, Vegetables, Acidic Soils",Soil Amendment,100.0,55.0,5500.0,100,0.0,0.0,0.0,Calcium: 10.3 g/kg | Magnesium: 9.5 g/kg,1.8,Yes,Opened bag — partial quantity
AGR-98293,MF24-7078,2023-07-14,Maha,Western Province,Colombo Pesticide Warehouse,TSP (Triple Super Phosphate),India,"Vegetables, Root Crops",Basal Application,5.0,182.93,914.65,100,0.0,45.4,0.0,Calcium: 21.4 g/100g,2.1,Yes,
AGR-55423,MF22-2310A,2024-09-26,Yala,Central Province,Lankem Ceylon PLC,Eppawala Rock Phosphate (ERP),Sri Lanka,"Tea, Rubber, Coconut",Basal Application,5.0,55.0,275.0,100,0.0,29.1,0.0,Calcium: 10.4 g/100g,3.5,No,
AGR-64989,LT24-4152B,2023-07-23,Maha,North Western Province,Pettah Agro Traders,Eppawala Rock Phosphate (ERP),Sri Lanka,"Tea, Rubber, Coconut",Basal Application,2.0,40.0,80.0,100,0.0,26.9,0.0,Calcium: 12.7 g/100g,1.3,No,Imported directly
AGR-46878,CR23-7630A,2022-01-30,Off-Season,Southern Province,Browns Agricultural Products,TSP (Triple Super Phosphate),India,"Vegetables, Root Crops",Basal Application,198.0,155.0,30690.0,100,0.0,46.3,0.0,Calcium: 24.5 g/100g,3.3,No,Expired stock — discounted
AGR-56371,BT24-4487B,2022-05-24,Maha,Uva Province,Hayleys Agriculture Holdings,Ammonium Sulfate (SOA),China,"Tea, Vegetables",Top Dressing,100.0,111.01,11101.0,100,20.0,0.0,0.06,Sulfur: 11.1 g/100g,1.1,Yes,Expired stock — discounted
AGR-83376,AG24-6693C,2023-03-06,Off-Season,Uva Province,Anuradhapura Agro Mart,MOP (Muriate of Potash),Canada,"Paddy, Banana, Tea",Top Dressing,100.0,198.83,19883.0,100,0.0,0.0,60.6,Chlorine: 24.2 g/100g,0.9,Yes,Opened bag — partial quantity
AGR-57491,BT22-2910B,2023-03-31,Maha,North Western Province,Colombo Pesticide Warehouse,Eppawala Rock Phosphate (ERP),Sri Lanka,"Tea, Rubber, Coconut",Basal Application,50.0,45.0,2250.0,100,0.0,26.6,0.2,Calcium: 1.75 %,1.8,No,Slight clumping observed
AGR-15900,BT24-7705,2024-03-16,Maha,Western Province,CIC Agri Businesses,Ammonium Sulfate (SOA),China,"Tea, Vegetables",Top Dressing,50.0,110.0,5500.0,100,20.2,0.0,0.0,Sulfur: 9.7 g/100g,3.1,Yes,Local production batch
AGR-22991,BT22-4115,2024-09-07,Off-Season,Sabaragamuwa Province,Eastern Agrochem Depot,Urea,Sri Lanka,"Paddy, Maize, Vegetables",Broadcast / Soil Incorporation,101.5,110.0,11165.0,100,47.0,0.0,0.0,Not Detected,2.3,Yes,Imported directly
AGR-41762,BT23-3472A,2022-02-17,Maha,Uva Province,Hayleys Agriculture Holdings,NPK 15-15-15,Sri Lanka,"General Crops, Horticulture",Broadcast / Foliar,10.0,251.91,2519.1,100,14.6,15.0,14.9,Sulfur: 6.8 g/100g | Boron: 0.78 %,2.9,Yes,Opened bag — partial quantity
AGR-95154,MF23-4864,2022-05-28,Maha,Eastern Province,Abans Agri Supplies,NPK 15-15-15,Sri Lanka,"General Crops, Horticulture",Broadcast / Foliar,50.0,265.0,13250.0,100,15.4,14.8,14.92,Sulfur: 9.2 g/100g | Boron: 12.2 g/kg,2.5,No,
AGR-27904,CR24-6003A,2024-11-21,Off-Season,Southern Province,Colombo Pesticide Warehouse,NPK 12-12-17,Germany,"Horticulture, Fruit Crops",Broadcast,10.5,260.17,2731.79,100,12.0,11.6,16.3,Magnesium: 20.3 g/kg | Boron: 24.1 g/100g,4.0,Yes,Expired stock — discounted
AGR-91979,AG23-5946C,2024-12-14,Off-Season,Central Province,Kandy Farm Supplies,Eppawala Rock Phosphate (ERP),Sri Lanka,"Tea, Rubber, Coconut",Basal Application,500.5,45.55,22797.77,100,0.0,28.4,0.25,Calcium: 18.5 g/kg,3.7,No,Opened bag — partial quantity
AGR-35090,BT23-3747C,2023-10-21,Off-Season,North Western Province,Browns Agricultural Products,TSP (Triple Super Phosphate),India,"Vegetables, Root Crops",Basal Application,100.0,194.97,19497.0,100,0.0,45.4,0.11,Calcium: 1.48 %,1.3,Yes,Expired stock — discounted
AGR-79958,AG22-6350C,2024-11-21,Yala,Southern Province,Pettah Agro Traders,NPK 12-12-17,Germany,"Horticulture, Fruit Crops",Broadcast,500.0,265.0,132500.0,100,11.8,11.8,17.2,Magnesium: 25.0 g/kg | Boron: 7.1 g/kg,4.0,Yes,
AGR-40968,BT23-4924,2022-05-05,Maha,Southern Province,Eastern Agrochem Depot,Ammonium Sulfate (SOA),China,"Tea, Vegetables",Top Dressing,5.0,115.0,575.0,100,20.9,0.17,0.0,Sulfur: 0.84 %,2.3,Yes,
AGR-53322,AG23-5509B,2024-02-20,Maha,Southern Province,Lankem Ceylon PLC,TSP (Triple Super Phosphate),India,"Vegetables, Root Crops",Basal Application,1.0,190.0,190.0,100,0.0,46.9,0.0,Calcium: 2.51 %,0.7,Yes,Slight clumping observed
AGR-35823,AG24-9116B,2023-05-18,Maha,Western Province,Eastern Agrochem Depot,Ammonium Sulfate (SOA),China,"Tea, Vegetables",Top Dressing,203.0,127.56,25894.68,100,21.0,0.0,0.0,Sulfur: 10.2 g/100g,3.8,Yes,Expired stock — discounted
AGR-47381,LT23-5944,2022-07-06,Maha,Eastern Province,Agromart Ltd,Compost / Organic,Sri Lanka,"All Crops, Soil Health",Incorporation,5.0,19.87,99.35,100,1.35,1.0,1.6,Organic Carbon: 19.1 g/100g | Humus: 14.8 g/kg,3.5,Yes,Imported directly
AGR-97591,AG24-9070,2022-07-06,Maha,Sabaragamuwa Province,Agromart Ltd,Dolomite,Sri Lanka,"Tea, Vegetables, Acidic Soils",Soil Amendment,200.0,61.76,12352.0,100,0.0,0.0,0.0,Calcium: 20.1 g/kg | Magnesium: 1.11 %,4.0,No,Sample from bulk storage
AGR-91759,BT22-5544C,2022-11-30,Yala,North Western Province,Browns Agricultural Products,MOP (Muriate of Potash),Canada,"Paddy, Banana, Tea",Top Dressing,25.0,187.06,4676.5,100,0.1,0.0,60.9,Chlorine: 7.4 g/100g,2.1,Yes,
AGR-73224,MF24-1334,2022-11-01,Maha,Uva Province,Lankem Ceylon PLC,TSP (Triple Super Phosphate),India,"Vegetables, Root Crops",Basal Application,200.0,145.0,29000.0,100,0.0,45.5,0.0,Calcium: 16.2 g/kg,4.1,Yes,
AGR-11923,AG23-6406,2023-10-03,Off-Season,Northern Province,Matara Farm Solutions,Urea,Sri Lanka,"Paddy, Maize, Vegetables",Broadcast / Soil Incorporation,2.0,130.0,260.0,100,46.7,0.0,0.19,Not Detected,3.0,Yes,
AGR-85986,MF24-1716A,2022-09-20,Off-Season,Southern Province,Jaffna Fertilizer Depot,Urea,Sri Lanka,"Paddy, Maize, Vegetables",Broadcast / Soil Incorporation,199.0,110.0,21890.0,100,45.5,0.0,0.0,Not Detected,2.5,Yes,
AGR-81665,AG23-8621C,2024-06-29,Yala,Southern Province,Pettah Agro Traders,Dolomite,Sri Lanka,"Tea, Vegetables, Acidic Soils",Soil Amendment,5.0,60.0,300.0,100,0.0,0.0,0.0,Calcium: 1.71 % | Magnesium: 12.5 g/100g,1.4,Yes,Slight clumping observed
AGR-85957,AG22-4349A,2023-01-17,Off-Season,North Western Province,Matara Farm Solutions,Urea,Sri Lanka,"Paddy, Maize, Vegetables",Broadcast / Soil Incorporation,203.0,125.0,25375.0,100,46.8,0.05,0.0,Not Detected,0.9,No,Expired stock — discounted
AGR-75647,BT23-2762C,2024-02-06,Maha,North Western Province,CIC Agri Businesses,Compost / Organic,Sri Lanka,"All Crops, Soil Health",Incorporation,26.5,40.0,1060.0,100,1.57,1.0,1.3,Organic Carbon: 24.4 g/kg | Humus: 15.2 g/kg,0.7,Yes,Expired stock — discounted
AGR-33354,AG23-7388C,2022-12-25,Off-Season,Central Province,Pettah Agro Traders,Eppawala Rock Phosphate (ERP),Sri Lanka,"Tea, Rubber, Coconut",Basal Application,3.0,35.14,105.42,100,0.11,28.3,0.0,Calcium: 1.14 %,2.9,Yes,
AGR-18898,MF24-2629B,2024-08-28,Maha,North Western Province,Pettah Agro Traders,Eppawala Rock Phosphate (ERP),Sri Lanka,"Tea, Rubber, Coconut",Basal Application,10.0,55.0,550.0,100,0.0,28.6,0.0,Calcium: 26.1 g/kg,3.5,Yes,Opened bag — partial quantity
AGR-62991,BT23-1489C,2023-12-15,Maha,Western Province,Lankem Ceylon PLC,Urea,Sri Lanka,"Paddy, Maize, Vegetables",Broadcast / Soil Incorporation,4.0,115.0,460.0,100,45.4,0.19,0.0,Not Detected,0.9,Yes,Opened bag — partial quantity
AGR-30867,MF23-5849C,2023-04-20,Off-Season,North Central Province,Colombo Pesticide Warehouse,Dolomite,Sri Lanka,"Tea, Vegetables, Acidic Soils",Soil Amendment,4.0,70.0,280.0,100,0.0,0.07,0.0,Calcium: 15.1 g/100g | Magnesium: 10.5 g/kg,1.2,Yes,Expired stock — discounted
AGR-12096,BT24-4770,2022-09-02,Yala,North Western Province,Agromart Ltd,Dolomite,Sri Lanka,"Tea, Vegetables, Acidic Soils",Soil Amendment,50.0,47.5,2375.0,100,0.0,0.0,0.0,Calcium: 25.7 g/kg | Magnesium: 2.37 %,4.1,Yes,Local production batch
AGR-20472,LT24-9836A,2024-01-23,Yala,Western Province,Galle Agrochemical Stores,TSP (Triple Super Phosphate),India,"Vegetables, Root Crops",Basal Application,50.0,154.81,7740.5,100,0.0,46.2,0.0,Calcium: 21.0 g/kg,0.5,Yes,
AGR-64839,LT22-8288C,2024-10-29,Yala,Southern Province,Agromart Ltd,Compost / Organic,Sri Lanka,"All Crops, Soil Health",Incorporation,500.0,25.5,12750.0,100,1.4,1.0,1.61,Organic Carbon: 18.8 g/kg | Humus: 2.45 %,1.0,Yes,
AGR-42569,MF24-7466A,2023-06-26,Yala,North Western Province,Jaffna Fertilizer Depot,TSP (Triple Super Phosphate),India,"Vegetables, Root Crops",Basal Application,5.0,159.11,795.55,100,0.16,46.7,0.0,Calcium: 6.7 g/kg,3.1,Yes,
AGR-22021,CR24-1387,2024-04-07,Yala,Southern Province,Jaffna Fertilizer Depot,Dolomite,Sri Lanka,"Tea, Vegetables, Acidic Soils",Soil Amendment,1000.5,51.33,51355.67,100,0.0,0.1,0.2,Calcium: 8.0 g/100g | Magnesium: 1.41 %,2.0,Yes,Opened bag — partial quantity
AGR-11953,CR23-1337B,2023-09-21,Off-Season,Central Province,Eastern Agrochem Depot,Urea,Sri Lanka,"Paddy, Maize, Vegetables",Broadcast / Soil Incorporation,2.0,115.0,230.0,100,46.1,0.0,0.0,Not Detected,2.0,Yes,Retest recommended
AGR-65445,BT24-9757,2023-04-30,Off-Season,Uva Province,Hayleys Agriculture Holdings,Dolomite,Sri Lanka,"Tea, Vegetables, Acidic Soils",Soil Amendment,5.0,65.0,325.0,100,0.0,0.0,0.09,Calcium: 17.0 g/kg | Magnesium: 12.7 g/100g,1.5,No,Sample from bulk storage
AGR-28475,MF22-2128,2023-12-30,Yala,North Western Province,Kurunegala Agri Centre,TSP (Triple Super Phosphate),India,"Vegetables, Root Crops",Basal Application,1.0,190.0,190.0,100,0.14,45.2,0.0,Calcium: 8.1 g/100g,1.4,No,
AGR-98570,MF23-2737C,2022-03-24,Yala,Sabaragamuwa Province,Colombo Pesticide Warehouse,NPK 12-12-17,Germany,"Horticulture, Fruit Crops",Broadcast,2.0,305.0,610.0,100,12.1,11.6,17.2,Magnesium: 8.2 g/kg | Boron: 11.5 g/100g,2.2,Yes,
AGR-96754,AG23-3020C,2022-12-31,Yala,Uva Province,CIC Agri Businesses,Compost / Organic,Sri Lanka,"All Crops, Soil Health",Incorporation,13.0,19.14,248.82,100,1.4,1.0,1.6,Organic Carbon: 8.7 g/kg | Humus: 1.61 %,2.9,Yes,Opened bag — partial quantity
AGR-56248,MF22-1743A,2023-05-30,Off-Season,North Western Province,CIC Agri Businesses,NPK 12-12-17,Germany,"Horticulture, Fruit Crops",Broadcast,99.0,287.63,28475.37,100,12.1,12.5,17.62,Magnesium: 2.63 % | Boron: 8.0 g/kg,3.7,Yes,
AGR-95291,LT24-2062B,2022-05-29,Maha,Eastern Province,Abans Agri Supplies,NPK 15-15-15,Sri Lanka,"General Crops, Horticulture",Broadcast / Foliar,25.0,235.1,5877.5,100,15.0,15.3,14.7,Sulfur: 9.9 g/100g | Boron: 1.68 %,1.9,Yes,
AGR-93055,AG22-9200C,2024-06-09,Maha,Eastern Province,Galle Agrochemical Stores,Urea,Sri Lanka,"Paddy, Maize, Vegetables",Broadcast / Soil Incorporation,2.0,129.85,259.7,100,46.0,0.0,0.0,Not Detected,4.0,No,
AGR-77629,AG23-1867B,2024-02-15,Maha,Western Province,CIC Agri Businesses,Urea,Sri Lanka,"Paddy, Maize, Vegetables",Broadcast / Soil Incorporation,53.0,122.01,6466.53,100,45.9,0.0,0.0,Not Detected,2.2,No,Expired stock — discounted
AGR-17904,CR23-6896C,2022-05-07,Yala,Uva Province,Pettah Agro Traders,TSP (Triple Super Phosphate),India,"Vegetables, Root Crops",Basal Application,200.0,150.0,30000.0,100,0.0,45.7,0.17,Calcium: 24.9 g/100g,3.3,No,Retest recommended
AGR-77189,LT22-4114A,2024-07-22,Off-Season,North Central Province,Hayleys Agriculture Holdings,Urea,Sri Lanka,"Paddy, Maize, Vegetables",Broadcast / Soil Incorporation,999.0,110.31,110199.69,100,46.3,0.25,0.07,Not Detected,1.5,No,
AGR-10102,CR23-9385B,2024-08-15,Yala,Southern Province,Jaffna Fertilizer Depot,Urea,Sri Lanka,"Paddy, Maize, Vegetables",Broadcast / Soil Incorporation,26.0,105.0,2730.0,100,45.6,0.03,0.0,Not Detected,0.7,Yes,Sample from bulk storage
AGR-57539,AG22-3993A,2024-11-16,Maha,Northern Province,CIC Agri Businesses,Urea,Sri Lanka,"Paddy, Maize, Vegetables",Broadcast / Soil Incorporation,1000.0,115.3,115300.0,100,45.7,0.0,0.0,Not Detected,1.7,Yes,Expired stock — discounted
AGR-64261,MF22-9281,2024-08-15,Off-Season,North Central Province,Agromart Ltd,Dolomite,Sri Lanka,"Tea, Vegetables, Acidic Soils",Soil Amendment,2.0,55.0,110.0,100,0.0,0.0,0.0,Calcium: 15.1 g/100g | Magnesium: 12.9 g/100g,1.6,Yes,Retest recommended
AGR-72869,CR23-4376C,2024-07-19,Maha,Sabaragamuwa Province,Galle Agrochemical Stores,Dolomite,Sri Lanka,"Tea, Vegetables, Acidic Soils",Soil Amendment,25.0,57.21,1430.25,100,0.0,0.0,0.2,Calcium: 16.1 g/kg | Magnesium: 1.84 %,2.5,Yes,
AGR-79167,MF23-9128,2024-08-16,Off-Season,Uva Province,Lankem Ceylon PLC,NPK 12-12-17,Germany,"Horticulture, Fruit Crops",Broadcast,1000.0,305.0,305000.0,100,11.4,11.4,16.5,Magnesium: 21.4 g/100g | Boron: 13.5 g/100g,0.5,No,Opened bag — partial quantity
AGR-81559,CR24-3874B,2024-01-20,Yala,North Central Province,Jaffna Fertilizer Depot,NPK 15-15-15,Sri Lanka,"General Crops, Horticulture",Broadcast / Foliar,100.0,277.53,27753.0,100,14.3,14.4,15.0,Sulfur: 23.7 g/kg | Boron: 0.87 %,1.8,Yes,Local production batch
AGR-59825,BT22-8095C,2023-05-29,Maha,North Central Province,Agromart Ltd,MOP (Muriate of Potash),Canada,"Paddy, Banana, Tea",Top Dressing,102.0,200.25,20425.5,100,0.0,0.0,61.0,Chlorine: 6.8 g/100g,2.7,No,
AGR-41613,BT22-4924A,2024-03-27,Yala,Southern Province,Browns Agricultural Products,MOP (Muriate of Potash),Canada,"Paddy, Banana, Tea",Top Dressing,2.0,210.0,420.0,100,0.0,0.21,58.0,Chlorine: 0.72 %,2.7,No,Imported directly
AGR-91369,MF22-9528,2023-11-11,Maha,Uva Province,Pettah Agro Traders,NPK 12-12-17,Germany,"Horticulture, Fruit Crops",Broadcast,28.0,295.0,8260.0,100,12.0,11.6,16.3,Magnesium: 27.8 g/100g | Boron: 20.9 g/100g,4.4,Yes,Local production batch
AGR-47868,BT24-3580C,2022-06-14,Maha,Southern Province,Agromart Ltd,Eppawala Rock Phosphate (ERP),Sri Lanka,"Tea, Rubber, Coconut",Basal Application,200.0,45.0,9000.0,100,0.0,26.8,0.05,Calcium: 18.8 g/kg,0.5,Yes,Imported directly
AGR-71792,CR23-3510A,2023-06-04,Yala,North Western Province,Kurunegala Agri Centre,MOP (Muriate of Potash),Canada,"Paddy, Banana, Tea",Top Dressing,99.0,209.61,20751.39,100,0.02,0.0,60.7,Chlorine: 27.7 g/100g,0.9,Yes,
AGR-72954,AG24-4715C,2024-07-04,Off-Season,Western Province,Kandy Farm Supplies,NPK 12-12-17,Germany,"Horticulture, Fruit Crops",Broadcast,5.0,251.74,1258.7,100,12.0,12.5,17.1,Magnesium: 26.6 g/100g | Boron: 0.71 %,1.2,Yes,Retest recommended
AGR-51539,MF22-1090B,2024-08-28,Yala,Northern Province,Kurunegala Agri Centre,TSP (Triple Super Phosphate),India,"Vegetables, Root Crops",Basal Application,200.0,185.0,37000.0,100,0.0,45.3,0.0,Calcium: 20.7 g/kg,2.1,No,
AGR-14481,AG24-5770,2024-06-07,Yala,Eastern Province,CIC Agri Businesses,NPK 15-15-15,Sri Lanka,"General Crops, Horticulture",Broadcast / Foliar,2.0,265.0,530.0,100,14.8,14.5,15.32,Sulfur: 1.37 % | Boron: 24.9 g/kg,4.3,Yes,Imported directly
AGR-31983,MF22-7061,2024-12-23,Yala,Central Province,Lankem Ceylon PLC,Urea,Sri Lanka,"Paddy, Maize, Vegetables",Broadcast / Soil Incorporation,101.0,125.62,12687.62,100,45.4,0.0,0.0,Not Detected,1.0,Yes,Imported directly
AGR-27862,BT24-3256,2022-06-14,Off-Season,Eastern Province,Matara Farm Solutions,Urea,Sri Lanka,"Paddy, Maize, Vegetables",Broadcast / Soil Incorporation,498.0,118.16,58843.68,100,46.0,0.0,0.0,Not Detected,4.0,No,
AGR-72209,CR22-6822A,2022-02-12,Yala,Southern Province,Eastern Agrochem Depot,NPK 15-15-15,Sri Lanka,"General Crops, Horticulture",Broadcast / Foliar,500.0,265.0,132500.0,100,15.3,15.5,15.4,Sulfur: 0.81 % | Boron: 10.9 g/kg,1.6,Yes,
AGR-13537,AG22-1774,2024-06-28,Yala,Northern Province,Anuradhapura Agro Mart,Eppawala Rock Phosphate (ERP),Sri Lanka,"Tea, Rubber, Coconut",Basal Application,5.0,58.08,290.4,100,0.05,29.0,0.23,Calcium: 9.5 g/100g,2.9,Yes,Opened bag — partial quantity
AGR-45668,CR24-1125B,2024-09-12,Maha,North Central Province,Abans Agri Supplies,Urea,Sri Lanka,"Paddy, Maize, Vegetables",Broadcast / Soil Incorporation,5.0,105.0,525.0,100,45.3,0.0,0.0,Not Detected,3.1,Yes,Opened bag — partial quantity
AGR-29364,BT24-3903B,2022-03-07,Off-Season,North Central Province,Eastern Agrochem Depot,NPK 15-15-15,Sri Lanka,"General Crops, Horticulture",Broadcast / Foliar,99.0,264.29,26164.71,100,14.7,14.9,14.5,Sulfur: 1.56 % | Boron: 14.8 g/100g,0.5,No,
AGR-71043,BT24-1049C,2022-11-08,Yala,Western Province,Eastern Agrochem Depot,NPK 15-15-15,Sri Lanka,"General Crops, Horticulture",Broadcast / Foliar,48.0,247.58,11883.84,100,14.5,15.26,15.1,Sulfur: 7.6 g/kg | Boron: 2.55 %,2.5,Yes,Local production batch
AGR-37030,LT22-4337A,2022-07-05,Maha,Western Province,Kurunegala Agri Centre,TSP (Triple Super Phosphate),India,"Vegetables, Root Crops",Basal Application,998.0,198.34,197943.32,100,0.17,46.0,0.0,Calcium: 1.43 %,3.7,Yes,Imported directly
AGR-95000,LT22-2034C,2024-06-28,Off-Season,Sabaragamuwa Province,Eastern Agrochem Depot,Ammonium Sulfate (SOA),China,"Tea, Vegetables",Top Dressing,3.0,125.0,375.0,100,20.9,0.2,0.0,Sulfur: 17.7 g/kg,2.3,No,
AGR-72626,AG22-6984A,2024-10-28,Maha,Southern Province,Agromart Ltd,MOP (Muriate of Potash),Canada,"Paddy, Banana, Tea",Top Dressing,501.0,193.56,96973.56,100,0.0,0.0,60.7,Chlorine: 13.0 g/100g,2.1,No,Sample from bulk storage
AGR-28451,AG24-6501B,2024-04-26,Maha,Western Province,Browns Agricultural Products,TSP (Triple Super Phosphate),India,"Vegetables, Root Crops",Basal Application,1.0,165.0,165.0,100,0.0,46.0,0.15,Calcium: 21.4 g/100g,1.4,Yes,Imported directly
AGR-87250,BT24-7500,2024-09-13,Yala,Northern Province,Colombo Pesticide Warehouse,NPK 15-15-15,Sri Lanka,"General Crops, Horticulture",Broadcast / Foliar,1.0,276.59,276.59,100,15.3,15.1,14.4,Sulfur: 23.8 g/kg | Boron: 26.5 g/100g,0.9,Yes,
AGR-99865,LT22-7973B,2024-06-20,Yala,Northern Province,Eastern Agrochem Depot,Ammonium Sulfate (SOA),China,"Tea, Vegetables",Top Dressing,2.0,130.0,260.0,100,21.3,0.0,0.0,Sulfur: 13.3 g/kg,0.7,Yes,
AGR-87377,LT22-8914C,2024-06-09,Maha,Southern Province,Colombo Pesticide Warehouse,NPK 12-12-17,Germany,"Horticulture, Fruit Crops",Broadcast,500.0,315.0,157500.0,100,12.0,12.13,16.9,Magnesium: 0.9 % | Boron: 17.6 g/kg,2.7,No,Local production batch
AGR-20746,MF23-7569,2024-01-09,Off-Season,Uva Province,Agromart Ltd,NPK 12-12-17,Germany,"Horticulture, Fruit Crops",Broadcast,5.0,280.64,1403.2,100,12.4,12.2,16.3,Magnesium: 15.9 g/kg | Boron: 6.5 g/kg,0.7,Yes,Sample from bulk storage
AGR-34127,LT22-1901A,2023-01-31,Yala,Eastern Province,Abans Agri Supplies,MOP (Muriate of Potash),Canada,"Paddy, Banana, Tea",Top Dressing,5.0,162.36,811.8,100,0.0,0.0,59.17,Chlorine: 2.26 %,4.3,Yes,Imported directly
AGR-14038,BT24-5241B,2022-03-31,Yala,Northern Province,Matara Farm Solutions,Urea,Sri Lanka,"Paddy, Maize, Vegetables",Broadcast / Soil Incorporation,50.5,99.51,5025.26,100,46.0,0.0,0.02,Not Detected,2.5,No,Retest recommended
AGR-44269,CR22-2332C,2022-12-09,Off-Season,Central Province,Matara Farm Solutions,NPK 12-12-17,Germany,"Horticulture, Fruit Crops",Broadcast,100.0,312.26,31226.0,100,12.3,12.0,16.4,Magnesium: 16.1 g/100g | Boron: 13.6 g/kg,3.8,Yes,
AGR-79714,CR22-9118C,2023-10-03,Yala,Uva Province,Abans Agri Supplies,Eppawala Rock Phosphate (ERP),Sri Lanka,"Tea, Rubber, Coconut",Basal Application,99.0,48.25,4776.75,100,0.14,27.04,0.0,Calcium: 2.65 %,0.8,No,Retest recommended
AGR-18436,BT22-4034B,2022-09-01,Maha,Uva Province,Kandy Farm Supplies,TSP (Triple Super Phosphate),India,"Vegetables, Root Crops",Basal Application,10.5,171.48,1800.54,100,0.0,46.6,0.0,Calcium: 27.6 g/kg,2.5,No,
AGR-10232,MF24-4274B,2024-05-29,Off-Season,North Western Province,Abans Agri Supplies,MOP (Muriate of Potash),Canada,"Paddy, Banana, Tea",Top Dressing,50.0,170.0,8500.0,100,0.0,0.09,58.5,Chlorine: 15.3 g/100g,2.2,No,Retest recommended
AGR-83155,BT22-4499C,2024-04-13,Maha,Eastern Province,Eastern Agrochem Depot,TSP (Triple Super Phosphate),India,"Vegetables, Root Crops",Basal Application,2.0,142.19,284.38,100,0.0,46.6,0.22,Calcium: 24.6 g/100g,1.0,Yes,
AGR-48308,AG23-6470C,2022-10-20,Off-Season,Southern Province,Anuradhapura Agro Mart,NPK 15-15-15,Sri Lanka,"General Crops, Horticulture",Broadcast / Foliar,1.0,288.36,288.36,100,14.86,15.0,14.5,Sulfur: 0.91 % | Boron: 24.2 g/100g,1.5,No,
AGR-98417,AG23-5383A,2023-10-25,Maha,Sabaragamuwa Province,Browns Agricultural Products,NPK 15-15-15,Sri Lanka,"General Crops, Horticulture",Broadcast / Foliar,25.0,222.69,5567.25,100,15.0,14.6,15.5,Sulfur: 15.7 g/100g | Boron: 25.3 g/100g,1.1,Yes,
AGR-21835,MF22-7331,2023-02-28,Off-Season,Central Province,Eastern Agrochem Depot,TSP (Triple Super Phosphate),India,"Vegetables, Root Crops",Basal Application,500.0,180.0,90000.0,100,0.0,45.9,0.0,Calcium: 2.35 %,4.1,Yes,
AGR-62579,MF24-5079B,2024-11-14,Yala,Sabaragamuwa Province,Anuradhapura Agro Mart,Urea,Sri Lanka,"Paddy, Maize, Vegetables",Broadcast / Soil Incorporation,10.0,129.03,1290.3,100,46.79,0.0,0.0,Not Detected,2.8,Yes,
AGR-57172,BT22-5247,2022-01-14,Off-Season,Sabaragamuwa Province,Anuradhapura Agro Mart,NPK 12-12-17,Germany,"Horticulture, Fruit Crops",Broadcast,100.0,273.43,27343.0,100,11.5,12.2,16.3,Magnesium: 0.91 % | Boron: 1.07 %,2.0,Yes,Slight clumping observed
AGR-31924,LT24-5814B,2023-09-06,Off-Season,Central Province,Lankem Ceylon PLC,TSP (Triple Super Phosphate),India,"Vegetables, Root Crops",Basal Application,1000.5,180.59,180680.3,100,0.0,45.5,0.0,Calcium: 19.3 g/100g,3.9,No,Slight clumping observed
AGR-14502,CR23-3810B,2022-01-23,Maha,Sabaragamuwa Province,Galle Agrochemical Stores,Eppawala Rock Phosphate (ERP),Sri Lanka,"Tea, Rubber, Coconut",Basal Application,2.0,44.37,88.74,100,0.21,28.6,0.12,Calcium: 1.14 %,4.3,Yes,Slight clumping observed
AGR-81277,LT24-5940C,2023-12-13,Yala,Southern Province,Eastern Agrochem Depot,MOP (Muriate of Potash),Canada,"Paddy, Banana, Tea",Top Dressing,5.0,215.34,1076.7,100,0.0,0.0,60.9,Chlorine: 22.4 g/kg,2.5,Yes,
AGR-32764,MF24-8887,2023-01-22,Maha,Uva Province,Eastern Agrochem Depot,Dolomite,Sri Lanka,"Tea, Vegetables, Acidic Soils",Soil Amendment,25.0,53.75,1343.75,100,0.0,0.04,0.0,Calcium: 1.45 % | Magnesium: 21.1 g/100g,1.1,Yes,Slight clumping observed
AGR-85160,MF24-7612C,2022-09-14,Yala,North Western Province,Agromart Ltd,Urea,Sri Lanka,"Paddy, Maize, Vegetables",Broadcast / Soil Incorporation,1.0,100.98,100.98,100,46.6,0.19,0.0,Not Detected,0.7,No,Expired stock — discounted
AGR-85553,CR23-2414,2024-04-01,Off-Season,North Central Province,CIC Agri Businesses,NPK 15-15-15,Sri Lanka,"General Crops, Horticulture",Broadcast / Foliar,24.0,275.0,6600.0,100,14.3,15.3,14.32,Sulfur: 27.1 g/100g | Boron: 26.0 g/100g,0.5,Yes,
AGR-20450,MF24-3657C,2023-01-22,Maha,North Western Province,CIC Agri Businesses,TSP (Triple Super Phosphate),India,"Vegetables, Root Crops",Basal Application,1000.0,189.96,189960.0,100,0.0,46.0,0.0,Calcium: 2.47 %,0.5,No,Expired stock — discounted
AGR-79200,BT24-5857B,2024-11-15,Yala,North Central Province,Jaffna Fertilizer Depot,Ammonium Sulfate (SOA),China,"Tea, Vegetables",Top Dressing,1002.0,131.31,131572.62,100,21.2,0.0,0.0,Sulfur: 2.45 %,3.5,Yes,
AGR-91267,CR23-1140C,2024-04-15,Maha,Uva Province,Galle Agrochemical Stores,MOP (Muriate of Potash),Canada,"Paddy, Banana, Tea",Top Dressing,1.0,199.46,199.46,100,0.0,0.06,61.2,Chlorine: 1.24 %,1.1,Yes,
AGR-60619,LT22-2565C,2023-08-27,Maha,Uva Province,Pettah Agro Traders,NPK 15-15-15,Sri Lanka,"General Crops, Horticulture",Broadcast / Foliar,501.0,273.06,136803.06,100,15.5,14.8,14.4,Sulfur: 26.0 g/kg | Boron: 0.87 %,1.6,No,
AGR-86471,CR23-9315,2024-06-13,Maha,Southern Province,Abans Agri Supplies,Ammonium Sulfate (SOA),China,"Tea, Vegetables",Top Dressing,500.0,127.86,63930.0,100,20.0,0.0,0.0,Sulfur: 1.81 %,2.1,No,Local production batch
AGR-31646,AG23-7487B,2023-08-14,Yala,Sabaragamuwa Province,Jaffna Fertilizer Depot,NPK 15-15-15,Sri Lanka,"General Crops, Horticulture",Broadcast / Foliar,1.0,235.0,235.0,100,14.6,14.5,14.5,Sulfur: 24.2 g/kg | Boron: 21.4 g/100g,4.3,Yes,
AGR-99676,CR24-4247A,2023-03-15,Yala,Sabaragamuwa Province,Matara Farm Solutions,NPK 15-15-15,Sri Lanka,"General Crops, Horticulture",Broadcast / Foliar,0.5,228.33,114.17,100,14.45,14.3,15.1,Sulfur: 1.57 % | Boron: 2.26 %,1.7,Yes,Sample from bulk storage
AGR-40411,AG23-8119B,2024-11-03,Maha,Central Province,Lankem Ceylon PLC,NPK 15-15-15,Sri Lanka,"General Crops, Horticulture",Broadcast / Foliar,2.0,230.0,460.0,100,14.5,15.3,15.42,Sulfur: 1.14 % | Boron: 19.6 g/100g,0.9,Yes,Sample from bulk storage
AGR-15028,CR23-6560B,2023-07-26,Off-Season,Western Province,Lankem Ceylon PLC,Compost / Organic,Sri Lanka,"All Crops, Soil Health",Incorporation,1.0,26.11,26.11,100,1.4,1.0,1.5,Organic Carbon: 27.0 g/kg | Humus: 2.7 %,2.6,No,Sample from bulk storage
AGR-14327,BT22-6452,2023-11-20,Yala,Eastern Province,CIC Agri Businesses,MOP (Muriate of Potash),Canada,"Paddy, Banana, Tea",Top Dressing,10.0,199.51,1995.1,100,0.07,0.0,58.1,Chlorine: 13.1 g/kg,0.9,Yes,Imported directly
AGR-23399,LT24-2389A,2024-08-28,Off-Season,Uva Province,Anuradhapura Agro Mart,NPK 12-12-17,Germany,"Horticulture, Fruit Crops",Broadcast,10.0,262.39,2623.9,100,12.1,11.4,17.2,Magnesium: 15.0 g/100g | Boron: 12.7 g/kg,4.0,Yes,
AGR-18202,LT22-7243C,2022-01-11,Off-Season,Eastern Province,Hayleys Agriculture Holdings,Compost / Organic,Sri Lanka,"All Crops, Soil Health",Incorporation,8.0,22.0,176.0,100,1.5,0.9,1.4,Organic Carbon: 1.05 % | Humus: 2.21 %,3.7,Yes,
AGR-89724,AG22-7933,2024-10-05,Off-Season,Uva Province,Pettah Agro Traders,TSP (Triple Super Phosphate),India,"Vegetables, Root Crops",Basal Application,10.0,165.17,1651.7,100,0.0,46.5,0.08,Calcium: 14.0 g/kg,3.9,No,Sample from bulk storage
AGR-54045,MF24-2998C,2023-09-22,Off-Season,North Western Province,Abans Agri Supplies,Dolomite,Sri Lanka,"Tea, Vegetables, Acidic Soils",Soil Amendment,2.0,51.64,103.28,100,0.04,0.0,0.08,Calcium: 23.2 g/kg | Magnesium: 18.5 g/100g,0.8,Yes,Local production batch
AGR-80388,MF23-1164C,2022-02-15,Maha,Eastern Province,Agromart Ltd,TSP (Triple Super Phosphate),India,"Vegetables, Root Crops",Basal Application,101.0,190.0,19190.0,100,0.03,46.84,0.25,Calcium: 8.2 g/kg,3.5,Yes,
AGR-66564,AG24-1721B,2024-05-31,Maha,Western Province,Browns Agricultural Products,Ammonium Sulfate (SOA),China,"Tea, Vegetables",Top Dressing,4.0,110.02,440.08,100,20.3,0.0,0.1,Sulfur: 25.3 g/kg,3.4,Yes,
AGR-97830,BT22-2496A,2024-05-29,Maha,Western Province,Pettah Agro Traders,Ammonium Sulfate (SOA),China,"Tea, Vegetables",Top Dressing,2.0,121.33,242.66,100,21.5,0.0,0.07,Sulfur: 23.1 g/100g,2.4,Yes,Sample from bulk storage
AGR-25874,MF24-2200,2023-02-07,Yala,North Western Province,Galle Agrochemical Stores,Ammonium Sulfate (SOA),China,"Tea, Vegetables",Top Dressing,5.0,128.23,641.15,100,20.4,0.0,0.0,Sulfur: 16.6 g/kg,4.4,No,
AGR-32704,CR22-9335A,2024-05-11,Maha,Eastern Province,Browns Agricultural Products,NPK 15-15-15,Sri Lanka,"General Crops, Horticulture",Broadcast / Foliar,10.0,283.91,2839.1,100,15.55,15.4,14.9,Sulfur: 13.4 g/kg | Boron: 16.6 g/100g,1.0,No,
AGR-82707,LT23-2593A,2023-05-23,Yala,Eastern Province,Pettah Agro Traders,Compost / Organic,Sri Lanka,"All Crops, Soil Health",Incorporation,100.0,34.79,3479.0,100,1.6,0.9,1.59,Organic Carbon: 0.93 % | Humus: 18.7 g/100g,3.6,Yes,
AGR-86200,MF22-4348B,2022-07-18,Yala,Southern Province,Pettah Agro Traders,Dolomite,Sri Lanka,"Tea, Vegetables, Acidic Soils",Soil Amendment,50.0,59.94,2997.0,100,0.0,0.0,0.0,Calcium: 6.1 g/kg | Magnesium: 22.4 g/100g,3.0,Yes,Imported directly
AGR-29892,AG22-7788A,2024-05-19,Off-Season,North Western Province,Anuradhapura Agro Mart,Dolomite,Sri Lanka,"Tea, Vegetables, Acidic Soils",Soil Amendment,2.0,66.55,133.1,100,0.0,0.03,0.02,Calcium: 27.3 g/100g | Magnesium: 1.01 %,4.0,Yes,Opened bag — partial quantity
AGR-26780,CR24-7099B,2023-08-03,Yala,Sabaragamuwa Province,Anuradhapura Agro Mart,Ammonium Sulfate (SOA),China,"Tea, Vegetables",Top Dressing,5.0,148.47,742.35,100,20.1,0.22,0.0,Sulfur: 10.2 g/kg,0.6,No,
AGR-18600,BT24-4480,2023-05-10,Yala,North Central Province,Abans Agri Supplies,MOP (Muriate of Potash),Canada,"Paddy, Banana, Tea",Top Dressing,201.5,195.0,39292.5,100,0.13,0.21,60.45,Chlorine: 2.53 %,3.2,Yes,Imported directly
AGR-79974,MF22-9755,2024-07-08,Yala,Western Province,Matara Farm Solutions,Dolomite,Sri Lanka,"Tea, Vegetables, Acidic Soils",Soil Amendment,100.0,58.24,5824.0,100,0.0,0.0,0.0,Calcium: 1.51 % | Magnesium: 2.02 %,3.6,Yes,
AGR-69963,MF22-2770B,2023-11-28,Maha,Southern Province,Agromart Ltd,Ammonium Sulfate (SOA),China,"Tea, Vegetables",Top Dressing,100.0,133.57,13357.0,100,21.0,0.0,0.03,Sulfur: 20.9 g/kg,3.5,Yes,
AGR-28565,MF23-5024,2022-10-18,Maha,Uva Province,Abans Agri Supplies,Compost / Organic,Sri Lanka,"All Crops, Soil Health",Incorporation,1000.0,25.0,25000.0,100,1.6,1.0,1.6,Organic Carbon: 19.8 g/kg | Humus: 2.62 %,1.0,No,
AGR-49274,AG23-3189B,2022-06-06,Off-Season,Southern Province,Pettah Agro Traders,NPK 12-12-17,Germany,"Horticulture, Fruit Crops",Broadcast,200.0,292.14,58428.0,100,11.61,12.2,16.8,Magnesium: 2.07 % | Boron: 6.7 g/100g,2.3,Yes,Imported directly
AGR-83648,CR22-2147B,2023-05-16,Off-Season,Central Province,Pettah Agro Traders,Dolomite,Sri Lanka,"Tea, Vegetables, Acidic Soils",Soil Amendment,201.5,47.91,9653.86,100,0.05,0.0,0.0,Calcium: 10.7 g/kg | Magnesium: 2.76 %,1.8,No,
AGR-22632,BT23-9606C,2024-05-13,Yala,Uva Province,CIC Agri Businesses,TSP (Triple Super Phosphate),India,"Vegetables, Root Crops",Basal Application,5.0,145.72,728.6,100,0.0,46.31,0.0,Calcium: 16.3 g/kg,3.8,Yes,
AGR-83579,BT22-4700,2023-07-09,Off-Season,Eastern Province,Abans Agri Supplies,NPK 15-15-15,Sri Lanka,"General Crops, Horticulture",Broadcast / Foliar,1000.0,272.29,272290.0,100,15.1,15.34,15.5,Sulfur: 2.46 % | Boron: 1.08 %,4.0,Yes,Local production batch
AGR-75923,LT22-1083A,2022-02-18,Yala,Central Province,Colombo Pesticide Warehouse,NPK 15-15-15,Sri Lanka,"General Crops, Horticulture",Broadcast / Foliar,2.5,245.0,612.5,100,15.2,15.1,14.7,Sulfur: 26.0 g/kg | Boron: 0.79 %,4.1,Yes,Slight clumping observed
AGR-69141,CR23-2374A,2023-12-21,Maha,North Central Province,Abans Agri Supplies,Urea,Sri Lanka,"Paddy, Maize, Vegetables",Broadcast / Soil Incorporation,1000.0,106.25,106250.0,100,46.8,0.0,0.15,Not Detected,0.7,No,
AGR-66999,AG24-6050A,2022-10-18,Yala,Western Province,Pettah Agro Traders,TSP (Triple Super Phosphate),India,"Vegetables, Root Crops",Basal Application,500.0,175.0,87500.0,100,0.0,46.9,0.19,Calcium: 12.3 g/kg,3.6,Yes,Retest recommended
AGR-99310,CR23-9867B,2022-04-13,Yala,Eastern Province,Hayleys Agriculture Holdings,NPK 15-15-15,Sri Lanka,"General Crops, Horticulture",Broadcast / Foliar,1000.5,247.63,247753.82,100,15.5,15.5,15.4,Sulfur: 1.52 % | Boron: 26.4 g/kg,3.3,Yes,
AGR-11760,BT23-2699B,2022-10-08,Maha,Sabaragamuwa Province,Kurunegala Agri Centre,Ammonium Sulfate (SOA),China,"Tea, Vegetables",Top Dressing,25.0,150.0,3750.0,100,21.0,0.0,0.22,Sulfur: 1.33 %,0.6,Yes,
AGR-66612,AG23-1937C,2023-09-12,Maha,North Central Province,Pettah Agro Traders,Urea,Sri Lanka,"Paddy, Maize, Vegetables",Broadcast / Soil Incorporation,202.0,97.44,19682.88,100,46.7,0.0,0.0,Not Detected,3.2,No,Retest recommended
AGR-39075,LT23-2234B,2022-07-10,Off-Season,Southern Province,Jaffna Fertilizer Depot,Urea,Sri Lanka,"Paddy, Maize, Vegetables",Broadcast / Soil Incorporation,50.0,114.89,5744.5,100,46.2,0.0,0.0,Not Detected,3.8,Yes,Local production batch
AGR-47733,MF22-4009C,2024-06-23,Off-Season,Uva Province,Browns Agricultural Products,Urea,Sri Lanka,"Paddy, Maize, Vegetables",Broadcast / Soil Incorporation,13.0,109.87,1428.31,100,45.8,0.0,0.23,Not Detected,0.9,No,
AGR-56626,BT24-6686,2024-12-11,Off-Season,North Central Province,Matara Farm Solutions,NPK 15-15-15,Sri Lanka,"General Crops, Horticulture",Broadcast / Foliar,11.5,226.35,2603.03,100,15.5,14.5,14.52,Sulfur: 0.66 % | Boron: 11.8 g/100g,3.4,Yes,Local production batch
AGR-87612,BT23-3071B,2023-04-24,Off-Season,Uva Province,Kurunegala Agri Centre,Compost / Organic,Sri Lanka,"All Crops, Soil Health",Incorporation,0.5,30.54,15.27,100,1.3,1.0,1.53,Organic Carbon: 21.4 g/100g | Humus: 0.9 %,1.7,Yes,Opened bag — partial quantity
AGR-81183,AG24-2421A,2022-04-14,Maha,Uva Province,Lankem Ceylon PLC,Eppawala Rock Phosphate (ERP),Sri Lanka,"Tea, Rubber, Coconut",Basal Application,100.0,60.0,6000.0,100,0.22,26.61,0.0,Calcium: 2.28 %,1.3,Yes,Expired stock — discounted
AGR-41883,LT23-8755A,2022-08-19,Maha,Southern Province,Lankem Ceylon PLC,NPK 12-12-17,Germany,"Horticulture, Fruit Crops",Broadcast,25.0,257.87,6446.75,100,12.3,12.04,16.17,Magnesium: 1.63 % | Boron: 1.21 %,1.7,Yes,Local production batch
AGR-28986,LT24-7499,2023-11-11,Yala,Central Province,Pettah Agro Traders,Dolomite,Sri Lanka,"Tea, Vegetables, Acidic Soils",Soil Amendment,1.0,56.18,56.18,100,0.0,0.0,0.0,Calcium: 18.2 g/100g | Magnesium: 1.35 %,3.3,Yes,Opened bag — partial quantity
AGR-99239,CR24-2327B,2023-11-08,Yala,Western Province,Browns Agricultural Products,Dolomite,Sri Lanka,"Tea, Vegetables, Acidic Soils",Soil Amendment,50.5,55.0,2777.5,100,0.0,0.0,0.0,Calcium: 8.9 g/100g | Magnesium: 23.3 g/100g,0.3,No,
AGR-36414,MF23-5957A,2022-12-11,Off-Season,Northern Province,Browns Agricultural Products,MOP (Muriate of Potash),Canada,"Paddy, Banana, Tea",Top Dressing,10.0,210.0,2100.0,100,0.0,0.0,61.1,Chlorine: 2.78 %,3.9,Yes,Local production batch
AGR-48402,BT24-6714B,2023-02-17,Yala,Sabaragamuwa Province,Browns Agricultural Products,NPK 12-12-17,Germany,"Horticulture, Fruit Crops",Broadcast,1003.0,255.0,255765.0,100,11.6,11.8,17.5,Magnesium: 20.8 g/100g | Boron: 23.9 g/100g,2.3,Yes,
AGR-77483,AG24-1689A,2022-06-15,Off-Season,Uva Province,Agromart Ltd,MOP (Muriate of Potash),Canada,"Paddy, Banana, Tea",Top Dressing,2.0,162.3,324.6,100,0.0,0.0,61.0,Chlorine: 16.5 g/100g,3.3,Yes,Local production batch
AGR-88736,BT24-2434B,2023-06-06,Off-Season,North Western Province,Kandy Farm Supplies,NPK 12-12-17,Germany,"Horticulture, Fruit Crops",Broadcast,500.0,265.0,132500.0,100,12.0,11.7,16.7,Magnesium: 15.4 g/100g | Boron: 13.9 g/kg,3.6,Yes,Retest recommended
AGR-85480,CR22-2077C,2024-12-13,Maha,North Western Province,Pettah Agro Traders,NPK 15-15-15,Sri Lanka,"General Crops, Horticulture",Broadcast / Foliar,11.0,245.02,2695.22,100,14.5,14.3,15.6,Sulfur: 27.5 g/100g | Boron: 8.0 g/100g,4.3,Yes,Imported directly
AGR-81211,LT23-7313A,2023-10-29,Yala,Northern Province,Pettah Agro Traders,TSP (Triple Super Phosphate),India,"Vegetables, Root Crops",Basal Application,10.0,165.0,1650.0,100,0.22,45.1,0.0,Calcium: 2.12 %,4.1,Yes,Retest recommended
AGR-10644,AG22-1968B,2024-04-02,Maha,Central Province,Kandy Farm Supplies,Ammonium Sulfate (SOA),China,"Tea, Vegetables",Top Dressing,50.0,147.95,7397.5,100,21.4,0.0,0.0,Sulfur: 10.7 g/kg,1.0,Yes,
AGR-44885,MF22-6354,2022-07-08,Maha,Eastern Province,Matara Farm Solutions,Urea,Sri Lanka,"Paddy, Maize, Vegetables",Broadcast / Soil Incorporation,1.0,116.93,116.93,100,46.1,0.0,0.0,Not Detected,4.0,Yes,Local production batch
AGR-56551,BT24-3772,2024-01-28,Maha,Eastern Province,Kandy Farm Supplies,TSP (Triple Super Phosphate),India,"Vegetables, Root Crops",Basal Application,10.0,167.81,1678.1,100,0.0,45.4,0.11,Calcium: 7.5 g/100g,1.3,Yes,Sample from bulk storage
AGR-60716,LT24-1407,2023-04-08,Off-Season,North Central Province,Pettah Agro Traders,NPK 15-15-15,Sri Lanka,"General Crops, Horticulture",Broadcast / Foliar,25.0,273.88,6847.0,100,15.2,14.76,14.5,Sulfur: 25.7 g/kg | Boron: 6.3 g/kg,4.0,Yes,
AGR-27176,LT22-5438,2024-10-26,Yala,Northern Province,Agromart Ltd,Compost / Organic,Sri Lanka,"All Crops, Soil Health",Incorporation,25.0,30.0,750.0,100,1.3,0.9,1.4,Organic Carbon: 13.6 g/kg | Humus: 0.7 %,3.8,Yes,Local production batch
AGR-47513,MF22-6601B,2022-10-18,Yala,Uva Province,Agromart Ltd,Dolomite,Sri Lanka,"Tea, Vegetables, Acidic Soils",Soil Amendment,200.0,55.8,11160.0,100,0.0,0.18,0.0,Calcium: 25.2 g/100g | Magnesium: 2.1 %,2.7,Yes,Opened bag — partial quantity
AGR-31889,MF24-1265A,2022-12-23,Off-Season,North Central Province,Hayleys Agriculture Holdings,MOP (Muriate of Potash),Canada,"Paddy, Banana, Tea",Top Dressing,50.0,212.4,10620.0,100,0.19,0.0,57.6,Chlorine: 27.6 g/100g,3.0,Yes,Imported directly
AGR-62445,CR22-9474,2024-11-10,Yala,Western Province,Kandy Farm Supplies,Ammonium Sulfate (SOA),China,"Tea, Vegetables",Top Dressing,5.0,140.0,700.0,100,21.2,0.0,0.0,Sulfur: 1.41 %,1.3,No,
AGR-14128,AG22-9959,2024-05-11,Off-Season,Eastern Province,Pettah Agro Traders,NPK 15-15-15,Sri Lanka,"General Crops, Horticulture",Broadcast / Foliar,5.0,230.0,1150.0,100,15.2,14.97,15.3,Sulfur: 26.9 g/100g | Boron: 7.4 g/kg,2.5,Yes,Slight clumping observed
AGR-86301,AG23-2716A,2024-09-07,Maha,Sabaragamuwa Province,Matara Farm Solutions,Urea,Sri Lanka,"Paddy, Maize, Vegetables",Broadcast / Soil Incorporation,4.0,120.0,480.0,100,45.8,0.13,0.05,Not Detected,2.8,No,
AGR-82586,MF22-7051A,2024-01-19,Maha,North Western Province,Eastern Agrochem Depot,Compost / Organic,Sri Lanka,"All Crops, Soil Health",Incorporation,500.0,35.0,17500.0,100,1.47,1.0,1.6,Organic Carbon: 10.7 g/100g | Humus: 2.47 %,3.9,No,Imported directly
AGR-50579,BT23-6211B,2022-11-18,Yala,North Central Province,Hayleys Agriculture Holdings,NPK 15-15-15,Sri Lanka,"General Crops, Horticulture",Broadcast / Foliar,200.0,229.65,45930.0,100,14.7,14.7,15.4,Sulfur: 12.1 g/100g | Boron: 1.59 %,0.4,Yes,
AGR-29637,CR23-4169A,2022-11-29,Off-Season,Western Province,Colombo Pesticide Warehouse,Urea,Sri Lanka,"Paddy, Maize, Vegetables",Broadcast / Soil Incorporation,10.0,125.0,1250.0,100,46.8,0.0,0.0,Not Detected,1.1,No,Imported directly
AGR-56638,AG23-6201A,2023-10-29,Off-Season,Western Province,Eastern Agrochem Depot,MOP (Muriate of Potash),Canada,"Paddy, Banana, Tea",Top Dressing,100.0,164.21,16421.0,100,0.0,0.0,62.2,Chlorine: 18.6 g/100g,3.6,Yes,Opened bag — partial quantity
AGR-20047,LT24-8577A,2024-09-28,Maha,Sabaragamuwa Province,Matara Farm Solutions,NPK 15-15-15,Sri Lanka,"General Crops, Horticulture",Broadcast / Foliar,100.0,265.0,26500.0,100,15.3,14.4,15.4,Sulfur: 2.44 % | Boron: 6.4 g/kg,2.1,Yes,
AGR-17901,AG22-7113B,2023-10-25,Yala,Eastern Province,Abans Agri Supplies,Dolomite,Sri Lanka,"Tea, Vegetables, Acidic Soils",Soil Amendment,5.0,54.75,273.75,100,0.25,0.08,0.04,Calcium: 23.0 g/100g | Magnesium: 10.7 g/kg,2.1,No,Expired stock — discounted
AGR-58161,LT22-4332,2024-08-03,Off-Season,Northern Province,Galle Agrochemical Stores,TSP (Triple Super Phosphate),India,"Vegetables, Root Crops",Basal Application,0.5,185.0,92.5,100,0.0,46.8,0.06,Calcium: 1.48 %,3.4,Yes,Imported directly
AGR-11959,CR22-7019B,2023-06-08,Yala,Southern Province,Matara Farm Solutions,MOP (Muriate of Potash),Canada,"Paddy, Banana, Tea",Top Dressing,2.0,190.0,380.0,100,0.0,0.21,61.1,Chlorine: 1.25 %,0.6,Yes,Slight clumping observed
AGR-98350,CR22-8782B,2022-12-28,Yala,Uva Province,Hayleys Agriculture Holdings,TSP (Triple Super Phosphate),India,"Vegetables, Root Crops",Basal Application,1000.0,149.14,149140.0,100,0.0,46.2,0.0,Calcium: 0.67 %,0.8,No,
AGR-13112,CR22-6028,2024-12-06,Yala,Eastern Province,Colombo Pesticide Warehouse,TSP (Triple Super Phosphate),India,"Vegetables, Root Crops",Basal Application,1.0,146.19,146.19,100,0.0,45.4,0.0,Calcium: 23.0 g/100g,4.2,No,Slight clumping observed
AGR-92667,LT22-2886C,2024-02-24,Maha,Southern Province,Matara Farm Solutions,Eppawala Rock Phosphate (ERP),Sri Lanka,"Tea, Rubber, Coconut",Basal Application,1000.0,45.0,45000.0,100,0.0,27.3,0.0,Calcium: 12.6 g/kg,1.6,Yes,Local production batch
AGR-54711,CR22-8773C,2023-03-10,Off-Season,Uva Province,Browns Agricultural Products,Compost / Organic,Sri Lanka,"All Crops, Soil Health",Incorporation,500.0,18.63,9315.0,100,1.48,0.9,1.5,Organic Carbon: 14.4 g/kg | Humus: 12.6 g/kg,0.6,No,
AGR-63230,CR22-2539A,2024-06-19,Yala,Eastern Province,Hayleys Agriculture Holdings,Urea,Sri Lanka,"Paddy, Maize, Vegetables",Broadcast / Soil Incorporation,12.0,98.84,1186.08,100,45.6,0.11,0.2,Not Detected,3.1,Yes,
AGR-25930,AG23-2436A,2024-06-22,Off-Season,Southern Province,Abans Agri Supplies,Ammonium Sulfate (SOA),China,"Tea, Vegetables",Top Dressing,2.0,125.08,250.16,100,20.2,0.2,0.0,Sulfur: 26.7 g/kg,3.8,Yes,Retest recommended
AGR-53944,BT22-1869,2024-04-26,Maha,North Central Province,Matara Farm Solutions,Dolomite,Sri Lanka,"Tea, Vegetables, Acidic Soils",Soil Amendment,0.5,60.46,30.23,100,0.0,0.1,0.21,Calcium: 11.7 g/kg | Magnesium: 15.1 g/kg,1.0,Yes,
AGR-28351,LT24-1907,2022-05-01,Off-Season,Sabaragamuwa Province,Anuradhapura Agro Mart,NPK 15-15-15,Sri Lanka,"General Crops, Horticulture",Broadcast / Foliar,2.5,277.39,693.47,100,15.0,15.2,14.5,Sulfur: 15.6 g/kg | Boron: 20.6 g/100g,1.8,Yes,Expired stock — discounted
AGR-83519,MF22-4415A,2022-01-26,Yala,North Central Province,Galle Agrochemical Stores,Ammonium Sulfate (SOA),China,"Tea, Vegetables",Top Dressing,5.0,111.48,557.4,100,20.76,0.0,0.0,Sulfur: 2.36 %,1.9,No,Opened bag — partial quantity
AGR-70573,BT23-4889C,2023-04-08,Off-Season,Central Province,Hayleys Agriculture Holdings,Dolomite,Sri Lanka,"Tea, Vegetables, Acidic Soils",Soil Amendment,2.0,52.76,105.52,100,0.24,0.0,0.05,Calcium: 1.27 % | Magnesium: 0.61 %,4.1,Yes,Opened bag — partial quantity
AGR-58599,AG23-1502B,2022-06-13,Off-Season,Southern Province,Eastern Agrochem Depot,Urea,Sri Lanka,"Paddy, Maize, Vegetables",Broadcast / Soil Incorporation,25.0,95.0,2375.0,100,45.9,0.0,0.0,Not Detected,3.8,Yes,
AGR-37483,LT22-2068C,2024-01-02,Maha,Uva Province,Jaffna Fertilizer Depot,Urea,Sri Lanka,"Paddy, Maize, Vegetables",Broadcast / Soil Incorporation,51.5,104.57,5385.35,100,46.2,0.18,0.0,Not Detected,3.7,No,
AGR-88592,LT24-1745,2022-11-25,Off-Season,Central Province,Galle Agrochemical Stores,TSP (Triple Super Phosphate),India,"Vegetables, Root Crops",Basal Application,200.0,160.0,32000.0,100,0.0,45.3,0.0,Calcium: 25.2 g/100g,4.0,Yes,
AGR-88976,AG22-7165C,2022-05-28,Off-Season,Central Province,Browns Agricultural Products,Ammonium Sulfate (SOA),China,"Tea, Vegetables",Top Dressing,2.5,146.04,365.1,100,21.2,0.16,0.03,Sulfur: 6.9 g/100g,1.0,Yes,Sample from bulk storage
AGR-46983,AG24-3075C,2024-02-03,Off-Season,Northern Province,Hayleys Agriculture Holdings,Dolomite,Sri Lanka,"Tea, Vegetables, Acidic Soils",Soil Amendment,100.0,70.0,7000.0,100,0.13,0.25,0.0,Calcium: 14.8 g/kg | Magnesium: 15.3 g/kg,1.2,Yes,
AGR-28706,CR23-1687,2024-12-08,Maha,North Western Province,Hayleys Agriculture Holdings,Eppawala Rock Phosphate (ERP),Sri Lanka,"Tea, Rubber, Coconut",Basal Application,200.5,30.12,6039.06,100,0.0,26.6,0.21,Calcium: 1.03 %,2.8,Yes,Opened bag — partial quantity
AGR-43806,AG24-3147C,2024-02-17,Yala,Central Province,Galle Agrochemical Stores,TSP (Triple Super Phosphate),India,"Vegetables, Root Crops",Basal Application,53.0,200.0,10600.0,100,0.0,45.6,0.0,Calcium: 20.2 g/kg,3.4,Yes,Imported directly
AGR-81648,MF24-9955A,2023-04-26,Maha,Northern Province,Galle Agrochemical Stores,TSP (Triple Super Phosphate),India,"Vegetables, Root Crops",Basal Application,500.0,184.74,92370.0,100,0.0,45.9,0.0,Calcium: 8.2 g/kg,1.0,Yes,Imported directly
AGR-78143,AG24-1035,2022-07-16,Yala,North Central Province,Galle Agrochemical Stores,TSP (Triple Super Phosphate),India,"Vegetables, Root Crops",Basal Application,1000.0,185.0,185000.0,100,0.0,45.1,0.16,Calcium: 8.2 g/kg,0.3,Yes,Expired stock — discounted
AGR-35337,AG24-7561B,2023-01-09,Maha,Uva Province,Anuradhapura Agro Mart,Compost / Organic,Sri Lanka,"All Crops, Soil Health",Incorporation,100.0,35.0,3500.0,100,1.4,0.9,1.0,Organic Carbon: 16.6 g/kg | Humus: 8.2 g/100g,1.2,Yes,Imported directly
AGR-48905,BT22-2292B,2023-06-02,Maha,Sabaragamuwa Province,Matara Farm Solutions,TSP (Triple Super Phosphate),India,"Vegetables, Root Crops",Basal Application,25.0,190.0,4750.0,100,0.0,46.8,0.18,Calcium: 1.46 %,0.6,Yes,
AGR-62312,MF22-8413B,2023-03-26,Yala,Southern Province,Browns Agricultural Products,Eppawala Rock Phosphate (ERP),Sri Lanka,"Tea, Rubber, Coconut",Basal Application,201.5,58.29,11745.43,100,0.0,28.56,0.0,Calcium: 21.9 g/kg,3.8,Yes,Retest recommended
AGR-40633,CR22-2063B,2024-03-31,Maha,North Central Province,Kandy Farm Supplies,TSP (Triple Super Phosphate),India,"Vegetables, Root Crops",Basal Application,50.0,195.0,9750.0,100,0.0,46.9,0.0,Calcium: 7.4 g/kg,0.7,No,Imported directly
AGR-60533,LT22-2436B,2024-08-19,Yala,North Western Province,Kurunegala Agri Centre,NPK 12-12-17,Germany,"Horticulture, Fruit Crops",Broadcast,50.0,286.09,14304.5,100,12.0,12.3,17.1,Magnesium: 11.4 g/100g | Boron: 9.9 g/100g,4.2,No,Imported directly
AGR-42187,LT22-8798,2022-08-16,Maha,North Central Province,CIC Agri Businesses,MOP (Muriate of Potash),Canada,"Paddy, Banana, Tea",Top Dressing,50.0,185.0,9250.0,100,0.0,0.0,57.83,Chlorine: 11.3 g/100g,3.5,Yes,
AGR-54995,AG24-6170B,2023-02-10,Yala,Western Province,Agromart Ltd,Ammonium Sulfate (SOA),China,"Tea, Vegetables",Top Dressing,2.5,149.04,372.6,100,20.4,0.0,0.0,Sulfur: 6.7 g/kg,1.9,Yes,
AGR-16612,CR23-6505,2022-04-24,Yala,Central Province,CIC Agri Businesses,NPK 15-15-15,Sri Lanka,"General Crops, Horticulture",Broadcast / Foliar,1000.0,242.02,242020.0,100,15.0,15.0,14.43,Sulfur: 1.48 % | Boron: 25.8 g/100g,2.9,Yes,Local production batch
AGR-75456,BT22-5870,2024-03-01,Maha,Northern Province,Matara Farm Solutions,NPK 12-12-17,Germany,"Horticulture, Fruit Crops",Broadcast,201.0,252.98,50848.98,100,12.08,11.4,17.2,Magnesium: 2.76 % | Boron: 9.8 g/kg,4.1,Yes,Sample from bulk storage
AGR-97096,CR23-6049B,2024-01-26,Off-Season,Sabaragamuwa Province,Hayleys Agriculture Holdings,Dolomite,Sri Lanka,"Tea, Vegetables, Acidic Soils",Soil Amendment,998.0,52.32,52215.36,100,0.16,0.0,0.0,Calcium: 21.4 g/kg | Magnesium: 2.36 %,2.5,No,Local production batch
AGR-27386,AG22-5729C,2022-02-20,Off-Season,Northern Province,Anuradhapura Agro Mart,Dolomite,Sri Lanka,"Tea, Vegetables, Acidic Soils",Soil Amendment,2.0,61.78,123.56,100,0.0,0.25,0.24,Calcium: 0.73 % | Magnesium: 25.7 g/kg,3.0,Yes,
AGR-22752,BT23-6561C,2024-10-24,Maha,Central Province,CIC Agri Businesses,Compost / Organic,Sri Lanka,"All Crops, Soil Health",Incorporation,100.5,21.93,2203.97,100,1.6,0.9,1.3,Organic Carbon: 20.9 g/kg | Humus: 2.29 %,4.1,Yes,Expired stock — discounted
AGR-25580,AG23-3920B,2023-09-16,Yala,Western Province,Eastern Agrochem Depot,NPK 15-15-15,Sri Lanka,"General Crops, Horticulture",Broadcast / Foliar,200.0,255.0,51000.0,100,14.5,15.0,14.3,Sulfur: 13.1 g/kg | Boron: 20.4 g/kg,0.5,No,Sample from bulk storage
AGR-43632,AG24-8142,2023-02-22,Off-Season,North Western Province,CIC Agri Businesses,MOP (Muriate of Potash),Canada,"Paddy, Banana, Tea",Top Dressing,52.0,175.0,9100.0,100,0.0,0.1,61.1,Chlorine: 20.3 g/100g,1.7,Yes,Slight clumping observed
AGR-81619,MF22-6359B,2022-02-12,Off-Season,Sabaragamuwa Province,Lankem Ceylon PLC,NPK 15-15-15,Sri Lanka,"General Crops, Horticulture",Broadcast / Foliar,200.0,257.92,51584.0,100,14.8,14.9,14.4,Sulfur: 7.0 g/kg | Boron: 1.0 %,1.8,Yes,
AGR-43937,CR23-8853A,2024-10-07,Maha,Eastern Province,Eastern Agrochem Depot,NPK 12-12-17,Germany,"Horticulture, Fruit Crops",Broadcast,1001.5,266.8,267200.2,100,12.0,11.7,16.8,Magnesium: 7.3 g/100g | Boron: 1.39 %,0.5,Yes,
AGR-74731,AG22-6205,2022-05-06,Maha,Northern Province,Abans Agri Supplies,Dolomite,Sri Lanka,"Tea, Vegetables, Acidic Soils",Soil Amendment,5.0,70.0,350.0,100,0.21,0.0,0.0,Calcium: 10.6 g/100g | Magnesium: 1.07 %,3.2,Yes,Local production batch
AGR-69432,MF22-6614A,2022-01-07,Off-Season,Western Province,Kurunegala Agri Centre,Ammonium Sulfate (SOA),China,"Tea, Vegetables",Top Dressing,2.0,125.22,250.44,100,20.0,0.0,0.16,Sulfur: 14.7 g/100g,1.1,Yes,
AGR-54051,AG23-2554A,2024-10-24,Yala,Sabaragamuwa Province,Colombo Pesticide Warehouse,NPK 15-15-15,Sri Lanka,"General Crops, Horticulture",Broadcast / Foliar,25.0,259.17,6479.25,100,14.5,15.08,14.8,Sulfur: 7.2 g/100g | Boron: 11.6 g/100g,4.5,Yes,Retest recommended
AGR-59375,CR24-2212A,2023-07-19,Yala,Eastern Province,Pettah Agro Traders,Compost / Organic,Sri Lanka,"All Crops, Soil Health",Incorporation,200.5,30.0,6015.0,100,1.6,1.0,1.4,Organic Carbon: 22.0 g/100g | Humus: 27.2 g/kg,1.8,No,
AGR-56196,MF23-2643C,2023-09-23,Off-Season,North Western Province,Kurunegala Agri Centre,NPK 12-12-17,Germany,"Horticulture, Fruit Crops",Broadcast,200.0,278.34,55668.0,100,11.5,11.9,17.2,Magnesium: 14.7 g/kg | Boron: 14.3 g/kg,1.8,Yes,Local production batch
AGR-21145,CR22-9098,2022-03-08,Off-Season,Southern Province,Kandy Farm Supplies,MOP (Muriate of Potash),Canada,"Paddy, Banana, Tea",Top Dressing,200.0,200.0,40000.0,100,0.23,0.0,57.25,Chlorine: 10.1 g/100g,3.2,No,Opened bag — partial quantity
AGR-90303,AG22-1222A,2022-11-16,Off-Season,Uva Province,Eastern Agrochem Depot,MOP (Muriate of Potash),Canada,"Paddy, Banana, Tea",Top Dressing,24.0,201.86,4844.64,100,0.0,0.0,57.1,Chlorine: 25.4 g/100g,1.2,No,
AGR-10041,MF23-6852A,2023-08-27,Off-Season,Western Province,Jaffna Fertilizer Depot,Eppawala Rock Phosphate (ERP),Sri Lanka,"Tea, Rubber, Coconut",Basal Application,500.0,36.24,18120.0,100,0.04,28.3,0.2,Calcium: 10.4 g/100g,3.4,Yes,
AGR-42812,CR23-7480A,2024-04-14,Maha,North Western Province,Jaffna Fertilizer Depot,Urea,Sri Lanka,"Paddy, Maize, Vegetables",Broadcast / Soil Incorporation,500.0,100.0,50000.0,100,45.4,0.23,0.0,Not Detected,0.5,No,
AGR-10086,BT24-8056C,2024-07-14,Maha,Uva Province,Eastern Agrochem Depot,Ammonium Sulfate (SOA),China,"Tea, Vegetables",Top Dressing,25.0,113.75,2843.75,100,20.0,0.0,0.09,Sulfur: 1.99 %,4.5,No,Imported directly
AGR-41645,BT22-9286A,2024-07-17,Yala,Western Province,Galle Agrochemical Stores,Ammonium Sulfate (SOA),China,"Tea, Vegetables",Top Dressing,1000.0,148.04,148040.0,100,20.0,0.0,0.19,Sulfur: 19.3 g/100g,2.2,Yes,Slight clumping observed
AGR-27182,LT22-5603C,2023-11-08,Yala,Southern Province,Jaffna Fertilizer Depot,TSP (Triple Super Phosphate),India,"Vegetables, Root Crops",Basal Application,25.0,155.12,3878.0,100,0.0,46.0,0.0,Calcium: 22.3 g/kg,2.2,Yes,
AGR-11995,CR23-9754A,2024-02-03,Off-Season,Central Province,Pettah Agro Traders,Eppawala Rock Phosphate (ERP),Sri Lanka,"Tea, Rubber, Coconut",Basal Application,200.0,39.6,7920.0,100,0.0,28.5,0.0,Calcium: 7.7 g/100g,2.2,Yes,Sample from bulk storage
AGR-53826,MF24-7386C,2022-08-16,Maha,Western Province,Hayleys Agriculture Holdings,Compost / Organic,Sri Lanka,"All Crops, Soil Health",Incorporation,200.0,30.0,6000.0,100,1.6,0.9,1.58,Organic Carbon: 0.93 % | Humus: 13.0 g/100g,1.3,Yes,Sample from bulk storage
AGR-91466,MF22-1440A,2023-11-29,Yala,Western Province,Eastern Agrochem Depot,TSP (Triple Super Phosphate),India,"Vegetables, Root Crops",Basal Application,3.0,170.83,512.49,100,0.1,46.1,0.21,Calcium: 24.5 g/100g,3.8,Yes,Slight clumping observed
AGR-54281,LT24-4424,2022-02-02,Maha,Central Province,Agromart Ltd,NPK 15-15-15,Sri Lanka,"General Crops, Horticulture",Broadcast / Foliar,10.0,285.0,2850.0,100,14.35,15.2,14.9,Sulfur: 16.7 g/100g | Boron: 27.0 g/100g,4.4,Yes,
AGR-63175,AG24-9846C,2023-08-03,Maha,Southern Province,Eastern Agrochem Depot,Eppawala Rock Phosphate (ERP),Sri Lanka,"Tea, Rubber, Coconut",Basal Application,5.0,60.0,300.0,100,0.0,28.8,0.0,Calcium: 8.0 g/100g,4.4,Yes,Slight clumping observed
AGR-71314,MF22-5465,2023-12-02,Off-Season,Sabaragamuwa Province,Browns Agricultural Products,NPK 12-12-17,Germany,"Horticulture, Fruit Crops",Broadcast,103.0,266.17,27415.51,100,11.9,11.8,17.3,Magnesium: 1.76 % | Boron: 11.7 g/100g,4.1,Yes,
AGR-75933,CR22-6058B,2024-10-10,Maha,Eastern Province,Browns Agricultural Products,Dolomite,Sri Lanka,"Tea, Vegetables, Acidic Soils",Soil Amendment,2.0,56.96,113.92,100,0.22,0.0,0.0,Calcium: 10.6 g/100g | Magnesium: 1.37 %,3.6,Yes,Retest recommended
AGR-26253,CR23-4106C,2024-02-03,Off-Season,Southern Province,Kurunegala Agri Centre,Compost / Organic,Sri Lanka,"All Crops, Soil Health",Incorporation,2.0,25.16,50.32,100,1.4,1.0,1.5,Organic Carbon: 21.3 g/kg | Humus: 1.25 %,0.6,Yes,Slight clumping observed
AGR-45249,LT24-2556,2022-10-23,Off-Season,Western Province,Hayleys Agriculture Holdings,Compost / Organic,Sri Lanka,"All Crops, Soil Health",Incorporation,6.0,33.37,200.22,100,1.5,0.9,1.6,Organic Carbon: 14.4 g/kg | Humus: 2.2 %,2.5,No,Retest recommended
AGR-37237,LT23-1367B,2022-07-17,Off-Season,Eastern Province,Kandy Farm Supplies,NPK 15-15-15,Sri Lanka,"General Crops, Horticulture",Broadcast / Foliar,100.0,220.0,22000.0,100,14.5,15.0,14.8,Sulfur: 19.9 g/100g | Boron: 23.3 g/kg,0.9,Yes,
AGR-65551,MF22-6389A,2024-06-08,Yala,Southern Province,Pettah Agro Traders,Ammonium Sulfate (SOA),China,"Tea, Vegetables",Top Dressing,50.0,111.72,5586.0,100,20.6,0.19,0.0,Sulfur: 15.7 g/kg,1.6,No,
AGR-43201,BT24-8175,2023-10-08,Maha,Western Province,Agromart Ltd,Dolomite,Sri Lanka,"Tea, Vegetables, Acidic Soils",Soil Amendment,1000.0,56.05,56050.0,100,0.0,0.0,0.0,Calcium: 18.9 g/100g | Magnesium: 22.7 g/kg,1.8,Yes,Retest recommended
AGR-17850,CR23-2142,2022-11-02,Yala,Sabaragamuwa Province,Jaffna Fertilizer Depot,Ammonium Sulfate (SOA),China,"Tea, Vegetables",Top Dressing,1003.0,115.0,115345.0,100,21.6,0.0,0.0,Sulfur: 10.2 g/kg,1.3,Yes,
AGR-29992,MF24-8581B,2023-02-28,Yala,Central Province,Kurunegala Agri Centre,MOP (Muriate of Potash),Canada,"Paddy, Banana, Tea",Top Dressing,500.0,227.16,113580.0,100,0.22,0.0,57.1,Chlorine: 10.0 g/kg,1.2,No,Slight clumping observed
AGR-35085,MF24-3662A,2024-11-15,Yala,Southern Province,Anuradhapura Agro Mart,Compost / Organic,Sri Lanka,"All Crops, Soil Health",Incorporation,200.0,39.69,7938.0,100,1.5,1.0,1.4,Organic Carbon: 16.7 g/kg | Humus: 26.3 g/kg,3.6,Yes,
AGR-94232,AG24-7522C,2022-12-16,Maha,Uva Province,Kandy Farm Supplies,Ammonium Sulfate (SOA),China,"Tea, Vegetables",Top Dressing,9.0,127.03,1143.27,100,20.8,0.06,0.0,Sulfur: 22.5 g/100g,3.9,Yes,
AGR-75704,CR23-3894B,2024-07-22,Off-Season,Eastern Province,Agromart Ltd,TSP (Triple Super Phosphate),India,"Vegetables, Root Crops",Basal Application,103.0,164.4,16933.2,100,0.0,46.9,0.0,Calcium: 25.3 g/100g,4.0,Yes,Retest recommended
AGR-53745,AG22-4035,2024-03-07,Off-Season,North Western Province,Abans Agri Supplies,Ammonium Sulfate (SOA),China,"Tea, Vegetables",Top Dressing,99.0,136.93,13556.07,100,20.5,0.0,0.0,Sulfur: 15.8 g/kg,0.5,No,
AGR-89839,MF24-6712B,2023-03-06,Maha,Southern Province,CIC Agri Businesses,TSP (Triple Super Phosphate),India,"Vegetables, Root Crops",Basal Application,1000.0,145.0,145000.0,100,0.0,45.9,0.0,Calcium: 15.3 g/100g,1.6,No,Sample from bulk storage
AGR-40160,AG24-2573B,2024-02-27,Maha,North Central Province,Abans Agri Supplies,Ammonium Sulfate (SOA),China,"Tea, Vegetables",Top Dressing,10.0,114.84,1148.4,100,20.7,0.0,0.0,Sulfur: 1.6 %,2.6,Yes,
AGR-61175,AG22-4348B,2022-05-15,Maha,Sabaragamuwa Province,Matara Farm Solutions,Compost / Organic,Sri Lanka,"All Crops, Soil Health",Incorporation,500.0,25.0,12500.0,100,1.3,0.9,1.0,Organic Carbon: 14.8 g/100g | Humus: 2.74 %,2.7,No,Expired stock — discounted
AGR-73920,LT22-7926B,2024-04-06,Off-Season,North Central Province,CIC Agri Businesses,NPK 12-12-17,Germany,"Horticulture, Fruit Crops",Broadcast,4.0,315.0,1260.0,100,12.1,12.36,16.6,Magnesium: 20.6 g/100g | Boron: 22.3 g/100g,1.4,Yes,
AGR-13265,CR23-9805C,2024-08-20,Yala,North Western Province,Abans Agri Supplies,Dolomite,Sri Lanka,"Tea, Vegetables, Acidic Soils",Soil Amendment,50.0,70.0,3500.0,100,0.14,0.0,0.15,Calcium: 1.8 % | Magnesium: 6.3 g/100g,4.1,No,Retest recommended
AGR-57526,LT23-7786,2024-03-15,Yala,Central Province,Pettah Agro Traders,NPK 12-12-17,Germany,"Horticulture, Fruit Crops",Broadcast,28.0,284.04,7953.12,100,12.0,11.9,18.0,Magnesium: 8.3 g/100g | Boron: 11.4 g/100g,2.6,Yes,Retest recommended
AGR-94472,BT23-4660,2022-08-20,Off-Season,Western Province,Browns Agricultural Products,Compost / Organic,Sri Lanka,"All Crops, Soil Health",Incorporation,100.0,20.0,2000.0,100,1.5,0.91,1.5,Organic Carbon: 22.0 g/kg | Humus: 9.5 g/kg,1.8,No,
AGR-99104,AG24-8180A,2022-10-18,Maha,North Western Province,Eastern Agrochem Depot,Ammonium Sulfate (SOA),China,"Tea, Vegetables",Top Dressing,10.0,142.33,1423.3,100,21.0,0.0,0.0,Sulfur: 10.2 g/100g,3.4,No,Slight clumping observed
AGR-16427,MF24-3509C,2023-04-21,Off-Season,North Western Province,Abans Agri Supplies,Urea,Sri Lanka,"Paddy, Maize, Vegetables",Broadcast / Soil Incorporation,51.0,100.98,5149.98,100,45.9,0.2,0.0,Not Detected,2.0,Yes,
AGR-25784,AG23-4337A,2023-06-28,Maha,Central Province,Agromart Ltd,Ammonium Sulfate (SOA),China,"Tea, Vegetables",Top Dressing,13.0,115.23,1497.99,100,20.32,0.0,0.0,Sulfur: 15.6 g/100g,1.5,Yes,Expired stock — discounted
AGR-61235,MF24-6124A,2022-05-05,Off-Season,North Western Province,Lankem Ceylon PLC,TSP (Triple Super Phosphate),India,"Vegetables, Root Crops",Basal Application,50.0,140.0,7000.0,100,0.0,46.2,0.03,Calcium: 17.2 g/100g,3.0,Yes,
AGR-19167,LT22-6141A,2023-11-10,Yala,Eastern Province,Colombo Pesticide Warehouse,Urea,Sri Lanka,"Paddy, Maize, Vegetables",Broadcast / Soil Incorporation,2.0,126.01,252.02,100,46.6,0.16,0.0,Not Detected,3.6,Yes,Local production batch
AGR-18825,LT23-3087,2023-04-15,Yala,North Central Province,Jaffna Fertilizer Depot,NPK 12-12-17,Germany,"Horticulture, Fruit Crops",Broadcast,1000.0,270.0,270000.0,100,11.5,12.22,17.0,Magnesium: 2.1 % | Boron: 13.4 g/kg,1.5,Yes,Expired stock — discounted
AGR-98937,LT23-7336,2024-03-03,Maha,Central Province,CIC Agri Businesses,TSP (Triple Super Phosphate),India,"Vegetables, Root Crops",Basal Application,2.0,148.29,296.58,100,0.18,46.4,0.0,Calcium: 12.0 g/kg,2.6,Yes,
AGR-62551,AG22-6693B,2023-12-21,Off-Season,Northern Province,Anuradhapura Agro Mart,Dolomite,Sri Lanka,"Tea, Vegetables, Acidic Soils",Soil Amendment,51.5,52.74,2716.11,100,0.0,0.0,0.1,Calcium: 10.7 g/kg | Magnesium: 2.48 %,3.0,Yes,
AGR-70518,LT23-3371B,2022-06-10,Yala,Southern Province,Hayleys Agriculture Holdings,TSP (Triple Super Phosphate),India,"Vegetables, Root Crops",Basal Application,0.5,168.37,84.19,100,0.0,46.3,0.12,Calcium: 27.6 g/kg,1.4,Yes,
AGR-92477,BT22-7401,2022-01-10,Yala,North Western Province,Kandy Farm Supplies,NPK 12-12-17,Germany,"Horticulture, Fruit Crops",Broadcast,2.0,280.0,560.0,100,12.2,12.0,17.1,Magnesium: 1.41 % | Boron: 2.56 %,0.6,Yes,Imported directly
AGR-56408,MF23-8826,2023-06-25,Maha,Uva Province,Abans Agri Supplies,MOP (Muriate of Potash),Canada,"Paddy, Banana, Tea",Top Dressing,500.0,206.08,103040.0,100,0.0,0.0,61.5,Chlorine: 11.6 g/kg,1.2,Yes,
AGR-45135,MF22-6466C,2024-11-27,Off-Season,Sabaragamuwa Province,Lankem Ceylon PLC,Dolomite,Sri Lanka,"Tea, Vegetables, Acidic Soils",Soil Amendment,1.0,61.59,61.59,100,0.0,0.0,0.0,Calcium: 23.5 g/kg | Magnesium: 11.0 g/100g,4.0,Yes,
AGR-49699,BT22-5291,2023-01-16,Off-Season,Uva Province,Eastern Agrochem Depot,NPK 15-15-15,Sri Lanka,"General Crops, Horticulture",Broadcast / Foliar,1000.0,256.13,256130.0,100,15.5,14.5,16.0,Sulfur: 6.5 g/kg | Boron: 22.4 g/100g,3.0,No,
AGR-44422,CR22-6379C,2022-08-07,Off-Season,Uva Province,Kandy Farm Supplies,Dolomite,Sri Lanka,"Tea, Vegetables, Acidic Soils",Soil Amendment,52.0,73.89,3842.28,100,0.0,0.1,0.0,Calcium: 15.7 g/kg | Magnesium: 1.96 %,2.0,Yes,Local production batch
AGR-21080,BT22-8806A,2022-01-01,Maha,North Western Province,Kandy Farm Supplies,MOP (Muriate of Potash),Canada,"Paddy, Banana, Tea",Top Dressing,23.0,221.89,5103.47,100,0.05,0.0,62.0,Chlorine: 23.0 g/kg,1.5,Yes,Local production batch
AGR-35945,AG24-5084B,2024-07-21,Yala,Northern Province,Jaffna Fertilizer Depot,Eppawala Rock Phosphate (ERP),Sri Lanka,"Tea, Rubber, Coconut",Basal Application,500.0,38.7,19350.0,100,0.0,28.0,0.11,Calcium: 23.6 g/100g,1.9,Yes,Expired stock — discounted
AGR-14613,LT23-4872B,2022-06-02,Maha,Western Province,Abans Agri Supplies,MOP (Muriate of Potash),Canada,"Paddy, Banana, Tea",Top Dressing,10.5,208.86,2193.03,100,0.0,0.19,58.3,Chlorine: 27.0 g/100g,0.5,Yes,
AGR-18627,CR22-2816B,2023-07-02,Off-Season,North Central Province,Galle Agrochemical Stores,MOP (Muriate of Potash),Canada,"Paddy, Banana, Tea",Top Dressing,1.0,206.18,206.18,100,0.0,0.11,58.3,Chlorine: 2.65 %,1.3,Yes,
AGR-92470,BT23-6383A,2023-05-30,Maha,Northern Province,Hayleys Agriculture Holdings,Compost / Organic,Sri Lanka,"All Crops, Soil Health",Incorporation,1.0,38.21,38.21,100,1.4,1.0,1.5,Organic Carbon: 0.62 % | Humus: 2.26 %,1.7,Yes,Imported directly
AGR-66226,BT23-1843A,2022-07-08,Maha,North Western Province,Browns Agricultural Products,Dolomite,Sri Lanka,"Tea, Vegetables, Acidic Soils",Soil Amendment,5.0,73.79,368.95,100,0.0,0.0,0.0,Calcium: 1.56 % | Magnesium: 2.34 %,0.6,Yes,
AGR-64669,MF22-3991A,2022-03-21,Off-Season,North Western Province,Browns Agricultural Products,Eppawala Rock Phosphate (ERP),Sri Lanka,"Tea, Rubber, Coconut",Basal Application,25.0,51.86,1296.5,100,0.23,28.6,0.0,Calcium: 25.1 g/kg,1.6,Yes,
AGR-31831,LT22-3817B,2022-12-12,Off-Season,Southern Province,Kandy Farm Supplies,NPK 15-15-15,Sri Lanka,"General Crops, Horticulture",Broadcast / Foliar,5.0,273.24,1366.2,100,15.25,15.5,15.47,Sulfur: 12.6 g/kg | Boron: 1.4 %,1.9,Yes,
AGR-97063,MF24-3614C,2024-09-23,Maha,Western Province,Kurunegala Agri Centre,Ammonium Sulfate (SOA),China,"Tea, Vegetables",Top Dressing,10.0,145.75,1457.5,100,21.82,0.0,0.18,Sulfur: 9.0 g/kg,1.1,Yes,
AGR-51485,CR22-8536,2023-03-01,Maha,Eastern Province,Colombo Pesticide Warehouse,NPK 15-15-15,Sri Lanka,"General Crops, Horticulture",Broadcast / Foliar,50.0,254.93,12746.5,100,15.6,15.4,14.9,Sulfur: 23.2 g/100g | Boron: 25.3 g/kg,3.6,Yes,Local production batch
AGR-43896,CR24-1832A,2023-09-16,Yala,Eastern Province,Jaffna Fertilizer Depot,Ammonium Sulfate (SOA),China,"Tea, Vegetables",Top Dressing,200.0,144.91,28982.0,100,21.7,0.0,0.24,Sulfur: 8.5 g/kg,3.0,Yes,Retest recommended
AGR-98949,CR24-1767C,2023-05-03,Maha,North Central Province,CIC Agri Businesses,Urea,Sri Lanka,"Paddy, Maize, Vegetables",Broadcast / Soil Incorporation,1000.0,115.0,115000.0,100,45.5,0.0,0.0,Not Detected,2.2,Yes,
AGR-22110,CR23-5642,2022-05-19,Yala,Uva Province,Colombo Pesticide Warehouse,Urea,Sri Lanka,"Paddy, Maize, Vegetables",Broadcast / Soil Incorporation,499.0,124.43,62090.57,100,46.8,0.0,0.18,Not Detected,1.1,Yes,Retest recommended
AGR-87375,AG23-3935A,2022-01-07,Maha,North Western Province,Anuradhapura Agro Mart,Ammonium Sulfate (SOA),China,"Tea, Vegetables",Top Dressing,100.0,112.78,11278.0,100,20.81,0.0,0.0,Sulfur: 23.8 g/100g,0.9,Yes,Imported directly
AGR-71664,MF24-5010,2023-12-30,Yala,Sabaragamuwa Province,Jaffna Fertilizer Depot,NPK 15-15-15,Sri Lanka,"General Crops, Horticulture",Broadcast / Foliar,25.0,226.06,5651.5,100,14.4,15.5,15.0,Sulfur: 12.8 g/kg | Boron: 2.05 %,1.8,Yes,Expired stock — discounted
AGR-42093,AG23-9697B,2022-05-16,Yala,Southern Province,CIC Agri Businesses,MOP (Muriate of Potash),Canada,"Paddy, Banana, Tea",Top Dressing,500.0,225.06,112530.0,100,0.17,0.0,58.6,Chlorine: 1.62 %,3.3,No,Local production batch
AGR-20466,MF23-7522B,2024-04-25,Yala,North Central Province,Eastern Agrochem Depot,NPK 15-15-15,Sri Lanka,"General Crops, Horticulture",Broadcast / Foliar,1000.0,225.0,225000.0,100,14.0,15.5,14.6,Sulfur: 2.23 % | Boron: 27.8 g/100g,1.9,Yes,Retest recommended
AGR-86079,MF23-5582A,2024-06-08,Yala,Uva Province,CIC Agri Businesses,Ammonium Sulfate (SOA),China,"Tea, Vegetables",Top Dressing,5.0,120.0,600.0,100,21.6,0.0,0.0,Sulfur: 13.3 g/kg,1.8,No,
AGR-22952,CR23-5177C,2023-12-03,Maha,Western Province,Lankem Ceylon PLC,Urea,Sri Lanka,"Paddy, Maize, Vegetables",Broadcast / Soil Incorporation,98.0,106.23,10410.54,100,45.53,0.18,0.0,Not Detected,4.4,Yes,Imported directly
AGR-25064,CR24-9321B,2023-05-01,Off-Season,North Western Province,Matara Farm Solutions,MOP (Muriate of Potash),Canada,"Paddy, Banana, Tea",Top Dressing,100.0,170.03,17003.0,100,0.0,0.0,61.8,Chlorine: 12.6 g/100g,2.6,Yes,Sample from bulk storage
AGR-45543,LT23-8162C,2022-12-26,Off-Season,North Western Province,Pettah Agro Traders,Urea,Sri Lanka,"Paddy, Maize, Vegetables",Broadcast / Soil Incorporation,501.5,110.0,55165.0,100,46.9,0.0,0.0,Not Detected,1.6,No,Opened bag — partial quantity
AGR-57172,AG22-4489B,2023-01-05,Maha,North Central Province,Jaffna Fertilizer Depot,NPK 15-15-15,Sri Lanka,"General Crops, Horticulture",Broadcast / Foliar,500.0,284.07,142035.0,100,15.1,15.3,14.9,Sulfur: 15.3 g/100g | Boron: 8.8 g/100g,3.0,Yes,
AGR-21375,AG22-7813C,2023-03-13,Yala,Sabaragamuwa Province,Galle Agrochemical Stores,NPK 15-15-15,Sri Lanka,"General Crops, Horticulture",Broadcast / Foliar,25.0,270.0,6750.0,100,14.5,14.57,14.3,Sulfur: 1.45 % | Boron: 0.85 %,1.4,No,Sample from bulk storage
AGR-80356,BT23-8031B,2022-06-11,Off-Season,Sabaragamuwa Province,Jaffna Fertilizer Depot,Ammonium Sulfate (SOA),China,"Tea, Vegetables",Top Dressing,1000.0,118.2,118200.0,100,20.43,0.0,0.0,Sulfur: 10.3 g/kg,2.1,Yes,
AGR-78649,AG22-5441B,2023-11-08,Off-Season,Eastern Province,Agromart Ltd,Compost / Organic,Sri Lanka,"All Crops, Soil Health",Incorporation,2.0,30.0,60.0,100,1.42,1.0,1.4,Organic Carbon: 2.29 % | Humus: 8.9 g/kg,2.6,Yes,
AGR-39603,BT23-8308B,2024-01-04,Maha,Uva Province,Galle Agrochemical Stores,Compost / Organic,Sri Lanka,"All Crops, Soil Health",Incorporation,503.0,37.05,18636.15,100,1.3,1.0,1.4,Organic Carbon: 16.5 g/kg | Humus: 16.7 g/100g,2.8,Yes,
AGR-74998,CR23-5089,2024-09-22,Off-Season,Sabaragamuwa Province,Eastern Agrochem Depot,Ammonium Sulfate (SOA),China,"Tea, Vegetables",Top Dressing,199.0,143.42,28540.58,100,20.2,0.0,0.21,Sulfur: 22.8 g/100g,2.0,Yes,
AGR-74043,MF24-4037B,2023-07-07,Off-Season,Uva Province,CIC Agri Businesses,TSP (Triple Super Phosphate),India,"Vegetables, Root Crops",Basal Application,8.0,175.0,1400.0,100,0.0,46.0,0.19,Calcium: 19.8 g/kg,1.5,Yes,Expired stock — discounted
AGR-62611,MF23-9687A,2022-11-08,Maha,Southern Province,CIC Agri Businesses,NPK 15-15-15,Sri Lanka,"General Crops, Horticulture",Broadcast / Foliar,200.0,225.0,45000.0,100,14.9,14.6,14.55,Sulfur: 10.0 g/100g | Boron: 8.5 g/100g,2.9,Yes,Sample from bulk storage
AGR-73759,LT23-2565C,2024-12-12,Yala,Central Province,Eastern Agrochem Depot,Ammonium Sulfate (SOA),China,"Tea, Vegetables",Top Dressing,1000.0,133.97,133970.0,100,21.1,0.0,0.0,Sulfur: 17.1 g/100g,0.7,Yes,
AGR-54797,LT23-7798C,2022-04-20,Off-Season,Western Province,Lankem Ceylon PLC,TSP (Triple Super Phosphate),India,"Vegetables, Root Crops",Basal Application,26.0,179.7,4672.2,100,0.02,45.5,0.0,Calcium: 10.6 g/kg,2.7,Yes,Local production batch
AGR-21526,MF23-7480,2023-12-18,Off-Season,Southern Province,Abans Agri Supplies,TSP (Triple Super Phosphate),India,"Vegetables, Root Crops",Basal Application,3.0,158.25,474.75,100,0.0,45.8,0.0,Calcium: 25.8 g/kg,2.4,Yes,
AGR-65574,CR23-2505C,2022-10-07,Off-Season,North Western Province,CIC Agri Businesses,Ammonium Sulfate (SOA),China,"Tea, Vegetables",Top Dressing,500.0,119.51,59755.0,100,20.2,0.13,0.0,Sulfur: 19.1 g/kg,3.7,No,Sample from bulk storage
AGR-63623,LT23-5671A,2023-08-19,Off-Season,Southern Province,Kurunegala Agri Centre,TSP (Triple Super Phosphate),India,"Vegetables, Root Crops",Basal Application,1000.0,177.8,177800.0,100,0.0,45.5,0.08,Calcium: 13.7 g/kg,2.1,No,Opened bag — partial quantity
AGR-69746,AG24-9282C,2024-04-23,Off-Season,North Central Province,Pettah Agro Traders,Dolomite,Sri Lanka,"Tea, Vegetables, Acidic Soils",Soil Amendment,10.0,70.0,700.0,100,0.0,0.09,0.0,Calcium: 2.52 % | Magnesium: 15.7 g/kg,1.0,Yes,Retest recommended
AGR-80305,CR23-5414C,2023-01-09,Yala,Western Province,Colombo Pesticide Warehouse,Urea,Sri Lanka,"Paddy, Maize, Vegetables",Broadcast / Soil Incorporation,1000.0,110.0,110000.0,100,46.4,0.0,0.0,Not Detected,2.2,No,
AGR-49655,LT24-6910A,2024-05-30,Maha,Central Province,Pettah Agro Traders,Ammonium Sulfate (SOA),China,"Tea, Vegetables",Top Dressing,50.0,135.0,6750.0,100,20.9,0.0,0.0,Sulfur: 2.45 %,1.5,Yes,
AGR-55087,AG23-2141A,2024-02-18,Yala,Western Province,Browns Agricultural Products,MOP (Muriate of Potash),Canada,"Paddy, Banana, Tea",Top Dressing,1.0,210.0,210.0,100,0.2,0.0,59.38,Chlorine: 24.5 g/kg,2.7,Yes,Local production batch
AGR-47903,CR24-6260B,2023-09-19,Yala,Western Province,Browns Agricultural Products,TSP (Triple Super Phosphate),India,"Vegetables, Root Crops",Basal Application,25.5,180.0,4590.0,100,0.0,46.3,0.0,Calcium: 26.7 g/kg,4.4,Yes,Retest recommended
AGR-95494,BT22-9988B,2024-11-22,Maha,North Western Province,Anuradhapura Agro Mart,Eppawala Rock Phosphate (ERP),Sri Lanka,"Tea, Rubber, Coconut",Basal Application,1000.5,56.07,56098.04,100,0.14,28.2,0.13,Calcium: 19.8 g/100g,4.0,Yes,Local production batch
AGR-55757,CR24-4971A,2022-04-23,Off-Season,North Central Province,Pettah Agro Traders,Compost / Organic,Sri Lanka,"All Crops, Soil Health",Incorporation,500.0,22.15,11075.0,100,1.5,0.9,1.4,Organic Carbon: 24.5 g/100g | Humus: 21.1 g/kg,3.6,Yes,
AGR-27007,AG23-6183B,2024-02-04,Off-Season,North Western Province,Jaffna Fertilizer Depot,Eppawala Rock Phosphate (ERP),Sri Lanka,"Tea, Rubber, Coconut",Basal Application,503.0,44.67,22469.01,100,0.09,27.6,0.0,Calcium: 2.25 %,3.6,Yes,Retest recommended
AGR-71515,AG23-5680C,2022-06-25,Off-Season,Uva Province,Pettah Agro Traders,MOP (Muriate of Potash),Canada,"Paddy, Banana, Tea",Top Dressing,12.0,192.32,2307.84,100,0.01,0.0,60.5,Chlorine: 21.4 g/100g,0.8,Yes,Expired stock — discounted
AGR-46151,LT24-9582,2023-01-11,Off-Season,Southern Province,Abans Agri Supplies,Ammonium Sulfate (SOA),China,"Tea, Vegetables",Top Dressing,500.0,140.0,70000.0,100,21.6,0.0,0.0,Sulfur: 16.9 g/100g,2.6,Yes,Retest recommended
AGR-58903,LT23-6130A,2023-04-14,Maha,Uva Province,Anuradhapura Agro Mart,Ammonium Sulfate (SOA),China,"Tea, Vegetables",Top Dressing,25.0,126.37,3159.25,100,21.3,0.0,0.08,Sulfur: 14.2 g/kg,1.6,Yes,
AGR-55203,BT23-7093C,2024-05-19,Off-Season,North Central Province,CIC Agri Businesses,Compost / Organic,Sri Lanka,"All Crops, Soil Health",Incorporation,1001.0,18.22,18238.22,100,1.31,1.03,1.5,Organic Carbon: 1.27 % | Humus: 23.0 g/kg,0.5,Yes,Retest recommended
AGR-67122,CR22-5172A,2022-01-04,Off-Season,Central Province,Jaffna Fertilizer Depot,Compost / Organic,Sri Lanka,"All Crops, Soil Health",Incorporation,10.0,20.0,200.0,100,1.5,0.9,1.6,Organic Carbon: 10.8 g/100g | Humus: 21.0 g/kg,1.6,Yes,Sample from bulk storage
AGR-87647,CR24-5695C,2022-09-13,Yala,Western Province,Matara Farm Solutions,Ammonium Sulfate (SOA),China,"Tea, Vegetables",Top Dressing,100.0,140.0,14000.0,100,19.96,0.0,0.07,Sulfur: 13.1 g/100g,1.0,Yes,
AGR-64417,CR23-6897B,2024-08-23,Yala,Southern Province,Lankem Ceylon PLC,NPK 12-12-17,Germany,"Horticulture, Fruit Crops",Broadcast,2.0,300.0,600.0,100,11.7,12.3,17.17,Magnesium: 1.95 % | Boron: 19.9 g/kg,3.6,Yes,
AGR-99431,MF24-6278B,2024-07-23,Off-Season,Eastern Province,Colombo Pesticide Warehouse,NPK 15-15-15,Sri Lanka,"General Crops, Horticulture",Broadcast / Foliar,2.5,256.39,640.97,100,15.4,15.4,15.0,Sulfur: 22.4 g/kg | Boron: 22.0 g/100g,1.5,Yes,
AGR-90211,LT24-9016B,2023-03-07,Off-Season,Uva Province,Galle Agrochemical Stores,Compost / Organic,Sri Lanka,"All Crops, Soil Health",Incorporation,101.5,25.0,2537.5,100,1.5,1.0,1.5,Organic Carbon: 7.9 g/kg | Humus: 26.2 g/kg,2.6,No,
AGR-77572,MF23-6589B,2024-04-08,Off-Season,Central Province,Galle Agrochemical Stores,Compost / Organic,Sri Lanka,"All Crops, Soil Health",Incorporation,999.0,35.84,35804.16,100,1.41,0.9,1.29,Organic Carbon: 19.1 g/kg | Humus: 1.86 %,2.6,No,Retest recommended
AGR-14517,MF24-8413C,2022-08-17,Yala,Western Province,Galle Agrochemical Stores,MOP (Muriate of Potash),Canada,"Paddy, Banana, Tea",Top Dressing,25.0,213.51,5337.75,100,0.0,0.03,58.9,Chlorine: 9.5 g/100g,1.3,Yes,Sample from bulk storage
AGR-24621,BT23-6684A,2023-03-16,Yala,Central Province,CIC Agri Businesses,Ammonium Sulfate (SOA),China,"Tea, Vegetables",Top Dressing,1.0,115.0,115.0,100,20.4,0.0,0.0,Sulfur: 16.7 g/100g,3.8,Yes,Opened bag — partial quantity
AGR-53852,AG24-1915A,2024-01-22,Off-Season,Eastern Province,Anuradhapura Agro Mart,Ammonium Sulfate (SOA),China,"Tea, Vegetables",Top Dressing,5.5,120.0,660.0,100,21.4,0.0,0.0,Sulfur: 12.7 g/kg,1.0,Yes,Opened bag — partial quantity
AGR-35834,AG22-6522C,2022-05-19,Yala,North Central Province,Kandy Farm Supplies,Ammonium Sulfate (SOA),China,"Tea, Vegetables",Top Dressing,5.5,139.7,768.35,100,20.9,0.0,0.0,Sulfur: 2.64 %,0.4,Yes,Opened bag — partial quantity
AGR-20805,BT24-9953B,2024-04-27,Maha,Uva Province,Lankem Ceylon PLC,Compost / Organic,Sri Lanka,"All Crops, Soil Health",Incorporation,100.0,24.64,2464.0,100,1.4,1.0,1.3,Organic Carbon: 9.3 g/kg | Humus: 15.1 g/kg,1.6,No,Sample from bulk storage
AGR-18080,AG24-8394,2024-11-28,Maha,Eastern Province,Pettah Agro Traders,MOP (Muriate of Potash),Canada,"Paddy, Banana, Tea",Top Dressing,200.0,175.13,35026.0,100,0.09,0.0,59.1,Chlorine: 11.8 g/kg,2.3,Yes,Slight clumping observed
AGR-24086,CR24-6848A,2022-08-06,Yala,Eastern Province,Agromart Ltd,Ammonium Sulfate (SOA),China,"Tea, Vegetables",Top Dressing,100.0,140.64,14064.0,100,21.21,0.17,0.0,Sulfur: 2.12 %,1.3,No,
AGR-90205,LT24-9021A,2024-02-29,Off-Season,Western Province,Galle Agrochemical Stores,NPK 15-15-15,Sri Lanka,"General Crops, Horticulture",Broadcast / Foliar,53.0,255.0,13515.0,100,15.0,14.67,15.2,Sulfur: 2.19 % | Boron: 11.3 g/kg,1.5,No,
AGR-58199,LT23-7409C,2023-11-17,Maha,Southern Province,Hayleys Agriculture Holdings,NPK 15-15-15,Sri Lanka,"General Crops, Horticulture",Broadcast / Foliar,2.0,260.0,520.0,100,15.6,15.1,14.9,Sulfur: 27.3 g/kg | Boron: 2.02 %,1.0,Yes,
AGR-77436,LT22-1304B,2024-04-03,Yala,North Western Province,Galle Agrochemical Stores,Ammonium Sulfate (SOA),China,"Tea, Vegetables",Top Dressing,25.0,149.3,3732.5,100,20.0,0.22,0.0,Sulfur: 2.64 %,0.4,Yes,Slight clumping observed
AGR-88011,AG23-9348C,2022-11-29,Off-Season,Sabaragamuwa Province,Lankem Ceylon PLC,Compost / Organic,Sri Lanka,"All Crops, Soil Health",Incorporation,503.0,35.0,17605.0,100,1.4,1.1,1.5,Organic Carbon: 23.3 g/kg | Humus: 12.5 g/kg,4.2,No,
AGR-25032,BT22-6416C,2022-03-10,Maha,Central Province,Abans Agri Supplies,Urea,Sri Lanka,"Paddy, Maize, Vegetables",Broadcast / Soil Incorporation,1.0,122.4,122.4,100,45.6,0.0,0.0,Not Detected,3.7,No,Local production batch
AGR-37109,CR23-3052,2024-05-24,Yala,Southern Province,Kandy Farm Supplies,Compost / Organic,Sri Lanka,"All Crops, Soil Health",Incorporation,103.0,34.23,3525.69,100,1.3,0.9,1.4,Organic Carbon: 7.8 g/100g | Humus: 20.8 g/100g,1.2,Yes,
AGR-25122,LT22-2539C,2022-07-06,Off-Season,Southern Province,Lankem Ceylon PLC,Eppawala Rock Phosphate (ERP),Sri Lanka,"Tea, Rubber, Coconut",Basal Application,502.0,46.23,23207.46,100,0.0,27.69,0.0,Calcium: 23.8 g/100g,0.3,No,
AGR-37987,AG23-4537A,2024-03-26,Maha,Eastern Province,Hayleys Agriculture Holdings,TSP (Triple Super Phosphate),India,"Vegetables, Root Crops",Basal Application,10.0,185.07,1850.7,100,0.0,45.7,0.0,Calcium: 15.2 g/100g,3.5,Yes,
AGR-78384,BT23-2396C,2022-04-09,Yala,Uva Province,Hayleys Agriculture Holdings,Eppawala Rock Phosphate (ERP),Sri Lanka,"Tea, Rubber, Coconut",Basal Application,100.0,40.42,4042.0,100,0.0,28.9,0.0,Calcium: 2.43 %,0.5,Yes,
AGR-56348,MF23-7967A,2024-08-20,Yala,Southern Province,Eastern Agrochem Depot,MOP (Muriate of Potash),Canada,"Paddy, Banana, Tea",Top Dressing,100.0,170.0,17000.0,100,0.0,0.0,61.8,Chlorine: 21.8 g/kg,1.9,Yes,
AGR-67239,MF23-2881A,2024-12-27,Yala,North Western Province,Galle Agrochemical Stores,Urea,Sri Lanka,"Paddy, Maize, Vegetables",Broadcast / Soil Incorporation,1001.0,109.54,109649.54,100,46.3,0.0,0.0,Not Detected,2.3,Yes,Imported directly
AGR-24799,CR23-1556,2024-11-09,Yala,Central Province,Kurunegala Agri Centre,Dolomite,Sri Lanka,"Tea, Vegetables, Acidic Soils",Soil Amendment,100.0,50.0,5000.0,100,0.0,0.0,0.0,Calcium: 20.5 g/100g | Magnesium: 0.78 %,3.9,Yes,Expired stock — discounted
AGR-79218,AG24-2338B,2024-09-11,Maha,Eastern Province,Matara Farm Solutions,Eppawala Rock Phosphate (ERP),Sri Lanka,"Tea, Rubber, Coconut",Basal Application,1.0,41.48,41.48,100,0.15,29.07,0.19,Calcium: 1.3 %,1.6,No,Expired stock — discounted
AGR-79674,BT23-7077B,2022-07-24,Yala,Southern Province,Agromart Ltd,TSP (Triple Super Phosphate),India,"Vegetables, Root Crops",Basal Application,51.0,177.84,9069.84,100,0.11,46.8,0.0,Calcium: 21.2 g/kg,1.0,Yes,Opened bag — partial quantity
AGR-88874,CR24-6301B,2023-04-26,Yala,Northern Province,Abans Agri Supplies,Urea,Sri Lanka,"Paddy, Maize, Vegetables",Broadcast / Soil Incorporation,10.0,110.91,1109.1,100,45.9,0.0,0.0,Not Detected,0.9,Yes,Imported directly
AGR-17823,CR24-7106B,2024-07-17,Off-Season,Southern Province,Kandy Farm Supplies,NPK 15-15-15,Sri Lanka,"General Crops, Horticulture",Broadcast / Foliar,500.0,270.0,135000.0,100,15.51,14.5,14.9,Sulfur: 11.8 g/100g | Boron: 13.4 g/kg,1.7,Yes,
AGR-67131,CR23-9961C,2022-10-03,Off-Season,North Central Province,Hayleys Agriculture Holdings,NPK 12-12-17,Germany,"Horticulture, Fruit Crops",Broadcast,8.0,308.95,2471.6,100,12.3,12.4,17.4,Magnesium: 15.6 g/100g | Boron: 15.8 g/100g,2.4,Yes,Retest recommended
AGR-29523,LT23-3756B,2022-03-28,Maha,Northern Province,CIC Agri Businesses,NPK 15-15-15,Sri Lanka,"General Crops, Horticulture",Broadcast / Foliar,1000.0,287.83,287830.0,100,14.7,14.9,15.3,Sulfur: 1.19 % | Boron: 1.61 %,0.4,Yes,
AGR-72919,LT22-5245A,2023-07-08,Maha,Sabaragamuwa Province,CIC Agri Businesses,MOP (Muriate of Potash),Canada,"Paddy, Banana, Tea",Top Dressing,2.0,190.82,381.64,100,0.0,0.03,59.4,Chlorine: 22.0 g/100g,4.0,Yes,Opened bag — partial quantity
AGR-15626,CR23-1965C,2023-07-20,Yala,Sabaragamuwa Province,Anuradhapura Agro Mart,Ammonium Sulfate (SOA),China,"Tea, Vegetables",Top Dressing,26.0,110.81,2881.06,100,20.0,0.18,0.04,Sulfur: 16.5 g/kg,0.8,Yes,Imported directly
AGR-33363,BT22-5310,2024-07-12,Yala,Eastern Province,CIC Agri Businesses,Dolomite,Sri Lanka,"Tea, Vegetables, Acidic Soils",Soil Amendment,50.0,59.64,2982.0,100,0.05,0.0,0.14,Calcium: 15.9 g/100g | Magnesium: 22.1 g/100g,3.1,Yes,
AGR-80748,LT23-7856A,2022-10-02,Yala,Northern Province,Matara Farm Solutions,Compost / Organic,Sri Lanka,"All Crops, Soil Health",Incorporation,4.0,18.65,74.6,100,1.57,1.0,1.5,Organic Carbon: 20.5 g/kg | Humus: 17.1 g/kg,1.7,Yes,
AGR-88203,LT24-3926B,2023-04-04,Maha,Western Province,Abans Agri Supplies,Dolomite,Sri Lanka,"Tea, Vegetables, Acidic Soils",Soil Amendment,49.0,70.0,3430.0,100,0.0,0.06,0.0,Calcium: 0.93 % | Magnesium: 27.1 g/100g,1.4,Yes,
AGR-78000,MF24-6049A,2022-11-25,Off-Season,Sabaragamuwa Province,Anuradhapura Agro Mart,Dolomite,Sri Lanka,"Tea, Vegetables, Acidic Soils",Soil Amendment,11.5,52.62,605.13,100,0.0,0.0,0.0,Calcium: 1.84 % | Magnesium: 22.0 g/100g,2.0,Yes,Opened bag — partial quantity
AGR-98507,LT22-7967,2023-03-01,Maha,North Central Province,Galle Agrochemical Stores,Urea,Sri Lanka,"Paddy, Maize, Vegetables",Broadcast / Soil Incorporation,2.0,95.0,190.0,100,46.5,0.0,0.06,Not Detected,0.6,Yes,Expired stock — discounted
AGR-85116,LT22-3264A,2022-11-08,Off-Season,Sabaragamuwa Province,Anuradhapura Agro Mart,Eppawala Rock Phosphate (ERP),Sri Lanka,"Tea, Rubber, Coconut",Basal Application,100.0,55.76,5576.0,100,0.23,27.8,0.0,Calcium: 15.6 g/100g,1.7,Yes,Opened bag — partial quantity
AGR-45852,CR24-8684B,2022-03-16,Maha,Western Province,Hayleys Agriculture Holdings,TSP (Triple Super Phosphate),India,"Vegetables, Root Crops",Basal Application,4.0,141.67,566.68,100,0.0,47.0,0.05,Calcium: 23.3 g/100g,1.8,Yes,Slight clumping observed
AGR-14967,BT23-7817C,2022-06-09,Off-Season,Western Province,Anuradhapura Agro Mart,Compost / Organic,Sri Lanka,"All Crops, Soil Health",Incorporation,500.0,30.0,15000.0,100,1.6,0.9,2.0,Organic Carbon: 2.79 % | Humus: 15.9 g/100g,3.1,No,Sample from bulk storage
AGR-37584,BT22-7316B,2023-12-26,Maha,Southern Province,Pettah Agro Traders,Eppawala Rock Phosphate (ERP),Sri Lanka,"Tea, Rubber, Coconut",Basal Application,500.0,54.36,27180.0,100,0.0,28.1,0.15,Calcium: 2.07 %,2.3,No,Opened bag — partial quantity
AGR-66449,AG23-2053A,2022-11-29,Off-Season,Uva Province,Kandy Farm Supplies,NPK 12-12-17,Germany,"Horticulture, Fruit Crops",Broadcast,8.0,255.57,2044.56,100,11.9,12.4,17.7,Magnesium: 22.0 g/100g | Boron: 2.31 %,3.3,Yes,Imported directly
AGR-91455,LT23-6125,2024-05-16,Off-Season,Uva Province,Lankem Ceylon PLC,Compost / Organic,Sri Lanka,"All Crops, Soil Health",Incorporation,12.0,25.0,300.0,100,1.5,1.01,1.5,Organic Carbon: 0.79 % | Humus: 22.1 g/100g,2.4,Yes,Expired stock — discounted
AGR-29362,LT24-9043C,2022-12-26,Maha,Southern Province,Browns Agricultural Products,Ammonium Sulfate (SOA),China,"Tea, Vegetables",Top Dressing,10.0,125.0,1250.0,100,21.2,0.0,0.0,Sulfur: 27.8 g/kg,3.1,Yes,
AGR-94309,AG22-7954A,2024-07-05,Off-Season,Uva Province,Pettah Agro Traders,NPK 15-15-15,Sri Lanka,"General Crops, Horticulture",Broadcast / Foliar,10.0,245.0,2450.0,100,15.5,15.5,15.13,Sulfur: 20.4 g/kg | Boron: 0.66 %,0.8,No,
AGR-94737,MF24-2372,2023-01-20,Off-Season,Sabaragamuwa Province,Pettah Agro Traders,MOP (Muriate of Potash),Canada,"Paddy, Banana, Tea",Top Dressing,998.0,200.0,199600.0,100,0.14,0.0,59.7,Chlorine: 1.87 %,3.5,Yes,Imported directly
AGR-92812,MF22-6592C,2023-08-17,Off-Season,North Western Province,Hayleys Agriculture Holdings,Compost / Organic,Sri Lanka,"All Crops, Soil Health",Incorporation,100.0,40.0,4000.0,100,1.3,0.9,1.3,Organic Carbon: 0.76 % | Humus: 25.6 g/kg,4.1,Yes,Expired stock — discounted
AGR-63693,CR23-2808C,2022-04-07,Yala,Southern Province,Kandy Farm Supplies,NPK 15-15-15,Sri Lanka,"General Crops, Horticulture",Broadcast / Foliar,1000.0,233.22,233220.0,100,15.2,15.2,14.4,Sulfur: 1.35 % | Boron: 10.5 g/100g,1.7,Yes,Sample from bulk storage
AGR-85083,BT23-3087,2022-11-08,Yala,Northern Province,CIC Agri Businesses,Urea,Sri Lanka,"Paddy, Maize, Vegetables",Broadcast / Soil Incorporation,201.5,100.45,20240.67,100,46.4,0.0,0.0,Not Detected,2.2,Yes,
AGR-67693,LT23-1808,2023-05-28,Maha,Southern Province,Kurunegala Agri Centre,Urea,Sri Lanka,"Paddy, Maize, Vegetables",Broadcast / Soil Incorporation,100.0,119.37,11937.0,100,46.7,0.0,0.0,Not Detected,0.7,Yes,
AGR-45793,AG24-7644,2024-07-05,Off-Season,Western Province,Browns Agricultural Products,Ammonium Sulfate (SOA),China,"Tea, Vegetables",Top Dressing,1000.0,120.0,120000.0,100,20.8,0.12,0.0,Sulfur: 16.4 g/kg,3.1,Yes,
AGR-63434,BT23-9686,2022-07-23,Maha,Central Province,Anuradhapura Agro Mart,TSP (Triple Super Phosphate),India,"Vegetables, Root Crops",Basal Application,5.0,159.26,796.3,100,0.0,45.86,0.0,Calcium: 0.98 %,3.3,Yes,Opened bag — partial quantity
AGR-16502,AG22-8987B,2022-06-19,Maha,North Central Province,Agromart Ltd,Compost / Organic,Sri Lanka,"All Crops, Soil Health",Incorporation,5.0,31.58,157.9,100,1.43,1.0,1.4,Organic Carbon: 19.5 g/kg | Humus: 22.9 g/kg,2.6,No,
AGR-88908,AG22-8877A,2022-05-13,Off-Season,Northern Province,Matara Farm Solutions,TSP (Triple Super Phosphate),India,"Vegetables, Root Crops",Basal Application,3.0,185.0,555.0,100,0.18,46.5,0.0,Calcium: 23.6 g/100g,1.0,Yes,Sample from bulk storage
AGR-59003,BT23-9746B,2024-08-01,Maha,Uva Province,Browns Agricultural Products,NPK 12-12-17,Germany,"Horticulture, Fruit Crops",Broadcast,10.0,280.37,2803.7,100,12.2,12.1,17.2,Magnesium: 14.8 g/kg | Boron: 1.02 %,2.8,No,Local production batch
AGR-13677,AG24-2671A,2023-12-23,Maha,North Western Province,Hayleys Agriculture Holdings,Eppawala Rock Phosphate (ERP),Sri Lanka,"Tea, Rubber, Coconut",Basal Application,200.0,50.46,10092.0,100,0.0,28.7,0.0,Calcium: 1.04 %,1.3,Yes,Local production batch
AGR-21399,LT23-9794C,2022-02-03,Yala,Sabaragamuwa Province,Kandy Farm Supplies,Dolomite,Sri Lanka,"Tea, Vegetables, Acidic Soils",Soil Amendment,50.0,68.78,3439.0,100,0.0,0.22,0.0,Calcium: 7.0 g/100g | Magnesium: 2.42 %,0.8,Yes,Slight clumping observed
AGR-33135,CR24-3473,2022-07-05,Maha,Northern Province,Kandy Farm Supplies,Ammonium Sulfate (SOA),China,"Tea, Vegetables",Top Dressing,6.5,116.27,755.75,100,21.4,0.16,0.17,Sulfur: 25.2 g/100g,1.2,Yes,Opened bag — partial quantity
AGR-47205,MF22-1020,2024-02-09,Yala,Southern Province,Abans Agri Supplies,Compost / Organic,Sri Lanka,"All Crops, Soil Health",Incorporation,23.0,38.41,883.43,100,1.4,0.9,1.4,Organic Carbon: 2.79 % | Humus: 14.0 g/100g,2.8,Yes,Local production batch
AGR-10859,CR24-1822C,2024-08-07,Maha,North Central Province,CIC Agri Businesses,NPK 12-12-17,Germany,"Horticulture, Fruit Crops",Broadcast,50.0,275.0,13750.0,100,12.3,11.77,16.5,Magnesium: 1.1 % | Boron: 26.1 g/kg,3.5,Yes,Retest recommended
AGR-57985,MF24-6816A,2023-06-03,Off-Season,Uva Province,Abans Agri Supplies,NPK 12-12-17,Germany,"Horticulture, Fruit Crops",Broadcast,5.0,254.8,1274.0,100,11.59,11.4,16.5,Magnesium: 19.3 g/100g | Boron: 21.9 g/kg,1.4,Yes,Imported directly
AGR-99047,CR24-1344C,2023-03-03,Off-Season,Eastern Province,Jaffna Fertilizer Depot,NPK 15-15-15,Sri Lanka,"General Crops, Horticulture",Broadcast / Foliar,52.0,228.37,11875.24,100,15.4,15.19,14.9,Sulfur: 11.5 g/100g | Boron: 17.4 g/kg,4.0,Yes,Imported directly
AGR-68305,BT24-4554C,2022-08-13,Yala,Southern Province,Browns Agricultural Products,Dolomite,Sri Lanka,"Tea, Vegetables, Acidic Soils",Soil Amendment,4.0,71.14,284.56,100,0.0,0.12,0.0,Calcium: 1.09 % | Magnesium: 2.71 %,4.2,No,
AGR-14439,BT22-1944C,2024-02-25,Maha,Eastern Province,Anuradhapura Agro Mart,Dolomite,Sri Lanka,"Tea, Vegetables, Acidic Soils",Soil Amendment,25.0,63.61,1590.25,100,0.07,0.0,0.0,Calcium: 2.54 % | Magnesium: 19.4 g/kg,1.5,Yes,
AGR-53852,LT22-9923B,2023-07-30,Off-Season,Sabaragamuwa Province,Abans Agri Supplies,Dolomite,Sri Lanka,"Tea, Vegetables, Acidic Soils",Soil Amendment,10.0,53.66,536.6,100,0.0,0.0,0.0,Calcium: 1.22 % | Magnesium: 9.5 g/kg,1.8,No,Sample from bulk storage
AGR-24991,CR23-6157C,2023-11-10,Yala,Western Province,Abans Agri Supplies,TSP (Triple Super Phosphate),India,"Vegetables, Root Crops",Basal Application,1000.5,189.06,189154.53,100,0.0,45.4,0.0,Calcium: 0.89 %,0.6,Yes,Retest recommended
AGR-66130,BT22-7958B,2024-06-18,Maha,Sabaragamuwa Province,Pettah Agro Traders,NPK 12-12-17,Germany,"Horticulture, Fruit Crops",Broadcast,2.0,273.98,547.96,100,12.3,12.2,17.64,Magnesium: 2.47 % | Boron: 10.4 g/100g,1.1,No,
AGR-10516,LT24-8246A,2023-08-16,Off-Season,Northern Province,Agromart Ltd,NPK 12-12-17,Germany,"Horticulture, Fruit Crops",Broadcast,1000.0,275.0,275000.0,100,12.0,11.4,17.0,Magnesium: 11.0 g/kg | Boron: 22.4 g/100g,1.3,Yes,Imported directly
AGR-85956,CR22-4087A,2024-04-21,Off-Season,Central Province,Galle Agrochemical Stores,Dolomite,Sri Lanka,"Tea, Vegetables, Acidic Soils",Soil Amendment,100.0,70.0,7000.0,100,0.0,0.0,0.0,Calcium: 2.0 % | Magnesium: 12.8 g/kg,3.8,Yes,Local production batch
AGR-54231,BT23-2605C,2023-05-27,Off-Season,Southern Province,Anuradhapura Agro Mart,Compost / Organic,Sri Lanka,"All Crops, Soil Health",Incorporation,5.0,39.32,196.6,100,1.6,1.1,1.6,Organic Carbon: 24.2 g/100g | Humus: 15.1 g/100g,3.7,Yes,Retest recommended
AGR-13862,CR22-6086A,2023-05-09,Maha,Central Province,Agromart Ltd,Eppawala Rock Phosphate (ERP),Sri Lanka,"Tea, Rubber, Coconut",Basal Application,103.0,50.0,5150.0,100,0.02,28.4,0.14,Calcium: 20.3 g/kg,4.4,Yes,
AGR-21081,BT23-9471C,2023-05-14,Off-Season,North Central Province,Anuradhapura Agro Mart,NPK 12-12-17,Germany,"Horticulture, Fruit Crops",Broadcast,4.0,265.8,1063.2,100,12.42,12.4,16.4,Magnesium: 18.6 g/kg | Boron: 14.2 g/100g,4.0,Yes,Slight clumping observed
AGR-84100,CR22-1732A,2024-09-27,Maha,North Western Province,Colombo Pesticide Warehouse,Urea,Sri Lanka,"Paddy, Maize, Vegetables",Broadcast / Soil Incorporation,25.0,110.0,2750.0,100,45.2,0.0,0.0,Not Detected,0.5,No,Expired stock — discounted
AGR-63497,LT23-2423B,2022-10-24,Off-Season,Southern Province,Browns Agricultural Products,Compost / Organic,Sri Lanka,"All Crops, Soil Health",Incorporation,24.0,35.0,840.0,100,1.3,0.9,1.4,Organic Carbon: 23.9 g/kg | Humus: 23.6 g/100g,4.2,Yes,Imported directly
AGR-79928,BT23-1960,2023-08-26,Off-Season,North Western Province,Abans Agri Supplies,Compost / Organic,Sri Lanka,"All Crops, Soil Health",Incorporation,10.0,20.0,200.0,100,1.37,1.1,1.4,Organic Carbon: 14.6 g/100g | Humus: 11.7 g/kg,1.3,Yes,
AGR-14908,BT22-5025C,2024-09-19,Maha,Central Province,Agromart Ltd,Compost / Organic,Sri Lanka,"All Crops, Soil Health",Incorporation,999.0,26.17,26143.83,100,1.6,1.04,1.4,Organic Carbon: 20.4 g/kg | Humus: 17.6 g/100g,2.2,No,
AGR-48427,AG22-1856,2023-02-23,Off-Season,North Central Province,Abans Agri Supplies,Compost / Organic,Sri Lanka,"All Crops, Soil Health",Incorporation,10.5,18.45,193.72,100,1.4,0.9,1.3,Organic Carbon: 16.1 g/kg | Humus: 23.5 g/kg,0.8,Yes,Retest recommended
AGR-32527,CR24-6788B,2024-03-10,Maha,North Central Province,Galle Agrochemical Stores,Dolomite,Sri Lanka,"Tea, Vegetables, Acidic Soils",Soil Amendment,50.0,65.0,3250.0,100,0.0,0.0,0.0,Calcium: 2.36 % | Magnesium: 2.1 %,2.6,Yes,
AGR-37979,CR24-3387A,2023-08-23,Maha,Southern Province,Kandy Farm Supplies,MOP (Muriate of Potash),Canada,"Paddy, Banana, Tea",Top Dressing,1002.0,215.0,215430.0,100,0.0,0.0,59.1,Chlorine: 21.2 g/kg,2.5,Yes,
AGR-32469,AG23-5119,2024-05-29,Off-Season,Eastern Province,Galle Agrochemical Stores,MOP (Muriate of Potash),Canada,"Paddy, Banana, Tea",Top Dressing,1.0,215.39,215.39,100,0.19,0.0,59.9,Chlorine: 1.83 %,4.2,Yes,
AGR-70962,MF23-4558,2023-01-28,Off-Season,Western Province,Hayleys Agriculture Holdings,Eppawala Rock Phosphate (ERP),Sri Lanka,"Tea, Rubber, Coconut",Basal Application,25.0,56.3,1407.5,100,0.02,26.8,0.0,Calcium: 2.14 %,2.3,Yes,Slight clumping observed
AGR-94288,LT24-5397B,2024-09-12,Off-Season,Western Province,Hayleys Agriculture Holdings,NPK 12-12-17,Germany,"Horticulture, Fruit Crops",Broadcast,1.0,315.0,315.0,100,11.7,12.3,16.8,Magnesium: 16.4 g/kg | Boron: 0.92 %,3.9,Yes,Slight clumping observed
AGR-68737,AG23-6373C,2024-02-24,Yala,North Western Province,CIC Agri Businesses,Eppawala Rock Phosphate (ERP),Sri Lanka,"Tea, Rubber, Coconut",Basal Application,10.0,41.56,415.6,100,0.09,27.9,0.0,Calcium: 1.3 %,3.1,Yes,Sample from bulk storage
AGR-16473,MF24-5230,2024-01-22,Yala,North Central Province,Anuradhapura Agro Mart,NPK 12-12-17,Germany,"Horticulture, Fruit Crops",Broadcast,2.0,296.55,593.1,100,11.7,11.5,17.6,Magnesium: 1.02 % | Boron: 1.8 %,1.0,Yes,
AGR-84259,BT23-2629C,2024-04-22,Yala,Uva Province,Eastern Agrochem Depot,Eppawala Rock Phosphate (ERP),Sri Lanka,"Tea, Rubber, Coconut",Basal Application,25.0,30.79,769.75,100,0.0,27.5,0.24,Calcium: 15.6 g/kg,1.4,Yes,Sample from bulk storage
AGR-36647,CR23-4148,2022-12-03,Yala,Central Province,Browns Agricultural Products,Compost / Organic,Sri Lanka,"All Crops, Soil Health",Incorporation,500.0,30.0,15000.0,100,1.4,0.9,1.5,Organic Carbon: 6.5 g/kg | Humus: 0.76 %,1.2,Yes,
AGR-31993,AG24-5871B,2022-11-06,Yala,Northern Province,Anuradhapura Agro Mart,Eppawala Rock Phosphate (ERP),Sri Lanka,"Tea, Rubber, Coconut",Basal Application,101.0,40.3,4070.3,100,0.0,27.9,0.04,Calcium: 1.8 %,1.0,Yes,Imported directly
AGR-72900,BT23-4574B,2023-03-28,Yala,Northern Province,Pettah Agro Traders,NPK 15-15-15,Sri Lanka,"General Crops, Horticulture",Broadcast / Foliar,2.0,240.0,480.0,100,14.8,14.6,14.8,Sulfur: 13.1 g/100g | Boron: 21.5 g/kg,3.2,Yes,Sample from bulk storage
AGR-82070,BT24-6645A,2023-10-05,Maha,North Central Province,Browns Agricultural Products,NPK 12-12-17,Germany,"Horticulture, Fruit Crops",Broadcast,998.0,305.77,305158.46,100,11.8,11.8,16.4,Magnesium: 1.43 % | Boron: 1.94 %,1.9,Yes,
AGR-37270,MF24-4484,2024-09-27,Yala,Western Province,Eastern Agrochem Depot,NPK 12-12-17,Germany,"Horticulture, Fruit Crops",Broadcast,1000.5,270.0,270135.0,100,12.0,12.3,16.7,Magnesium: 16.4 g/100g | Boron: 0.66 %,3.3,Yes,Retest recommended
AGR-38895,CR22-6348A,2023-08-24,Yala,Eastern Province,Galle Agrochemical Stores,NPK 12-12-17,Germany,"Horticulture, Fruit Crops",Broadcast,2.5,270.0,675.0,100,11.9,12.0,17.4,Magnesium: 1.23 % | Boron: 11.2 g/kg,0.6,Yes,Sample from bulk storage
AGR-67802,MF23-7027C,2023-10-23,Off-Season,North Western Province,Hayleys Agriculture Holdings,MOP (Muriate of Potash),Canada,"Paddy, Banana, Tea",Top Dressing,4.0,176.08,704.32,100,0.06,0.0,61.2,Chlorine: 1.83 %,3.2,Yes,
AGR-40049,CR22-6369,2024-12-25,Yala,North Central Province,Abans Agri Supplies,TSP (Triple Super Phosphate),India,"Vegetables, Root Crops",Basal Application,25.0,187.15,4678.75,100,0.0,46.2,0.0,Calcium: 0.65 %,1.4,Yes,
AGR-27491,LT24-5080,2023-08-13,Maha,North Central Province,Matara Farm Solutions,Urea,Sri Lanka,"Paddy, Maize, Vegetables",Broadcast / Soil Incorporation,5.0,120.46,602.3,100,45.6,0.0,0.2,Not Detected,3.3,Yes,
AGR-90393,BT23-6874C,2024-05-26,Off-Season,North Central Province,Abans Agri Supplies,Eppawala Rock Phosphate (ERP),Sri Lanka,"Tea, Rubber, Coconut",Basal Application,3.5,48.38,169.33,100,0.0,28.7,0.0,Calcium: 1.57 %,3.1,No,Retest recommended
AGR-87616,AG22-3482A,2023-06-26,Yala,Eastern Province,Abans Agri Supplies,MOP (Muriate of Potash),Canada,"Paddy, Banana, Tea",Top Dressing,5.0,185.0,925.0,100,0.0,0.0,60.8,Chlorine: 19.6 g/100g,3.7,Yes,Local production batch
AGR-35160,BT22-3118C,2022-07-15,Yala,Southern Province,Matara Farm Solutions,TSP (Triple Super Phosphate),India,"Vegetables, Root Crops",Basal Application,1.0,190.0,190.0,100,0.0,45.6,0.0,Calcium: 11.2 g/100g,2.3,Yes,Local production batch
AGR-33794,MF24-6435C,2024-04-25,Yala,Sabaragamuwa Province,Colombo Pesticide Warehouse,Dolomite,Sri Lanka,"Tea, Vegetables, Acidic Soils",Soil Amendment,500.0,70.0,35000.0,100,0.21,0.0,0.0,Calcium: 13.8 g/kg | Magnesium: 2.7 %,1.7,No,
AGR-46024,AG23-8964A,2024-02-24,Maha,North Central Province,Browns Agricultural Products,Compost / Organic,Sri Lanka,"All Crops, Soil Health",Incorporation,6.0,24.92,149.52,100,1.3,0.9,1.4,Organic Carbon: 14.1 g/100g | Humus: 12.0 g/kg,3.6,No,
AGR-80007,BT22-7280A,2022-03-21,Maha,North Central Province,Lankem Ceylon PLC,Eppawala Rock Phosphate (ERP),Sri Lanka,"Tea, Rubber, Coconut",Basal Application,26.0,45.0,1170.0,100,0.0,29.1,0.0,Calcium: 1.05 %,3.9,No,
AGR-57023,LT24-8185,2022-01-06,Off-Season,Uva Province,Galle Agrochemical Stores,Ammonium Sulfate (SOA),China,"Tea, Vegetables",Top Dressing,10.0,135.0,1350.0,100,20.6,0.0,0.0,Sulfur: 1.61 %,1.5,Yes,
AGR-91921,AG23-1732C,2022-02-13,Maha,Central Province,Abans Agri Supplies,Dolomite,Sri Lanka,"Tea, Vegetables, Acidic Soils",Soil Amendment,100.0,73.36,7336.0,100,0.16,0.0,0.0,Calcium: 12.0 g/kg | Magnesium: 2.54 %,4.2,No,Expired stock — discounted
AGR-15760,LT23-5678C,2023-09-05,Yala,Southern Province,Lankem Ceylon PLC,Dolomite,Sri Lanka,"Tea, Vegetables, Acidic Soils",Soil Amendment,502.0,60.21,30225.42,100,0.0,0.19,0.0,Calcium: 15.3 g/kg | Magnesium: 0.77 %,2.3,Yes,
AGR-30296,MF24-4801,2024-04-14,Off-Season,Southern Province,Kandy Farm Supplies,Compost / Organic,Sri Lanka,"All Crops, Soil Health",Incorporation,0.5,38.15,19.07,100,1.3,1.0,1.3,Organic Carbon: 11.8 g/kg | Humus: 6.6 g/kg,3.6,No,Local production batch
AGR-75962,LT23-2581C,2024-05-14,Off-Season,Eastern Province,Matara Farm Solutions,Compost / Organic,Sri Lanka,"All Crops, Soil Health",Incorporation,503.0,38.44,19335.32,100,1.33,0.9,1.6,Organic Carbon: 1.33 % | Humus: 0.74 %,3.0,No,Expired stock — discounted
AGR-97681,MF22-1605,2024-12-20,Maha,Sabaragamuwa Province,Kurunegala Agri Centre,NPK 15-15-15,Sri Lanka,"General Crops, Horticulture",Broadcast / Foliar,53.0,285.93,15154.29,100,15.0,14.8,14.6,Sulfur: 10.7 g/kg | Boron: 1.82 %,0.7,Yes,
AGR-82941,LT22-9466,2023-04-13,Yala,Southern Province,Galle Agrochemical Stores,TSP (Triple Super Phosphate),India,"Vegetables, Root Crops",Basal Application,5.0,197.4,987.0,100,0.0,46.6,0.12,Calcium: 26.4 g/100g,2.9,Yes,
AGR-69775,AG22-2517A,2024-06-25,Off-Season,Sabaragamuwa Province,Kurunegala Agri Centre,NPK 15-15-15,Sri Lanka,"General Crops, Horticulture",Broadcast / Foliar,25.0,225.74,5643.5,100,15.3,14.3,14.6,Sulfur: 21.7 g/100g | Boron: 1.88 %,1.5,Yes,Local production batch
AGR-31511,MF24-6307A,2024-12-08,Maha,Central Province,Kandy Farm Supplies,Compost / Organic,Sri Lanka,"All Crops, Soil Health",Incorporation,24.0,30.0,720.0,100,1.6,0.9,1.4,Organic Carbon: 21.2 g/100g | Humus: 2.52 %,3.1,Yes,Opened bag — partial quantity
AGR-62543,LT24-3557C,2023-05-14,Yala,North Central Province,Kandy Farm Supplies,Compost / Organic,Sri Lanka,"All Crops, Soil Health",Incorporation,12.0,20.0,240.0,100,1.36,0.99,1.3,Organic Carbon: 1.11 % | Humus: 17.8 g/kg,2.0,No,Retest recommended
AGR-26567,BT24-7789B,2024-02-23,Off-Season,Southern Province,Browns Agricultural Products,NPK 15-15-15,Sri Lanka,"General Crops, Horticulture",Broadcast / Foliar,1000.0,248.74,248740.0,100,14.3,15.0,14.3,Sulfur: 27.4 g/kg | Boron: 26.6 g/kg,0.6,No,
AGR-54742,AG23-8948A,2022-09-02,Off-Season,Southern Province,Browns Agricultural Products,Urea,Sri Lanka,"Paddy, Maize, Vegetables",Broadcast / Soil Incorporation,1001.5,100.0,100150.0,100,46.2,0.0,0.0,Not Detected,3.5,Yes,Expired stock — discounted
AGR-79254,BT24-9865A,2022-01-21,Maha,Eastern Province,Eastern Agrochem Depot,NPK 12-12-17,Germany,"Horticulture, Fruit Crops",Broadcast,26.5,250.0,6625.0,100,12.2,11.6,16.4,Magnesium: 7.5 g/kg | Boron: 6.6 g/kg,4.2,Yes,
AGR-53535,CR23-1871C,2022-03-13,Maha,North Western Province,Eastern Agrochem Depot,Eppawala Rock Phosphate (ERP),Sri Lanka,"Tea, Rubber, Coconut",Basal Application,5.0,34.51,172.55,100,0.0,27.3,0.0,Calcium: 26.3 g/100g,1.6,No,
AGR-67360,BT23-1238B,2024-02-07,Off-Season,Central Province,Kurunegala Agri Centre,NPK 15-15-15,Sri Lanka,"General Crops, Horticulture",Broadcast / Foliar,10.0,266.23,2662.3,100,14.6,15.4,15.4,Sulfur: 2.34 % | Boron: 1.99 %,2.9,Yes,Imported directly
AGR-63186,MF22-9673B,2023-04-04,Maha,Western Province,Matara Farm Solutions,NPK 12-12-17,Germany,"Horticulture, Fruit Crops",Broadcast,50.5,288.82,14585.41,100,11.9,11.8,17.3,Magnesium: 6.5 g/100g | Boron: 11.7 g/100g,0.6,No,
AGR-42057,AG22-2465,2023-07-10,Maha,Central Province,Agromart Ltd,Urea,Sri Lanka,"Paddy, Maize, Vegetables",Broadcast / Soil Incorporation,1000.0,95.0,95000.0,100,45.1,0.0,0.0,Not Detected,2.2,Yes,Local production batch
AGR-96785,BT22-8532A,2022-12-25,Off-Season,Northern Province,Kandy Farm Supplies,TSP (Triple Super Phosphate),India,"Vegetables, Root Crops",Basal Application,10.0,155.36,1553.6,100,0.15,45.9,0.0,Calcium: 1.05 %,2.0,Yes,Sample from bulk storage
AGR-30065,LT24-1133B,2022-01-09,Off-Season,Uva Province,Eastern Agrochem Depot,Eppawala Rock Phosphate (ERP),Sri Lanka,"Tea, Rubber, Coconut",Basal Application,1000.0,40.0,40000.0,100,0.11,27.0,0.0,Calcium: 1.53 %,1.0,No,Slight clumping observed
AGR-79921,CR22-6964,2022-07-09,Off-Season,Southern Province,Matara Farm Solutions,Eppawala Rock Phosphate (ERP),Sri Lanka,"Tea, Rubber, Coconut",Basal Application,50.0,31.57,1578.5,100,0.02,28.0,0.0,Calcium: 8.9 g/100g,4.3,Yes,Sample from bulk storage
AGR-52965,BT24-8659C,2022-02-26,Yala,Western Province,Anuradhapura Agro Mart,Compost / Organic,Sri Lanka,"All Crops, Soil Health",Incorporation,6.5,29.29,190.38,100,1.6,1.0,1.6,Organic Carbon: 1.06 % | Humus: 24.3 g/kg,2.7,No,Imported directly
AGR-52282,AG23-5072B,2022-06-09,Maha,North Central Province,Pettah Agro Traders,Ammonium Sulfate (SOA),China,"Tea, Vegetables",Top Dressing,7.0,120.11,840.77,100,20.7,0.0,0.0,Sulfur: 27.2 g/100g,1.2,No,Slight clumping observed
AGR-71982,LT24-8369C,2023-06-10,Maha,Sabaragamuwa Province,CIC Agri Businesses,Compost / Organic,Sri Lanka,"All Crops, Soil Health",Incorporation,100.0,37.86,3786.0,100,1.5,0.9,2.0,Organic Carbon: 13.2 g/100g | Humus: 1.52 %,2.5,Yes,Opened bag — partial quantity
AGR-44514,BT22-2916C,2022-02-24,Off-Season,Western Province,Hayleys Agriculture Holdings,TSP (Triple Super Phosphate),India,"Vegetables, Root Crops",Basal Application,2.0,141.3,282.6,100,0.0,45.6,0.0,Calcium: 19.1 g/kg,3.1,No,Expired stock — discounted
AGR-43466,AG22-4411B,2022-05-21,Yala,Western Province,Kurunegala Agri Centre,Ammonium Sulfate (SOA),China,"Tea, Vegetables",Top Dressing,50.5,137.28,6932.64,100,21.4,0.0,0.12,Sulfur: 13.0 g/100g,0.3,No,Slight clumping observed
AGR-34377,AG22-4231B,2024-12-02,Off-Season,North Western Province,Kurunegala Agri Centre,Eppawala Rock Phosphate (ERP),Sri Lanka,"Tea, Rubber, Coconut",Basal Application,10.0,52.69,526.9,100,0.0,28.4,0.0,Calcium: 24.1 g/kg,0.7,Yes,
AGR-31173,MF24-1618C,2024-01-15,Off-Season,Eastern Province,Pettah Agro Traders,Urea,Sri Lanka,"Paddy, Maize, Vegetables",Broadcast / Soil Incorporation,25.0,125.27,3131.75,100,46.9,0.0,0.0,Not Detected,3.1,Yes,Imported directly
AGR-25986,AG22-9831B,2022-04-06,Off-Season,Uva Province,Eastern Agrochem Depot,Urea,Sri Lanka,"Paddy, Maize, Vegetables",Broadcast / Soil Incorporation,5.0,121.06,605.3,100,45.4,0.16,0.0,Not Detected,1.1,Yes,Local production batch
AGR-41169,BT24-6098,2023-02-23,Maha,Central Province,Pettah Agro Traders,NPK 12-12-17,Germany,"Horticulture, Fruit Crops",Broadcast,101.5,266.51,27050.76,100,11.8,12.0,16.7,Magnesium: 11.3 g/100g | Boron: 2.11 %,3.6,No,Local production batch
AGR-77121,MF24-6572A,2023-06-10,Yala,Sabaragamuwa Province,Colombo Pesticide Warehouse,NPK 12-12-17,Germany,"Horticulture, Fruit Crops",Broadcast,23.0,255.0,5865.0,100,12.1,11.7,17.1,Magnesium: 1.1 % | Boron: 26.1 g/kg,3.6,Yes,Opened bag — partial quantity
AGR-77027,BT24-6400A,2022-11-18,Maha,Eastern Province,Colombo Pesticide Warehouse,Compost / Organic,Sri Lanka,"All Crops, Soil Health",Incorporation,1002.0,20.0,20040.0,100,1.3,0.9,1.4,Organic Carbon: 17.6 g/100g | Humus: 16.0 g/kg,3.5,No,
AGR-64000,BT24-8456A,2023-07-25,Yala,Sabaragamuwa Province,Eastern Agrochem Depot,Urea,Sri Lanka,"Paddy, Maize, Vegetables",Broadcast / Soil Incorporation,5.0,125.0,625.0,100,45.8,0.14,0.0,Not Detected,3.1,No,Retest recommended
AGR-85284,MF23-8914B,2024-05-07,Yala,North Central Province,Anuradhapura Agro Mart,NPK 12-12-17,Germany,"Horticulture, Fruit Crops",Broadcast,5.0,302.04,1510.2,100,12.18,12.0,16.67,Magnesium: 14.1 g/kg | Boron: 2.64 %,2.7,Yes,Local production batch
AGR-88228,CR24-9411C,2022-03-22,Maha,North Central Province,Abans Agri Supplies,Compost / Organic,Sri Lanka,"All Crops, Soil Health",Incorporation,25.0,22.34,558.5,100,1.6,1.0,2.0,Organic Carbon: 11.2 g/100g | Humus: 9.8 g/kg,3.2,No,
AGR-95756,AG24-6182B,2022-10-13,Maha,Sabaragamuwa Province,Pettah Agro Traders,Compost / Organic,Sri Lanka,"All Crops, Soil Health",Incorporation,200.0,23.49,4698.0,100,1.46,0.9,1.3,Organic Carbon: 13.7 g/kg | Humus: 27.5 g/100g,2.6,Yes,Imported directly
AGR-41568,MF23-8681B,2023-12-30,Off-Season,Eastern Province,Lankem Ceylon PLC,MOP (Muriate of Potash),Canada,"Paddy, Banana, Tea",Top Dressing,200.0,193.52,38704.0,100,0.0,0.0,57.3,Chlorine: 0.63 %,2.5,Yes,Sample from bulk storage
AGR-92009,BT22-9815A,2023-10-07,Yala,Central Province,Hayleys Agriculture Holdings,Ammonium Sulfate (SOA),China,"Tea, Vegetables",Top Dressing,6.5,141.5,919.75,100,21.4,0.0,0.0,Sulfur: 9.6 g/kg,1.5,Yes,Opened bag — partial quantity
AGR-47259,AG22-4216,2024-09-29,Off-Season,Western Province,Kurunegala Agri Centre,NPK 15-15-15,Sri Lanka,"General Crops, Horticulture",Broadcast / Foliar,50.0,240.0,12000.0,100,14.6,15.2,14.7,Sulfur: 8.6 g/kg | Boron: 24.2 g/kg,3.6,Yes,Expired stock — discounted
AGR-48170,CR24-1687,2022-04-05,Off-Season,Southern Province,Jaffna Fertilizer Depot,MOP (Muriate of Potash),Canada,"Paddy, Banana, Tea",Top Dressing,50.0,215.0,10750.0,100,0.0,0.0,60.6,Chlorine: 1.92 %,3.0,Yes,Local production batch
AGR-58083,LT24-3499C,2022-05-26,Yala,Sabaragamuwa Province,Browns Agricultural Products,Eppawala Rock Phosphate (ERP),Sri Lanka,"Tea, Rubber, Coconut",Basal Application,25.0,40.0,1000.0,100,0.0,28.2,0.0,Calcium: 2.27 %,0.9,No,Expired stock — discounted
AGR-20463,BT23-4951,2024-10-19,Yala,Western Province,Lankem Ceylon PLC,Ammonium Sulfate (SOA),China,"Tea, Vegetables",Top Dressing,1.0,140.0,140.0,100,21.5,0.05,0.0,Sulfur: 1.21 %,3.4,Yes,Slight clumping observed
AGR-98335,LT24-7262A,2024-09-25,Off-Season,Northern Province,Jaffna Fertilizer Depot,Eppawala Rock Phosphate (ERP),Sri Lanka,"Tea, Rubber, Coconut",Basal Application,10.0,37.37,373.7,100,0.0,28.26,0.12,Calcium: 12.6 g/kg,2.2,No,
AGR-95900,CR22-8686A,2024-10-27,Yala,Central Province,Galle Agrochemical Stores,NPK 15-15-15,Sri Lanka,"General Crops, Horticulture",Broadcast / Foliar,101.0,220.0,22220.0,100,14.8,14.3,14.5,Sulfur: 14.0 g/100g | Boron: 1.45 %,0.7,Yes,Slight clumping observed
AGR-80226,LT23-2273B,2022-11-28,Off-Season,Southern Province,Anuradhapura Agro Mart,Urea,Sri Lanka,"Paddy, Maize, Vegetables",Broadcast / Soil Incorporation,51.5,97.87,5040.31,100,45.2,0.0,0.0,Not Detected,2.3,Yes,Imported directly
AGR-66537,BT24-3346A,2024-11-03,Yala,Central Province,Jaffna Fertilizer Depot,MOP (Muriate of Potash),Canada,"Paddy, Banana, Tea",Top Dressing,1.0,163.97,163.97,100,0.21,0.0,58.27,Chlorine: 14.9 g/kg,0.9,No,
AGR-85134,CR22-9996,2024-04-18,Maha,Western Province,Kandy Farm Supplies,Urea,Sri Lanka,"Paddy, Maize, Vegetables",Broadcast / Soil Incorporation,201.0,115.77,23269.77,100,46.72,0.21,0.0,Not Detected,0.6,Yes,
AGR-43798,MF23-8150A,2023-05-24,Yala,North Western Province,Kandy Farm Supplies,Urea,Sri Lanka,"Paddy, Maize, Vegetables",Broadcast / Soil Incorporation,202.0,123.58,24963.16,100,45.1,0.22,0.08,Not Detected,0.7,Yes,Expired stock — discounted
AGR-30310,AG23-7144,2023-04-01,Off-Season,Southern Province,Agromart Ltd,Compost / Organic,Sri Lanka,"All Crops, Soil Health",Incorporation,200.0,30.3,6060.0,100,1.4,1.0,1.6,Organic Carbon: 1.99 % | Humus: 0.86 %,4.2,No,Local production batch
AGR-88949,MF24-1105,2023-04-02,Yala,North Central Province,Matara Farm Solutions,TSP (Triple Super Phosphate),India,"Vegetables, Root Crops",Basal Application,500.0,140.0,70000.0,100,0.0,45.6,0.0,Calcium: 27.2 g/100g,1.2,Yes,Slight clumping observed
AGR-71432,AG24-2733C,2024-08-12,Off-Season,Sabaragamuwa Province,Browns Agricultural Products,NPK 12-12-17,Germany,"Horticulture, Fruit Crops",Broadcast,50.0,264.1,13205.0,100,12.4,11.85,17.0,Magnesium: 0.96 % | Boron: 21.7 g/100g,1.3,Yes,Expired stock — discounted
AGR-51155,CR24-8721B,2023-06-04,Maha,Uva Province,Kurunegala Agri Centre,Compost / Organic,Sri Lanka,"All Crops, Soil Health",Incorporation,200.0,30.0,6000.0,100,1.4,1.0,1.6,Organic Carbon: 11.0 g/kg | Humus: 6.0 g/100g,3.6,Yes,Slight clumping observed
AGR-23648,MF23-7373A,2024-06-04,Off-Season,Western Province,Lankem Ceylon PLC,Eppawala Rock Phosphate (ERP),Sri Lanka,"Tea, Rubber, Coconut",Basal Application,2.0,43.04,86.08,100,0.0,27.9,0.0,Calcium: 23.5 g/kg,1.1,Yes,
AGR-51033,BT24-9257A,2024-01-30,Yala,Central Province,Jaffna Fertilizer Depot,NPK 15-15-15,Sri Lanka,"General Crops, Horticulture",Broadcast / Foliar,1000.5,279.61,279749.8,100,14.6,15.2,14.6,Sulfur: 0.86 % | Boron: 1.88 %,0.8,Yes,Expired stock — discounted
AGR-83878,LT22-5604,2024-05-10,Maha,Central Province,Hayleys Agriculture Holdings,Eppawala Rock Phosphate (ERP),Sri Lanka,"Tea, Rubber, Coconut",Basal Application,198.0,56.54,11194.92,100,0.0,28.4,0.0,Calcium: 12.4 g/100g,3.5,Yes,
AGR-13667,CR24-9585,2022-06-20,Yala,Northern Province,Hayleys Agriculture Holdings,NPK 15-15-15,Sri Lanka,"General Crops, Horticulture",Broadcast / Foliar,51.5,235.52,12129.28,100,14.4,14.6,15.5,Sulfur: 7.1 g/100g | Boron: 0.84 %,2.7,No,Expired stock — discounted
AGR-51427,CR23-4502,2023-10-25,Off-Season,North Western Province,Kandy Farm Supplies,Compost / Organic,Sri Lanka,"All Crops, Soil Health",Incorporation,5.0,30.0,150.0,100,1.4,0.9,1.3,Organic Carbon: 2.12 % | Humus: 20.4 g/kg,2.1,Yes,Opened bag — partial quantity
AGR-12566,CR23-3209A,2024-09-27,Yala,Northern Province,Matara Farm Solutions,Compost / Organic,Sri Lanka,"All Crops, Soil Health",Incorporation,10.0,22.7,227.0,100,1.5,1.0,1.5,Organic Carbon: 1.24 % | Humus: 10.2 g/kg,2.1,Yes,
AGR-13523,BT22-6705C,2022-03-13,Off-Season,Sabaragamuwa Province,Anuradhapura Agro Mart,TSP (Triple Super Phosphate),India,"Vegetables, Root Crops",Basal Application,1000.0,184.04,184040.0,100,0.0,46.1,0.0,Calcium: 1.79 %,0.7,Yes,
AGR-11260,CR22-6803C,2023-12-28,Off-Season,North Central Province,Hayleys Agriculture Holdings,TSP (Triple Super Phosphate),India,"Vegetables, Root Crops",Basal Application,203.0,145.16,29467.48,100,0.0,46.8,0.0,Calcium: 21.2 g/kg,1.2,No,Slight clumping observed
AGR-35005,MF24-1342B,2023-11-06,Off-Season,North Western Province,Browns Agricultural Products,NPK 12-12-17,Germany,"Horticulture, Fruit Crops",Broadcast,100.0,275.0,27500.0,100,12.0,11.8,16.8,Magnesium: 24.4 g/kg | Boron: 24.4 g/kg,4.2,Yes,
AGR-28063,MF24-8007C,2024-05-10,Off-Season,North Central Province,Eastern Agrochem Depot,NPK 15-15-15,Sri Lanka,"General Crops, Horticulture",Broadcast / Foliar,1.0,289.29,289.29,100,15.1,14.4,14.3,Sulfur: 1.45 % | Boron: 22.8 g/kg,2.0,Yes,Imported directly
AGR-77578,MF23-7428B,2024-08-26,Maha,Central Province,Pettah Agro Traders,Ammonium Sulfate (SOA),China,"Tea, Vegetables",Top Dressing,50.0,130.0,6500.0,100,21.7,0.06,0.0,Sulfur: 0.71 %,1.6,No,Slight clumping observed
AGR-68920,MF22-9061C,2023-02-22,Yala,Sabaragamuwa Province,Hayleys Agriculture Holdings,Ammonium Sulfate (SOA),China,"Tea, Vegetables",Top Dressing,50.0,141.8,7090.0,100,21.0,0.0,0.0,Sulfur: 11.9 g/100g,3.8,Yes,
AGR-11739,AG22-2192A,2022-06-15,Off-Season,Sabaragamuwa Province,Colombo Pesticide Warehouse,Eppawala Rock Phosphate (ERP),Sri Lanka,"Tea, Rubber, Coconut",Basal Application,24.0,40.0,960.0,100,0.0,29.1,0.0,Calcium: 16.1 g/kg,3.9,Yes,Retest recommended
AGR-11618,MF22-7796B,2023-08-10,Yala,North Central Province,Abans Agri Supplies,Dolomite,Sri Lanka,"Tea, Vegetables, Acidic Soils",Soil Amendment,2.5,56.95,142.38,100,0.16,0.0,0.0,Calcium: 23.2 g/kg | Magnesium: 15.6 g/kg,2.6,Yes,Opened bag — partial quantity
AGR-45244,MF23-3655A,2023-06-20,Off-Season,North Western Province,Agromart Ltd,Compost / Organic,Sri Lanka,"All Crops, Soil Health",Incorporation,1000.0,35.18,35180.0,100,1.3,1.0,1.48,Organic Carbon: 17.2 g/kg | Humus: 12.7 g/kg,0.4,Yes,
AGR-69873,MF22-8952B,2022-07-24,Yala,Southern Province,Browns Agricultural Products,Ammonium Sulfate (SOA),China,"Tea, Vegetables",Top Dressing,12.0,114.92,1379.04,100,21.4,0.12,0.0,Sulfur: 16.9 g/100g,1.0,No,Imported directly
AGR-38392,LT23-1587B,2024-09-16,Yala,North Western Province,Abans Agri Supplies,NPK 12-12-17,Germany,"Horticulture, Fruit Crops",Broadcast,200.0,309.78,61956.0,100,11.7,11.95,16.3,Magnesium: 22.7 g/kg | Boron: 1.02 %,2.3,Yes,Expired stock — discounted
AGR-79349,AG24-7853B,2024-04-12,Maha,Northern Province,Kandy Farm Supplies,NPK 15-15-15,Sri Lanka,"General Crops, Horticulture",Broadcast / Foliar,13.0,230.53,2996.89,100,15.6,14.53,14.7,Sulfur: 2.29 % | Boron: 6.7 g/kg,4.0,Yes,Expired stock — discounted
AGR-10977,LT23-2276,2022-11-13,Maha,North Western Province,Browns Agricultural Products,TSP (Triple Super Phosphate),India,"Vegetables, Root Crops",Basal Application,2.0,180.72,361.44,100,0.02,46.5,0.13,Calcium: 17.3 g/kg,3.8,No,
AGR-39468,MF24-7472B,2024-01-30,Maha,Sabaragamuwa Province,Browns Agricultural Products,NPK 15-15-15,Sri Lanka,"General Crops, Horticulture",Broadcast / Foliar,5.0,275.0,1375.0,100,14.5,15.3,15.2,Sulfur: 25.9 g/kg | Boron: 17.8 g/kg,0.4,Yes,Local production batch
AGR-86470,CR22-3762A,2022-11-20,Yala,Central Province,Eastern Agrochem Depot,Urea,Sri Lanka,"Paddy, Maize, Vegetables",Broadcast / Soil Incorporation,13.0,111.27,1446.51,100,46.5,0.0,0.0,Not Detected,0.6,Yes,Imported directly
AGR-64990,AG22-8490B,2023-07-25,Off-Season,Northern Province,Matara Farm Solutions,MOP (Muriate of Potash),Canada,"Paddy, Banana, Tea",Top Dressing,998.0,179.36,179001.28,100,0.25,0.0,57.6,Chlorine: 2.72 %,4.2,Yes,
AGR-49242,BT24-4624A,2023-05-26,Off-Season,Central Province,Pettah Agro Traders,NPK 12-12-17,Germany,"Horticulture, Fruit Crops",Broadcast,10.0,305.86,3058.6,100,12.4,12.0,16.4,Magnesium: 0.7 % | Boron: 1.4 %,2.0,Yes,Retest recommended
AGR-36765,LT23-1978C,2023-04-17,Yala,Southern Province,Hayleys Agriculture Holdings,Compost / Organic,Sri Lanka,"All Crops, Soil Health",Incorporation,100.0,35.0,3500.0,100,2.0,0.9,1.5,Organic Carbon: 9.1 g/100g | Humus: 2.16 %,4.0,Yes,
AGR-45454,MF22-4804,2023-10-23,Off-Season,Southern Province,Galle Agrochemical Stores,Eppawala Rock Phosphate (ERP),Sri Lanka,"Tea, Rubber, Coconut",Basal Application,50.0,55.0,2750.0,100,0.0,29.1,0.18,Calcium: 2.33 %,0.9,Yes,Imported directly
AGR-63074,MF23-5212A,2022-12-10,Off-Season,Sabaragamuwa Province,Agromart Ltd,TSP (Triple Super Phosphate),India,"Vegetables, Root Crops",Basal Application,103.0,196.78,20268.34,100,0.0,46.6,0.0,Calcium: 1.74 %,4.2,Yes,Slight clumping observed
AGR-13678,BT23-1812B,2022-01-26,Off-Season,Central Province,Kandy Farm Supplies,Ammonium Sulfate (SOA),China,"Tea, Vegetables",Top Dressing,500.0,132.91,66455.0,100,21.7,0.0,0.0,Sulfur: 13.9 g/100g,0.6,No,Retest recommended
AGR-74181,BT22-6070C,2022-04-13,Off-Season,Eastern Province,Browns Agricultural Products,Urea,Sri Lanka,"Paddy, Maize, Vegetables",Broadcast / Soil Incorporation,100.0,104.22,10422.0,100,46.0,0.0,0.0,Not Detected,1.5,No,Expired stock — discounted
AGR-10201,CR24-8388,2022-11-10,Yala,Eastern Province,Matara Farm Solutions,Eppawala Rock Phosphate (ERP),Sri Lanka,"Tea, Rubber, Coconut",Basal Application,2.0,31.39,62.78,100,0.23,27.42,0.0,Calcium: 18.1 g/100g,1.6,Yes,
AGR-90197,CR24-4306,2023-05-14,Yala,Western Province,Eastern Agrochem Depot,NPK 15-15-15,Sri Lanka,"General Crops, Horticulture",Broadcast / Foliar,200.0,249.12,49824.0,100,15.2,14.8,15.1,Sulfur: 1.49 % | Boron: 23.4 g/kg,4.0,Yes,Local production batch
AGR-54859,MF22-8344,2024-06-21,Maha,Northern Province,Browns Agricultural Products,MOP (Muriate of Potash),Canada,"Paddy, Banana, Tea",Top Dressing,1001.0,206.06,206266.06,100,0.0,0.0,58.2,Chlorine: 1.66 %,0.6,Yes,Retest recommended
AGR-95922,MF22-7682B,2022-09-18,Off-Season,North Central Province,Abans Agri Supplies,NPK 15-15-15,Sri Lanka,"General Crops, Horticulture",Broadcast / Foliar,1.0,250.85,250.85,100,14.8,14.6,15.3,Sulfur: 1.41 % | Boron: 2.06 %,3.3,Yes,
AGR-42815,MF24-5170A,2023-02-03,Maha,Central Province,Agromart Ltd,Compost / Organic,Sri Lanka,"All Crops, Soil Health",Incorporation,10.0,36.99,369.9,100,1.39,0.9,1.4,Organic Carbon: 0.98 % | Humus: 12.2 g/kg,4.3,No,Slight clumping observed
AGR-71175,CR23-2957A,2022-03-30,Maha,Uva Province,Anuradhapura Agro Mart,Compost / Organic,Sri Lanka,"All Crops, Soil Health",Incorporation,5.0,22.82,114.1,100,1.4,1.0,1.4,Organic Carbon: 1.0 % | Humus: 13.8 g/kg,0.5,Yes,Sample from bulk storage
AGR-31872,CR22-6214C,2024-12-11,Off-Season,North Central Province,Colombo Pesticide Warehouse,MOP (Muriate of Potash),Canada,"Paddy, Banana, Tea",Top Dressing,25.0,190.87,4771.75,100,0.0,0.0,59.8,Chlorine: 1.98 %,3.5,Yes,Sample from bulk storage
AGR-41603,AG23-1594C,2024-06-02,Maha,Central Province,Browns Agricultural Products,TSP (Triple Super Phosphate),India,"Vegetables, Root Crops",Basal Application,200.0,165.0,33000.0,100,0.0,45.5,0.0,Calcium: 1.66 %,2.3,No,Opened bag — partial quantity
AGR-73076,BT24-6476B,2022-04-21,Yala,Uva Province,Jaffna Fertilizer Depot,MOP (Muriate of Potash),Canada,"Paddy, Banana, Tea",Top Dressing,5.0,170.0,850.0,100,0.0,0.0,57.1,Chlorine: 1.21 %,1.3,Yes,Sample from bulk storage
AGR-15187,BT24-7540B,2022-02-26,Off-Season,Sabaragamuwa Province,Agromart Ltd,Urea,Sri Lanka,"Paddy, Maize, Vegetables",Broadcast / Soil Incorporation,5.0,126.98,634.9,100,45.6,0.0,0.0,Not Detected,3.8,Yes,
AGR-11136,AG24-5949,2024-10-25,Off-Season,North Central Province,Agromart Ltd,NPK 15-15-15,Sri Lanka,"General Crops, Horticulture",Broadcast / Foliar,2.0,287.06,574.12,100,14.8,14.5,15.1,Sulfur: 8.2 g/kg | Boron: 26.8 g/100g,2.7,Yes,
AGR-14833,BT23-9391B,2022-08-13,Off-Season,North Central Province,Lankem Ceylon PLC,Dolomite,Sri Lanka,"Tea, Vegetables, Acidic Soils",Soil Amendment,25.0,74.47,1861.75,100,0.0,0.0,0.0,Calcium: 26.3 g/kg | Magnesium: 23.8 g/kg,2.4,Yes,
AGR-67444,LT24-5107A,2022-03-20,Maha,Northern Province,Kandy Farm Supplies,Ammonium Sulfate (SOA),China,"Tea, Vegetables",Top Dressing,1000.5,120.0,120060.0,100,20.0,0.0,0.0,Sulfur: 1.32 %,1.9,Yes,Imported directly
AGR-91684,BT22-5644C,2023-06-28,Yala,North Central Province,Abans Agri Supplies,Dolomite,Sri Lanka,"Tea, Vegetables, Acidic Soils",Soil Amendment,4.0,72.47,289.88,100,0.0,0.0,0.0,Calcium: 1.8 % | Magnesium: 1.35 %,2.4,Yes,Sample from bulk storage
AGR-53571,CR24-2028A,2023-07-13,Maha,Central Province,Hayleys Agriculture Holdings,Dolomite,Sri Lanka,"Tea, Vegetables, Acidic Soils",Soil Amendment,1.0,50.04,50.04,100,0.14,0.22,0.0,Calcium: 1.59 % | Magnesium: 1.89 %,4.5,Yes,Opened bag — partial quantity
AGR-51092,LT23-8217A,2023-08-27,Maha,Sabaragamuwa Province,Colombo Pesticide Warehouse,NPK 15-15-15,Sri Lanka,"General Crops, Horticulture",Broadcast / Foliar,1.0,232.25,232.25,100,14.4,15.53,15.4,Sulfur: 1.41 % | Boron: 8.6 g/100g,3.1,Yes,
AGR-52032,AG22-8028C,2022-02-23,Maha,Sabaragamuwa Province,Hayleys Agriculture Holdings,Ammonium Sulfate (SOA),China,"Tea, Vegetables",Top Dressing,5.5,140.0,770.0,100,20.5,0.08,0.0,Sulfur: 20.4 g/kg,3.4,Yes,Expired stock — discounted
AGR-80572,CR24-5616,2023-02-03,Maha,Sabaragamuwa Province,CIC Agri Businesses,Urea,Sri Lanka,"Paddy, Maize, Vegetables",Broadcast / Soil Incorporation,500.0,100.55,50275.0,100,45.2,0.0,0.0,Not Detected,3.0,Yes,Sample from bulk storage
AGR-42292,CR23-3754,2023-04-29,Yala,Southern Province,Galle Agrochemical Stores,Compost / Organic,Sri Lanka,"All Crops, Soil Health",Incorporation,51.0,30.51,1556.01,100,1.4,0.9,1.3,Organic Carbon: 10.9 g/100g | Humus: 6.8 g/100g,2.4,Yes,Expired stock — discounted
AGR-67944,MF23-4599C,2023-09-27,Yala,Southern Province,Agromart Ltd,TSP (Triple Super Phosphate),India,"Vegetables, Root Crops",Basal Application,101.5,163.48,16593.22,100,0.02,46.6,0.0,Calcium: 13.3 g/kg,3.7,Yes,Sample from bulk storage
AGR-34687,AG23-1947A,2023-09-12,Maha,North Central Province,Eastern Agrochem Depot,Compost / Organic,Sri Lanka,"All Crops, Soil Health",Incorporation,503.0,23.3,11719.9,100,1.5,0.9,1.4,Organic Carbon: 1.06 % | Humus: 24.1 g/100g,3.9,Yes,Imported directly
AGR-33404,CR22-1991C,2022-03-13,Yala,Western Province,Eastern Agrochem Depot,NPK 12-12-17,Germany,"Horticulture, Fruit Crops",Broadcast,10.0,255.0,2550.0,100,11.47,11.9,17.0,Magnesium: 2.71 % | Boron: 2.61 %,4.3,Yes,
AGR-66096,AG22-7627B,2023-04-07,Off-Season,North Central Province,Hayleys Agriculture Holdings,Eppawala Rock Phosphate (ERP),Sri Lanka,"Tea, Rubber, Coconut",Basal Application,198.0,30.0,5940.0,100,0.0,27.6,0.0,Calcium: 1.35 %,2.0,No,Expired stock — discounted
AGR-80924,AG24-2559B,2024-08-10,Off-Season,Uva Province,Matara Farm Solutions,Compost / Organic,Sri Lanka,"All Crops, Soil Health",Incorporation,500.0,23.16,11580.0,100,1.4,1.01,1.3,Organic Carbon: 8.7 g/100g | Humus: 24.3 g/kg,3.3,No,
AGR-23022,BT23-4900,2023-10-16,Off-Season,Southern Province,Abans Agri Supplies,NPK 12-12-17,Germany,"Horticulture, Fruit Crops",Broadcast,50.0,310.0,15500.0,100,11.9,12.4,16.2,Magnesium: 25.8 g/100g | Boron: 14.5 g/100g,1.4,Yes,
AGR-43619,AG23-1242B,2023-10-12,Off-Season,North Western Province,Jaffna Fertilizer Depot,Urea,Sri Lanka,"Paddy, Maize, Vegetables",Broadcast / Soil Incorporation,200.0,111.3,22260.0,100,46.5,0.0,0.0,Not Detected,2.6,Yes,Slight clumping observed
AGR-94239,BT24-1386A,2022-04-02,Maha,Sabaragamuwa Province,Colombo Pesticide Warehouse,Urea,Sri Lanka,"Paddy, Maize, Vegetables",Broadcast / Soil Incorporation,200.0,98.13,19626.0,100,45.52,0.0,0.17,Not Detected,3.5,Yes,Sample from bulk storage
AGR-60788,LT22-4263,2023-03-18,Maha,Central Province,Browns Agricultural Products,Dolomite,Sri Lanka,"Tea, Vegetables, Acidic Soils",Soil Amendment,1.0,46.1,46.1,100,0.25,0.11,0.0,Calcium: 26.8 g/kg | Magnesium: 1.04 %,2.6,Yes,Opened bag — partial quantity
AGR-53929,CR22-5663B,2022-01-12,Maha,North Western Province,Kurunegala Agri Centre,Ammonium Sulfate (SOA),China,"Tea, Vegetables",Top Dressing,28.0,128.97,3611.16,100,20.41,0.2,0.22,Sulfur: 7.3 g/100g,0.8,No,Sample from bulk storage
AGR-60509,MF22-5051C,2023-08-27,Maha,North Central Province,Matara Farm Solutions,Dolomite,Sri Lanka,"Tea, Vegetables, Acidic Soils",Soil Amendment,27.0,65.0,1755.0,100,0.0,0.0,0.0,Calcium: 24.4 g/100g | Magnesium: 14.6 g/100g,4.4,No,Slight clumping observed
AGR-56428,LT22-5727A,2023-08-24,Yala,Sabaragamuwa Province,Kurunegala Agri Centre,MOP (Muriate of Potash),Canada,"Paddy, Banana, Tea",Top Dressing,51.5,202.65,10436.48,100,0.23,0.0,57.3,Chlorine: 1.27 %,0.4,No,
AGR-68289,AG24-7097C,2024-11-18,Maha,Western Province,CIC Agri Businesses,Eppawala Rock Phosphate (ERP),Sri Lanka,"Tea, Rubber, Coconut",Basal Application,499.0,53.16,26526.84,100,0.0,28.5,0.0,Calcium: 24.6 g/kg,2.6,No,
AGR-63750,CR22-9495B,2023-05-13,Off-Season,Sabaragamuwa Province,Pettah Agro Traders,NPK 12-12-17,Germany,"Horticulture, Fruit Crops",Broadcast,500.0,260.83,130415.0,100,12.3,12.3,17.54,Magnesium: 16.9 g/kg | Boron: 7.0 g/100g,3.2,Yes,
AGR-44249,LT24-3842,2024-09-23,Yala,Sabaragamuwa Province,Galle Agrochemical Stores,MOP (Muriate of Potash),Canada,"Paddy, Banana, Tea",Top Dressing,2.0,200.0,400.0,100,0.21,0.0,60.1,Chlorine: 1.22 %,1.5,Yes,Sample from bulk storage
AGR-89528,MF23-3813,2022-08-25,Yala,Eastern Province,Abans Agri Supplies,Compost / Organic,Sri Lanka,"All Crops, Soil Health",Incorporation,1.0,40.0,40.0,100,1.4,1.0,1.0,Organic Carbon: 13.5 g/100g | Humus: 8.9 g/100g,3.1,No,
AGR-62413,CR23-1641B,2024-11-29,Yala,Sabaragamuwa Province,Pettah Agro Traders,Dolomite,Sri Lanka,"Tea, Vegetables, Acidic Soils",Soil Amendment,5.0,48.84,244.2,100,0.0,0.24,0.11,Calcium: 12.9 g/kg | Magnesium: 22.8 g/kg,1.9,Yes,
AGR-78643,CR23-1158C,2023-05-28,Yala,Sabaragamuwa Province,Kurunegala Agri Centre,Compost / Organic,Sri Lanka,"All Crops, Soil Health",Incorporation,25.0,35.0,875.0,100,1.4,1.0,1.3,Organic Carbon: 1.5 % | Humus: 13.4 g/kg,3.6,Yes,Local production batch
AGR-89229,MF22-6292,2023-11-13,Maha,North Western Province,Colombo Pesticide Warehouse,NPK 15-15-15,Sri Lanka,"General Crops, Horticulture",Broadcast / Foliar,8.0,252.44,2019.52,100,14.9,15.4,14.4,Sulfur: 17.7 g/kg | Boron: 23.8 g/100g,4.4,Yes,Retest recommended
AGR-67404,BT22-5141,2024-07-16,Maha,Uva Province,Eastern Agrochem Depot,Eppawala Rock Phosphate (ERP),Sri Lanka,"Tea, Rubber, Coconut",Basal Application,100.0,45.0,4500.0,100,0.13,27.5,0.14,Calcium: 23.7 g/kg,2.5,Yes,Slight clumping observed
AGR-64053,AG24-7467B,2022-11-14,Maha,Southern Province,CIC Agri Businesses,Eppawala Rock Phosphate (ERP),Sri Lanka,"Tea, Rubber, Coconut",Basal Application,52.0,58.8,3057.6,100,0.2,26.9,0.2,Calcium: 14.8 g/100g,1.9,No,Local production batch
AGR-44322,BT22-1787,2022-10-07,Maha,Eastern Province,Galle Agrochemical Stores,NPK 15-15-15,Sri Lanka,"General Crops, Horticulture",Broadcast / Foliar,10.0,270.82,2708.2,100,14.3,15.6,14.7,Sulfur: 1.6 % | Boron: 12.2 g/100g,0.8,Yes,
AGR-79421,MF23-7544A,2022-02-20,Off-Season,Uva Province,Matara Farm Solutions,Eppawala Rock Phosphate (ERP),Sri Lanka,"Tea, Rubber, Coconut",Basal Application,1000.0,58.41,58410.0,100,0.03,27.58,0.0,Calcium: 21.3 g/kg,2.9,Yes,Expired stock — discounted
AGR-90434,LT23-1381C,2022-03-28,Maha,North Central Province,Matara Farm Solutions,MOP (Muriate of Potash),Canada,"Paddy, Banana, Tea",Top Dressing,1.0,171.45,171.45,100,0.0,0.0,57.6,Chlorine: 2.4 %,2.4,No,
AGR-76608,BT24-8695C,2022-08-24,Maha,North Western Province,Matara Farm Solutions,MOP (Muriate of Potash),Canada,"Paddy, Banana, Tea",Top Dressing,100.0,223.99,22399.0,100,0.1,0.0,61.5,Chlorine: 1.12 %,3.2,Yes,Opened bag — partial quantity
AGR-51644,CR23-4272B,2023-08-27,Yala,Eastern Province,Pettah Agro Traders,TSP (Triple Super Phosphate),India,"Vegetables, Root Crops",Basal Application,1.0,151.54,151.54,100,0.0,46.6,0.09,Calcium: 8.7 g/kg,2.8,Yes,
AGR-79968,MF22-1782A,2024-01-08,Off-Season,North Western Province,Kandy Farm Supplies,Ammonium Sulfate (SOA),China,"Tea, Vegetables",Top Dressing,1.0,143.91,143.91,100,21.1,0.0,0.0,Sulfur: 11.5 g/100g,1.2,No,Retest recommended
AGR-53299,BT23-9850C,2023-10-01,Off-Season,North Central Province,Jaffna Fertilizer Depot,NPK 12-12-17,Germany,"Horticulture, Fruit Crops",Broadcast,999.0,265.0,264735.0,100,11.4,11.5,17.0,Magnesium: 22.7 g/100g | Boron: 11.2 g/kg,4.0,Yes,
AGR-86747,LT24-3861C,2023-07-01,Maha,Central Province,Agromart Ltd,Compost / Organic,Sri Lanka,"All Crops, Soil Health",Incorporation,200.5,20.0,4010.0,100,1.5,0.9,1.3,Organic Carbon: 1.96 % | Humus: 11.6 g/100g,4.3,Yes,
AGR-91656,CR22-9712C,2023-12-01,Yala,Eastern Province,Matara Farm Solutions,Urea,Sri Lanka,"Paddy, Maize, Vegetables",Broadcast / Soil Incorporation,10.0,104.91,1049.1,100,45.3,0.0,0.0,Not Detected,0.4,No,
AGR-41269,AG23-3293B,2022-12-17,Maha,Southern Province,Kurunegala Agri Centre,MOP (Muriate of Potash),Canada,"Paddy, Banana, Tea",Top Dressing,503.0,195.0,98085.0,100,0.0,0.0,59.6,Chlorine: 9.8 g/kg,1.7,Yes,Expired stock — discounted
AGR-93117,MF22-1446B,2023-10-24,Yala,Uva Province,Galle Agrochemical Stores,NPK 15-15-15,Sri Lanka,"General Crops, Horticulture",Broadcast / Foliar,100.0,254.57,25457.0,100,14.7,14.54,14.3,Sulfur: 1.23 % | Boron: 23.1 g/100g,1.8,Yes,Imported directly
AGR-27633,LT24-8343,2023-07-12,Maha,Eastern Province,Abans Agri Supplies,Ammonium Sulfate (SOA),China,"Tea, Vegetables",Top Dressing,11.0,142.51,1567.61,100,20.7,0.0,0.2,Sulfur: 2.48 %,0.4,Yes,Local production batch
AGR-37335,CR22-9175,2022-07-19,Yala,Western Province,Kandy Farm Supplies,MOP (Muriate of Potash),Canada,"Paddy, Banana, Tea",Top Dressing,5.0,165.0,825.0,100,0.18,0.0,60.4,Chlorine: 1.39 %,2.7,No,
AGR-75308,BT24-4888,2023-07-11,Off-Season,Western Province,Eastern Agrochem Depot,MOP (Muriate of Potash),Canada,"Paddy, Banana, Tea",Top Dressing,500.0,186.39,93195.0,100,0.12,0.21,59.0,Chlorine: 22.1 g/100g,4.1,Yes,Expired stock — discounted
AGR-18115,CR24-8614C,2023-04-17,Yala,Eastern Province,Browns Agricultural Products,MOP (Muriate of Potash),Canada,"Paddy, Banana, Tea",Top Dressing,201.5,177.76,35818.64,100,0.0,0.0,59.5,Chlorine: 2.21 %,0.4,Yes,
AGR-63766,LT24-8415,2024-10-12,Maha,Southern Province,Kurunegala Agri Centre,NPK 15-15-15,Sri Lanka,"General Crops, Horticulture",Broadcast / Foliar,198.0,260.0,51480.0,100,14.7,15.0,15.0,Sulfur: 2.49 % | Boron: 23.1 g/kg,3.6,No,Local production batch
AGR-71932,CR24-4834A,2024-08-23,Off-Season,North Western Province,Browns Agricultural Products,Dolomite,Sri Lanka,"Tea, Vegetables, Acidic Soils",Soil Amendment,50.0,52.13,2606.5,100,0.03,0.0,0.21,Calcium: 2.74 % | Magnesium: 11.7 g/kg,3.7,Yes,Sample from bulk storage
AGR-66644,AG23-2616A,2023-10-15,Yala,North Western Province,Eastern Agrochem Depot,MOP (Muriate of Potash),Canada,"Paddy, Banana, Tea",Top Dressing,51.5,190.0,9785.0,100,0.21,0.0,61.6,Chlorine: 8.5 g/kg,2.9,Yes,
AGR-78249,LT24-6950B,2022-02-17,Maha,Central Province,Abans Agri Supplies,Ammonium Sulfate (SOA),China,"Tea, Vegetables",Top Dressing,28.0,125.25,3507.0,100,21.7,0.16,0.01,Sulfur: 2.61 %,3.5,No,Local production batch
AGR-65298,BT22-3494,2022-03-11,Yala,Western Province,Hayleys Agriculture Holdings,TSP (Triple Super Phosphate),India,"Vegetables, Root Crops",Basal Application,198.0,195.0,38610.0,100,0.23,46.8,0.0,Calcium: 1.92 %,4.4,Yes,Opened bag — partial quantity
AGR-48742,MF22-9031,2024-02-24,Maha,Northern Province,Anuradhapura Agro Mart,Eppawala Rock Phosphate (ERP),Sri Lanka,"Tea, Rubber, Coconut",Basal Application,100.0,32.59,3259.0,100,0.25,28.1,0.0,Calcium: 8.3 g/100g,1.8,No,
AGR-10063,AG22-1365,2023-05-20,Maha,Uva Province,Lankem Ceylon PLC,MOP (Muriate of Potash),Canada,"Paddy, Banana, Tea",Top Dressing,1.0,218.49,218.49,100,0.01,0.0,58.1,Chlorine: 2.18 %,3.1,Yes,Sample from bulk storage
AGR-79698,AG22-3301,2023-06-15,Yala,Southern Province,CIC Agri Businesses,Ammonium Sulfate (SOA),China,"Tea, Vegetables",Top Dressing,2.0,135.0,270.0,100,21.32,0.0,0.0,Sulfur: 12.7 g/100g,4.0,Yes,
AGR-14253,CR24-2697B,2022-07-25,Yala,Eastern Province,Kandy Farm Supplies,TSP (Triple Super Phosphate),India,"Vegetables, Root Crops",Basal Application,10.0,190.64,1906.4,100,0.0,46.7,0.0,Calcium: 19.8 g/kg,1.8,Yes,
AGR-46639,CR22-2459,2024-11-18,Off-Season,Eastern Province,Colombo Pesticide Warehouse,Dolomite,Sri Lanka,"Tea, Vegetables, Acidic Soils",Soil Amendment,10.0,66.76,667.6,100,0.0,0.17,0.11,Calcium: 23.5 g/100g | Magnesium: 25.1 g/100g,1.1,Yes,
AGR-12930,CR22-7268,2023-07-09,Off-Season,Western Province,Galle Agrochemical Stores,Ammonium Sulfate (SOA),China,"Tea, Vegetables",Top Dressing,5.0,125.0,625.0,100,21.6,0.13,0.0,Sulfur: 25.8 g/100g,1.3,No,Imported directly
AGR-50368,AG24-7153C,2023-12-09,Maha,Southern Province,Jaffna Fertilizer Depot,Compost / Organic,Sri Lanka,"All Crops, Soil Health",Incorporation,51.5,38.9,2003.35,100,1.3,1.0,1.3,Organic Carbon: 20.4 g/100g | Humus: 15.6 g/kg,1.8,No,Slight clumping observed
AGR-82271,LT23-7181A,2022-05-08,Off-Season,Eastern Province,Abans Agri Supplies,Eppawala Rock Phosphate (ERP),Sri Lanka,"Tea, Rubber, Coconut",Basal Application,10.0,50.12,501.2,100,0.0,27.2,0.0,Calcium: 2.63 %,2.2,Yes,Opened bag — partial quantity
AGR-97390,LT22-9696B,2024-04-25,Yala,Northern Province,Hayleys Agriculture Holdings,Dolomite,Sri Lanka,"Tea, Vegetables, Acidic Soils",Soil Amendment,2.0,48.45,96.9,100,0.12,0.15,0.11,Calcium: 1.81 % | Magnesium: 17.7 g/100g,0.5,Yes,
AGR-36206,LT23-2493C,2023-02-14,Yala,Western Province,Pettah Agro Traders,MOP (Muriate of Potash),Canada,"Paddy, Banana, Tea",Top Dressing,1.0,162.7,162.7,100,0.0,0.0,57.2,Chlorine: 0.93 %,2.7,Yes,
AGR-99656,LT23-2741A,2023-04-21,Off-Season,North Central Province,Abans Agri Supplies,Compost / Organic,Sri Lanka,"All Crops, Soil Health",Incorporation,1000.0,20.35,20350.0,100,1.6,0.9,1.5,Organic Carbon: 16.9 g/100g | Humus: 2.49 %,4.2,No,Retest recommended
AGR-44909,LT24-5905C,2024-05-20,Maha,Central Province,Browns Agricultural Products,MOP (Muriate of Potash),Canada,"Paddy, Banana, Tea",Top Dressing,2.0,203.97,407.94,100,0.0,0.0,57.7,Chlorine: 22.1 g/kg,0.4,No,Expired stock — discounted
AGR-65493,LT23-5341A,2023-06-05,Maha,North Central Province,Anuradhapura Agro Mart,Ammonium Sulfate (SOA),China,"Tea, Vegetables",Top Dressing,10.0,121.03,1210.3,100,20.0,0.0,0.0,Sulfur: 21.6 g/100g,3.8,Yes,
AGR-60227,MF22-9410B,2024-01-17,Yala,North Western Province,Lankem Ceylon PLC,Urea,Sri Lanka,"Paddy, Maize, Vegetables",Broadcast / Soil Incorporation,25.5,128.69,3281.59,100,46.3,0.0,0.0,Not Detected,0.9,Yes,
AGR-49632,CR22-6921,2023-05-29,Maha,Central Province,CIC Agri Businesses,Compost / Organic,Sri Lanka,"All Crops, Soil Health",Incorporation,198.0,30.0,5940.0,100,1.6,0.9,1.5,Organic Carbon: 22.2 g/100g | Humus: 9.4 g/100g,1.5,Yes,
AGR-78452,BT24-3675C,2024-09-04,Off-Season,Uva Province,Jaffna Fertilizer Depot,Eppawala Rock Phosphate (ERP),Sri Lanka,"Tea, Rubber, Coconut",Basal Application,199.0,56.33,11209.67,100,0.0,28.7,0.12,Calcium: 1.19 %,3.1,Yes,Opened bag — partial quantity
AGR-52278,BT24-8015A,2023-03-25,Yala,Southern Province,Galle Agrochemical Stores,Eppawala Rock Phosphate (ERP),Sri Lanka,"Tea, Rubber, Coconut",Basal Application,2.0,46.07,92.14,100,0.03,28.1,0.25,Calcium: 26.2 g/kg,2.2,Yes,Opened bag — partial quantity
AGR-75374,AG23-2750,2023-12-21,Yala,Southern Province,CIC Agri Businesses,Eppawala Rock Phosphate (ERP),Sri Lanka,"Tea, Rubber, Coconut",Basal Application,1.0,55.0,55.0,100,0.0,27.0,0.18,Calcium: 27.8 g/kg,1.5,Yes,Opened bag — partial quantity
AGR-39122,CR23-9093A,2024-11-26,Maha,North Western Province,Browns Agricultural Products,Ammonium Sulfate (SOA),China,"Tea, Vegetables",Top Dressing,2.0,122.26,244.52,100,21.8,0.17,0.0,Sulfur: 2.79 %,3.2,No,
AGR-98320,LT23-2045A,2023-01-14,Off-Season,Northern Province,Eastern Agrochem Depot,Urea,Sri Lanka,"Paddy, Maize, Vegetables",Broadcast / Soil Incorporation,13.0,101.79,1323.27,100,46.64,0.08,0.0,Not Detected,2.3,No,Imported directly
AGR-23854,CR22-8070A,2022-09-01,Off-Season,Southern Province,Jaffna Fertilizer Depot,TSP (Triple Super Phosphate),India,"Vegetables, Root Crops",Basal Application,2.5,150.73,376.82,100,0.0,45.2,0.0,Calcium: 22.3 g/kg,1.0,Yes,Sample from bulk storage
AGR-54304,AG23-7339,2024-08-06,Off-Season,Southern Province,Galle Agrochemical Stores,TSP (Triple Super Phosphate),India,"Vegetables, Root Crops",Basal Application,100.0,141.01,14101.0,100,0.0,46.5,0.07,Calcium: 1.52 %,3.0,Yes,Imported directly
AGR-14198,LT24-4561B,2022-01-25,Maha,Western Province,Kandy Farm Supplies,Ammonium Sulfate (SOA),China,"Tea, Vegetables",Top Dressing,5.0,120.0,600.0,100,21.8,0.0,0.0,Sulfur: 12.3 g/kg,3.3,No,Imported directly
AGR-10084,MF22-3486B,2023-04-14,Off-Season,Eastern Province,Agromart Ltd,Urea,Sri Lanka,"Paddy, Maize, Vegetables",Broadcast / Soil Incorporation,50.0,98.36,4918.0,100,46.3,0.0,0.0,Not Detected,3.1,Yes,
AGR-95427,LT22-9936B,2024-12-04,Off-Season,Sabaragamuwa Province,Anuradhapura Agro Mart,Eppawala Rock Phosphate (ERP),Sri Lanka,"Tea, Rubber, Coconut",Basal Application,11.5,49.52,569.48,100,0.19,26.6,0.0,Calcium: 13.9 g/kg,4.0,Yes,Retest recommended
AGR-45929,MF24-8021C,2023-10-09,Yala,Northern Province,Kurunegala Agri Centre,MOP (Muriate of Potash),Canada,"Paddy, Banana, Tea",Top Dressing,8.0,220.79,1766.32,100,0.17,0.18,61.3,Chlorine: 1.02 %,2.1,Yes,Retest recommended
AGR-96388,LT24-6430C,2023-03-12,Yala,Southern Province,Eastern Agrochem Depot,NPK 12-12-17,Germany,"Horticulture, Fruit Crops",Broadcast,200.0,273.64,54728.0,100,11.69,11.4,17.35,Magnesium: 2.69 % | Boron: 18.4 g/100g,2.3,Yes,Retest recommended
AGR-13456,MF24-8774C,2023-06-23,Off-Season,Central Province,Lankem Ceylon PLC,NPK 12-12-17,Germany,"Horticulture, Fruit Crops",Broadcast,3.0,283.06,849.18,100,12.1,12.06,17.0,Magnesium: 22.5 g/kg | Boron: 22.1 g/100g,3.2,Yes,Local production batch
AGR-58480,BT22-6345A,2023-12-04,Maha,Western Province,Matara Farm Solutions,Compost / Organic,Sri Lanka,"All Crops, Soil Health",Incorporation,200.0,39.5,7900.0,100,1.6,1.0,1.6,Organic Carbon: 1.29 % | Humus: 24.7 g/kg,2.2,Yes,
AGR-19849,CR23-2854B,2022-09-16,Yala,Southern Province,Lankem Ceylon PLC,MOP (Muriate of Potash),Canada,"Paddy, Banana, Tea",Top Dressing,4.0,225.0,900.0,100,0.12,0.0,57.05,Chlorine: 1.95 %,2.8,Yes,Retest recommended
AGR-50694,LT23-2599,2022-09-06,Yala,North Central Province,Abans Agri Supplies,Urea,Sri Lanka,"Paddy, Maize, Vegetables",Broadcast / Soil Incorporation,28.0,126.82,3550.96,100,46.0,0.0,0.0,Not Detected,2.0,No,Slight clumping observed
AGR-18468,CR23-1436B,2023-05-28,Yala,North Central Province,Colombo Pesticide Warehouse,NPK 12-12-17,Germany,"Horticulture, Fruit Crops",Broadcast,1.0,290.0,290.0,100,11.8,12.0,17.6,Magnesium: 0.9 % | Boron: 17.5 g/kg,1.5,Yes,Sample from bulk storage
AGR-73111,MF22-5105C,2024-09-22,Yala,Western Province,Colombo Pesticide Warehouse,TSP (Triple Super Phosphate),India,"Vegetables, Root Crops",Basal Application,6.5,181.0,1176.5,100,0.0,45.44,0.0,Calcium: 0.94 %,4.1,Yes,
AGR-46867,AG24-2208C,2024-04-13,Maha,Western Province,Eastern Agrochem Depot,Dolomite,Sri Lanka,"Tea, Vegetables, Acidic Soils",Soil Amendment,501.5,60.0,30090.0,100,0.0,0.0,0.05,Calcium: 9.6 g/kg | Magnesium: 21.7 g/kg,3.9,Yes,Expired stock — discounted
AGR-22950,AG24-9742A,2024-05-31,Yala,Southern Province,Pettah Agro Traders,NPK 15-15-15,Sri Lanka,"General Crops, Horticulture",Broadcast / Foliar,0.5,225.0,112.5,100,15.4,15.2,15.2,Sulfur: 2.11 % | Boron: 10.1 g/100g,3.9,Yes,Slight clumping observed
AGR-11902,BT23-3349A,2024-09-19,Yala,Central Province,Matara Farm Solutions,Dolomite,Sri Lanka,"Tea, Vegetables, Acidic Soils",Soil Amendment,99.0,62.67,6204.33,100,0.0,0.0,0.0,Calcium: 16.9 g/kg | Magnesium: 26.9 g/100g,3.6,No,Local production batch
AGR-36235,LT22-2273B,2024-11-11,Yala,Western Province,Colombo Pesticide Warehouse,NPK 12-12-17,Germany,"Horticulture, Fruit Crops",Broadcast,203.0,310.0,62930.0,100,12.5,12.2,16.2,Magnesium: 10.0 g/100g | Boron: 22.8 g/kg,4.3,No,
AGR-70252,LT24-9449B,2022-03-11,Off-Season,Northern Province,Hayleys Agriculture Holdings,NPK 12-12-17,Germany,"Horticulture, Fruit Crops",Broadcast,10.0,295.69,2956.9,100,12.2,11.7,17.1,Magnesium: 1.16 % | Boron: 19.2 g/kg,2.8,Yes,Retest recommended
AGR-37240,MF23-6861,2024-08-19,Maha,Northern Province,Colombo Pesticide Warehouse,NPK 15-15-15,Sri Lanka,"General Crops, Horticulture",Broadcast / Foliar,1000.0,266.58,266580.0,100,14.7,15.0,14.53,Sulfur: 22.4 g/100g | Boron: 7.1 g/100g,1.3,No,
AGR-92551,MF24-3947A,2024-09-09,Off-Season,North Western Province,Kurunegala Agri Centre,TSP (Triple Super Phosphate),India,"Vegetables, Root Crops",Basal Application,50.0,174.79,8739.5,100,0.0,45.6,0.0,Calcium: 1.8 %,0.6,Yes,Local production batch
AGR-35471,CR24-4771B,2022-10-20,Yala,Southern Province,Jaffna Fertilizer Depot,NPK 15-15-15,Sri Lanka,"General Crops, Horticulture",Broadcast / Foliar,200.0,280.15,56030.0,100,14.8,14.8,14.7,Sulfur: 8.6 g/kg | Boron: 1.05 %,4.4,Yes,Opened bag — partial quantity
AGR-61619,LT23-3305A,2022-02-22,Maha,Southern Province,Colombo Pesticide Warehouse,Compost / Organic,Sri Lanka,"All Crops, Soil Health",Incorporation,5.0,26.45,132.25,100,1.5,0.87,1.5,Organic Carbon: 0.87 % | Humus: 2.4 %,3.5,Yes,Opened bag — partial quantity
AGR-92294,AG24-3172B,2024-12-17,Off-Season,Eastern Province,Galle Agrochemical Stores,Ammonium Sulfate (SOA),China,"Tea, Vegetables",Top Dressing,1.0,124.19,124.19,100,21.0,0.0,0.0,Sulfur: 24.5 g/100g,1.2,Yes,Sample from bulk storage
AGR-52197,MF23-8203C,2023-11-08,Yala,Eastern Province,Hayleys Agriculture Holdings,Urea,Sri Lanka,"Paddy, Maize, Vegetables",Broadcast / Soil Incorporation,1002.0,121.55,121793.1,100,46.7,0.0,0.2,Not Detected,0.7,Yes,Sample from bulk storage
AGR-76712,MF24-6445A,2023-07-15,Maha,Northern Province,Colombo Pesticide Warehouse,Compost / Organic,Sri Lanka,"All Crops, Soil Health",Incorporation,200.0,19.43,3886.0,100,1.41,0.9,1.4,Organic Carbon: 18.9 g/kg | Humus: 13.7 g/100g,1.3,Yes,
AGR-43050,LT23-6027A,2023-01-27,Yala,Northern Province,Eastern Agrochem Depot,Dolomite,Sri Lanka,"Tea, Vegetables, Acidic Soils",Soil Amendment,6.5,50.82,330.33,100,0.2,0.24,0.03,Calcium: 2.8 % | Magnesium: 16.7 g/kg,3.0,Yes,Sample from bulk storage
AGR-81872,AG24-2657C,2022-01-10,Maha,Northern Province,Kandy Farm Supplies,Urea,Sri Lanka,"Paddy, Maize, Vegetables",Broadcast / Soil Incorporation,5.0,110.0,550.0,100,46.7,0.22,0.0,Not Detected,0.7,Yes,Sample from bulk storage
AGR-44364,AG22-4025B,2022-11-25,Yala,North Central Province,Lankem Ceylon PLC,TSP (Triple Super Phosphate),India,"Vegetables, Root Crops",Basal Application,53.0,175.0,9275.0,100,0.1,45.0,0.08,Calcium: 0.7 %,2.7,Yes,
AGR-22079,LT22-9772,2023-06-22,Yala,Northern Province,Abans Agri Supplies,NPK 12-12-17,Germany,"Horticulture, Fruit Crops",Broadcast,1.0,300.38,300.38,100,11.8,12.3,16.4,Magnesium: 23.8 g/kg | Boron: 22.7 g/kg,2.9,No,
AGR-91536,LT23-9391B,2023-03-28,Off-Season,Western Province,Kandy Farm Supplies,Compost / Organic,Sri Lanka,"All Crops, Soil Health",Incorporation,5.0,25.0,125.0,100,1.4,1.1,1.5,Organic Carbon: 24.6 g/100g | Humus: 17.5 g/kg,2.6,Yes,Sample from bulk storage
AGR-99798,BT24-8612C,2024-07-26,Yala,Northern Province,Galle Agrochemical Stores,Eppawala Rock Phosphate (ERP),Sri Lanka,"Tea, Rubber, Coconut",Basal Application,100.0,33.78,3378.0,100,0.12,27.6,0.05,Calcium: 24.3 g/kg,2.8,Yes,
AGR-45858,BT22-2447A,2022-08-28,Yala,North Central Province,Colombo Pesticide Warehouse,MOP (Muriate of Potash),Canada,"Paddy, Banana, Tea",Top Dressing,25.0,195.13,4878.25,100,0.0,0.19,58.4,Chlorine: 2.19 %,2.8,Yes,
AGR-28400,BT24-1231B,2024-03-11,Yala,Northern Province,Matara Farm Solutions,TSP (Triple Super Phosphate),India,"Vegetables, Root Crops",Basal Application,51.5,146.91,7565.86,100,0.0,46.61,0.13,Calcium: 20.9 g/100g,0.6,No,
AGR-82096,CR22-9365A,2023-10-27,Off-Season,Western Province,Agromart Ltd,MOP (Muriate of Potash),Canada,"Paddy, Banana, Tea",Top Dressing,1.0,205.0,205.0,100,0.0,0.12,61.97,Chlorine: 19.8 g/100g,3.0,No,Opened bag — partial quantity
AGR-94076,LT24-5059A,2022-03-26,Maha,Southern Province,Agromart Ltd,NPK 12-12-17,Germany,"Horticulture, Fruit Crops",Broadcast,10.0,311.87,3118.7,100,12.1,12.4,17.4,Magnesium: 2.26 % | Boron: 11.8 g/100g,3.7,Yes,Local production batch
AGR-39518,BT22-1138,2022-03-07,Maha,Sabaragamuwa Province,Anuradhapura Agro Mart,Ammonium Sulfate (SOA),China,"Tea, Vegetables",Top Dressing,9.0,133.07,1197.63,100,20.3,0.0,0.0,Sulfur: 8.8 g/100g,2.5,Yes,Expired stock — discounted
AGR-22334,LT22-6954C,2023-03-03,Off-Season,Southern Province,Hayleys Agriculture Holdings,Ammonium Sulfate (SOA),China,"Tea, Vegetables",Top Dressing,1000.0,145.0,145000.0,100,21.2,0.0,0.0,Sulfur: 0.64 %,1.3,Yes,Expired stock — discounted
AGR-97471,MF24-3654B,2022-05-01,Off-Season,Sabaragamuwa Province,Eastern Agrochem Depot,MOP (Muriate of Potash),Canada,"Paddy, Banana, Tea",Top Dressing,1003.0,226.38,227059.14,100,0.22,0.0,58.2,Chlorine: 0.99 %,3.9,Yes,
AGR-27448,AG23-3213,2023-10-15,Maha,Uva Province,Colombo Pesticide Warehouse,Compost / Organic,Sri Lanka,"All Crops, Soil Health",Incorporation,100.5,30.0,3015.0,100,1.6,0.9,1.3,Organic Carbon: 14.5 g/100g | Humus: 1.15 %,4.0,Yes,
AGR-31314,BT24-5175A,2023-09-19,Off-Season,Eastern Province,Hayleys Agriculture Holdings,NPK 15-15-15,Sri Lanka,"General Crops, Horticulture",Broadcast / Foliar,50.0,265.27,13263.5,100,15.3,14.8,15.46,Sulfur: 15.1 g/kg | Boron: 2.31 %,1.1,No,
AGR-55013,MF23-5079C,2022-06-21,Yala,Central Province,Kandy Farm Supplies,Eppawala Rock Phosphate (ERP),Sri Lanka,"Tea, Rubber, Coconut",Basal Application,5.0,43.17,215.85,100,0.0,26.6,0.15,Calcium: 13.3 g/kg,2.1,Yes,Slight clumping observed
AGR-94828,AG23-6438B,2024-06-20,Off-Season,Eastern Province,Lankem Ceylon PLC,Compost / Organic,Sri Lanka,"All Crops, Soil Health",Incorporation,25.0,21.62,540.5,100,1.53,1.0,1.5,Organic Carbon: 23.7 g/100g | Humus: 1.95 %,4.2,Yes,Local production batch
AGR-73442,AG22-9441A,2022-10-29,Off-Season,Sabaragamuwa Province,Lankem Ceylon PLC,NPK 15-15-15,Sri Lanka,"General Crops, Horticulture",Broadcast / Foliar,2.0,255.0,510.0,100,15.34,14.7,14.37,Sulfur: 2.31 % | Boron: 0.8 %,0.5,Yes,
AGR-87630,MF23-6198B,2024-12-07,Maha,Central Province,Galle Agrochemical Stores,Eppawala Rock Phosphate (ERP),Sri Lanka,"Tea, Rubber, Coconut",Basal Application,99.0,43.65,4321.35,100,0.0,27.5,0.0,Calcium: 13.9 g/kg,1.6,Yes,
AGR-21646,LT22-7023A,2022-11-22,Maha,Southern Province,CIC Agri Businesses,Eppawala Rock Phosphate (ERP),Sri Lanka,"Tea, Rubber, Coconut",Basal Application,1000.0,40.0,40000.0,100,0.21,27.3,0.11,Calcium: 2.79 %,4.1,Yes,Sample from bulk storage
AGR-14320,CR23-7218A,2022-12-07,Off-Season,Sabaragamuwa Province,Pettah Agro Traders,TSP (Triple Super Phosphate),India,"Vegetables, Root Crops",Basal Application,101.5,179.23,18191.84,100,0.0,45.7,0.0,Calcium: 1.55 %,3.1,No,Slight clumping observed
AGR-59753,LT24-7363B,2024-11-09,Maha,Sabaragamuwa Province,Abans Agri Supplies,Urea,Sri Lanka,"Paddy, Maize, Vegetables",Broadcast / Soil Incorporation,503.0,110.64,55651.92,100,45.0,0.0,0.0,Not Detected,3.3,No,Local production batch
AGR-11784,BT22-7258C,2023-01-10,Off-Season,North Central Province,Agromart Ltd,NPK 12-12-17,Germany,"Horticulture, Fruit Crops",Broadcast,5.0,258.82,1294.1,100,12.0,11.9,16.8,Magnesium: 21.4 g/kg | Boron: 1.5 %,0.8,Yes,Imported directly
AGR-16785,CR23-5534A,2024-10-16,Maha,North Western Province,Kurunegala Agri Centre,Compost / Organic,Sri Lanka,"All Crops, Soil Health",Incorporation,1000.0,20.0,20000.0,100,1.3,1.0,1.5,Organic Carbon: 24.8 g/100g | Humus: 26.4 g/100g,1.3,Yes,
AGR-46066,LT24-4043B,2022-05-31,Yala,Uva Province,Kurunegala Agri Centre,MOP (Muriate of Potash),Canada,"Paddy, Banana, Tea",Top Dressing,50.0,188.8,9440.0,100,0.0,0.0,61.8,Chlorine: 24.9 g/100g,4.4,Yes,Sample from bulk storage
AGR-84926,CR22-7691,2024-08-31,Yala,Uva Province,Colombo Pesticide Warehouse,NPK 12-12-17,Germany,"Horticulture, Fruit Crops",Broadcast,25.0,264.71,6617.75,100,12.26,11.9,16.4,Magnesium: 14.2 g/kg | Boron: 0.74 %,2.6,Yes,
AGR-68417,AG22-3018,2023-10-12,Maha,Northern Province,CIC Agri Businesses,Eppawala Rock Phosphate (ERP),Sri Lanka,"Tea, Rubber, Coconut",Basal Application,100.0,48.93,4893.0,100,0.0,28.9,0.0,Calcium: 8.4 g/kg,4.0,Yes,
AGR-26762,AG24-9815,2023-10-27,Maha,Eastern Province,Colombo Pesticide Warehouse,Dolomite,Sri Lanka,"Tea, Vegetables, Acidic Soils",Soil Amendment,100.0,45.2,4520.0,100,0.0,0.0,0.0,Calcium: 1.11 % | Magnesium: 18.5 g/kg,4.3,No,Sample from bulk storage
AGR-71417,AG24-8470C,2022-10-20,Yala,Sabaragamuwa Province,Lankem Ceylon PLC,TSP (Triple Super Phosphate),India,"Vegetables, Root Crops",Basal Application,2.0,190.35,380.7,100,0.09,45.6,0.0,Calcium: 23.8 g/kg,3.8,Yes,
AGR-48642,LT22-6049,2024-05-18,Yala,Sabaragamuwa Province,Galle Agrochemical Stores,Eppawala Rock Phosphate (ERP),Sri Lanka,"Tea, Rubber, Coconut",Basal Application,3.0,45.0,135.0,100,0.13,27.5,0.14,Calcium: 27.4 g/kg,1.4,Yes,
AGR-50190,BT23-8292B,2023-07-29,Off-Season,Northern Province,Matara Farm Solutions,NPK 12-12-17,Germany,"Horticulture, Fruit Crops",Broadcast,4.0,290.0,1160.0,100,11.55,11.5,17.0,Magnesium: 22.1 g/kg | Boron: 1.38 %,4.0,Yes,Sample from bulk storage
AGR-29061,MF23-4163C,2022-07-24,Off-Season,Northern Province,Hayleys Agriculture Holdings,Eppawala Rock Phosphate (ERP),Sri Lanka,"Tea, Rubber, Coconut",Basal Application,201.0,32.28,6488.28,100,0.0,27.0,0.0,Calcium: 21.4 g/100g,4.1,Yes,Opened bag — partial quantity
AGR-78417,AG24-9962B,2024-03-27,Off-Season,Sabaragamuwa Province,CIC Agri Businesses,TSP (Triple Super Phosphate),India,"Vegetables, Root Crops",Basal Application,5.0,150.61,753.05,100,0.0,46.7,0.0,Calcium: 1.5 %,3.9,Yes,Retest recommended
AGR-27348,CR22-8716B,2024-01-19,Yala,Uva Province,Browns Agricultural Products,Dolomite,Sri Lanka,"Tea, Vegetables, Acidic Soils",Soil Amendment,2.0,55.1,110.2,100,0.0,0.06,0.0,Calcium: 6.8 g/kg | Magnesium: 16.2 g/kg,4.3,No,
AGR-14910,MF22-4566B,2023-04-21,Maha,Central Province,Jaffna Fertilizer Depot,NPK 12-12-17,Germany,"Horticulture, Fruit Crops",Broadcast,1000.0,261.48,261480.0,100,12.3,12.05,17.6,Magnesium: 21.8 g/kg | Boron: 14.1 g/100g,4.4,Yes,Expired stock — discounted
AGR-88162,BT23-6634,2023-05-03,Off-Season,Western Province,Eastern Agrochem Depot,TSP (Triple Super Phosphate),India,"Vegetables, Root Crops",Basal Application,1.0,198.37,198.37,100,0.0,46.4,0.0,Calcium: 27.6 g/100g,2.6,Yes,
AGR-90896,BT22-2510,2022-04-03,Yala,Central Province,Kandy Farm Supplies,NPK 15-15-15,Sri Lanka,"General Crops, Horticulture",Broadcast / Foliar,4.0,220.0,880.0,100,15.5,14.7,14.5,Sulfur: 18.5 g/kg | Boron: 2.68 %,2.4,Yes,Local production batch
AGR-51959,CR22-2788B,2023-09-27,Yala,Northern Province,Hayleys Agriculture Holdings,Eppawala Rock Phosphate (ERP),Sri Lanka,"Tea, Rubber, Coconut",Basal Application,1000.0,58.51,58510.0,100,0.01,28.7,0.0,Calcium: 24.7 g/kg,4.0,Yes,Expired stock — discounted
AGR-38538,BT22-5817C,2024-02-25,Maha,Central Province,Matara Farm Solutions,Eppawala Rock Phosphate (ERP),Sri Lanka,"Tea, Rubber, Coconut",Basal Application,6.5,45.0,292.5,100,0.0,27.6,0.18,Calcium: 0.81 %,3.6,Yes,Slight clumping observed
AGR-23553,CR23-1658A,2023-10-12,Off-Season,Uva Province,Matara Farm Solutions,Dolomite,Sri Lanka,"Tea, Vegetables, Acidic Soils",Soil Amendment,25.0,68.22,1705.5,100,0.0,0.06,0.0,Calcium: 11.3 g/kg | Magnesium: 15.8 g/kg,1.8,Yes,Slight clumping observed
AGR-62955,AG23-4157A,2023-06-17,Maha,Central Province,Kurunegala Agri Centre,Ammonium Sulfate (SOA),China,"Tea, Vegetables",Top Dressing,2.0,117.94,235.88,100,21.6,0.0,0.0,Sulfur: 14.8 g/kg,3.3,Yes,Sample from bulk storage
AGR-53920,CR24-3381C,2024-09-01,Maha,Northern Province,Colombo Pesticide Warehouse,Dolomite,Sri Lanka,"Tea, Vegetables, Acidic Soils",Soil Amendment,52.0,50.06,2603.12,100,0.0,0.0,0.0,Calcium: 17.1 g/100g | Magnesium: 24.3 g/100g,0.6,Yes,Imported directly
AGR-91796,AG22-8236B,2022-04-01,Yala,Southern Province,Hayleys Agriculture Holdings,Dolomite,Sri Lanka,"Tea, Vegetables, Acidic Soils",Soil Amendment,0.5,50.0,25.0,100,0.08,0.0,0.11,Calcium: 25.5 g/kg | Magnesium: 1.34 %,3.7,No,Retest recommended
AGR-92601,LT23-3245A,2022-08-28,Yala,Western Province,CIC Agri Businesses,Ammonium Sulfate (SOA),China,"Tea, Vegetables",Top Dressing,25.0,148.78,3719.5,100,21.5,0.0,0.2,Sulfur: 2.03 %,3.0,No,
AGR-92702,MF22-5372,2023-06-09,Yala,Northern Province,Galle Agrochemical Stores,Compost / Organic,Sri Lanka,"All Crops, Soil Health",Incorporation,25.0,34.78,869.5,100,1.4,0.97,1.4,Organic Carbon: 22.4 g/100g | Humus: 1.5 %,2.1,Yes,Retest recommended
AGR-29225,BT22-9790B,2024-12-24,Yala,North Central Province,Agromart Ltd,NPK 15-15-15,Sri Lanka,"General Crops, Horticulture",Broadcast / Foliar,199.0,245.0,48755.0,100,14.4,14.8,15.6,Sulfur: 1.88 % | Boron: 13.4 g/kg,3.8,Yes,
AGR-78121,MF22-3737,2024-11-24,Yala,North Western Province,Abans Agri Supplies,MOP (Muriate of Potash),Canada,"Paddy, Banana, Tea",Top Dressing,25.0,162.62,4065.5,100,0.04,0.0,60.6,Chlorine: 19.9 g/100g,3.1,Yes,
AGR-94435,MF23-1903A,2022-09-17,Maha,Northern Province,Galle Agrochemical Stores,TSP (Triple Super Phosphate),India,"Vegetables, Root Crops",Basal Application,103.0,200.0,20600.0,100,0.0,45.9,0.0,Calcium: 8.9 g/100g,4.1,No,Expired stock — discounted
AGR-88665,LT23-7040C,2022-09-20,Off-Season,North Western Province,Matara Farm Solutions,Eppawala Rock Phosphate (ERP),Sri Lanka,"Tea, Rubber, Coconut",Basal Application,25.0,42.29,1057.25,100,0.22,28.1,0.0,Calcium: 16.6 g/100g,3.9,Yes,
AGR-78552,BT22-1150A,2023-09-23,Maha,Eastern Province,Kandy Farm Supplies,TSP (Triple Super Phosphate),India,"Vegetables, Root Crops",Basal Application,500.0,162.38,81190.0,100,0.0,45.7,0.0,Calcium: 17.9 g/100g,1.8,Yes,Slight clumping observed
AGR-50550,BT22-2890,2022-03-15,Off-Season,North Central Province,CIC Agri Businesses,TSP (Triple Super Phosphate),India,"Vegetables, Root Crops",Basal Application,25.0,155.78,3894.5,100,0.0,45.4,0.0,Calcium: 26.4 g/kg,3.5,Yes,Imported directly
AGR-88908,LT23-4913C,2024-10-04,Yala,Eastern Province,Agromart Ltd,Urea,Sri Lanka,"Paddy, Maize, Vegetables",Broadcast / Soil Incorporation,500.0,109.43,54715.0,100,46.7,0.0,0.19,Not Detected,1.5,Yes,Retest recommended
AGR-81671,AG24-7230C,2024-04-25,Maha,Northern Province,Kandy Farm Supplies,Urea,Sri Lanka,"Paddy, Maize, Vegetables",Broadcast / Soil Incorporation,2.0,105.0,210.0,100,46.66,0.04,0.0,Not Detected,3.2,Yes,Expired stock — discounted
AGR-73014,CR22-1106B,2023-01-18,Maha,Sabaragamuwa Province,Abans Agri Supplies,Eppawala Rock Phosphate (ERP),Sri Lanka,"Tea, Rubber, Coconut",Basal Application,2.0,54.75,109.5,100,0.0,26.7,0.0,Calcium: 1.5 %,2.3,Yes,Opened bag — partial quantity
AGR-28096,LT23-4498B,2024-02-03,Maha,Northern Province,CIC Agri Businesses,NPK 12-12-17,Germany,"Horticulture, Fruit Crops",Broadcast,100.5,305.0,30652.5,100,11.5,12.1,16.34,Magnesium: 2.21 % | Boron: 19.0 g/100g,3.0,Yes,
AGR-35969,MF24-5032,2022-10-17,Yala,North Central Province,CIC Agri Businesses,Dolomite,Sri Lanka,"Tea, Vegetables, Acidic Soils",Soil Amendment,998.0,75.0,74850.0,100,0.0,0.0,0.05,Calcium: 20.4 g/100g | Magnesium: 21.1 g/100g,3.6,Yes,Expired stock — discounted
AGR-99700,BT24-7072,2024-05-11,Off-Season,Western Province,Colombo Pesticide Warehouse,TSP (Triple Super Phosphate),India,"Vegetables, Root Crops",Basal Application,25.0,162.99,4074.75,100,0.0,46.6,0.0,Calcium: 12.8 g/100g,2.1,No,
AGR-52541,BT24-8588B,2022-12-19,Maha,Northern Province,Lankem Ceylon PLC,TSP (Triple Super Phosphate),India,"Vegetables, Root Crops",Basal Application,2.0,143.71,287.42,100,0.0,45.9,0.0,Calcium: 15.1 g/100g,1.3,No,Expired stock — discounted
AGR-90063,BT24-7534A,2024-05-06,Yala,Southern Province,Hayleys Agriculture Holdings,Ammonium Sulfate (SOA),China,"Tea, Vegetables",Top Dressing,5.0,130.0,650.0,100,20.9,0.21,0.16,Sulfur: 16.6 g/kg,2.4,No,
AGR-11343,BT22-6040C,2023-09-29,Maha,Uva Province,CIC Agri Businesses,MOP (Muriate of Potash),Canada,"Paddy, Banana, Tea",Top Dressing,1001.0,163.23,163393.23,100,0.0,0.0,58.8,Chlorine: 0.83 %,4.4,Yes,
AGR-28971,BT24-8042C,2024-02-14,Yala,Eastern Province,Matara Farm Solutions,Eppawala Rock Phosphate (ERP),Sri Lanka,"Tea, Rubber, Coconut",Basal Application,198.0,33.47,6627.06,100,0.0,27.27,0.0,Calcium: 6.6 g/kg,3.0,Yes,
AGR-50065,BT24-8788B,2023-07-21,Yala,Western Province,Jaffna Fertilizer Depot,NPK 12-12-17,Germany,"Horticulture, Fruit Crops",Broadcast,25.0,290.0,7250.0,100,11.6,12.1,16.7,Magnesium: 24.6 g/100g | Boron: 11.1 g/kg,3.9,No,
AGR-65305,LT24-3519C,2024-04-22,Maha,Uva Province,Jaffna Fertilizer Depot,MOP (Muriate of Potash),Canada,"Paddy, Banana, Tea",Top Dressing,5.0,165.0,825.0,100,0.17,0.0,58.2,Chlorine: 17.4 g/100g,3.2,No,
AGR-18529,AG24-9024B,2023-12-16,Off-Season,Western Province,Matara Farm Solutions,NPK 12-12-17,Germany,"Horticulture, Fruit Crops",Broadcast,5.0,254.26,1271.3,100,11.8,12.5,16.6,Magnesium: 2.14 % | Boron: 10.4 g/kg,0.7,Yes,
AGR-13005,BT23-2552B,2023-09-23,Maha,Sabaragamuwa Province,Jaffna Fertilizer Depot,MOP (Muriate of Potash),Canada,"Paddy, Banana, Tea",Top Dressing,25.0,165.45,4136.25,100,0.0,0.0,61.5,Chlorine: 18.7 g/kg,1.4,No,
AGR-50122,MF22-7154,2023-12-17,Yala,Sabaragamuwa Province,Kurunegala Agri Centre,NPK 12-12-17,Germany,"Horticulture, Fruit Crops",Broadcast,25.0,268.43,6710.75,100,12.2,12.3,17.4,Magnesium: 26.8 g/kg | Boron: 10.0 g/100g,1.1,Yes,Opened bag — partial quantity
AGR-26525,BT22-1524C,2022-08-14,Off-Season,Eastern Province,Matara Farm Solutions,Compost / Organic,Sri Lanka,"All Crops, Soil Health",Incorporation,1001.5,30.0,30045.0,100,1.4,1.0,1.34,Organic Carbon: 12.7 g/100g | Humus: 26.9 g/100g,2.7,No,Retest recommended
AGR-79653,LT22-2198B,2023-05-29,Off-Season,North Central Province,Kurunegala Agri Centre,Dolomite,Sri Lanka,"Tea, Vegetables, Acidic Soils",Soil Amendment,500.0,69.1,34550.0,100,0.0,0.21,0.0,Calcium: 1.84 % | Magnesium: 2.67 %,2.2,Yes,
AGR-67597,CR22-6221B,2024-03-03,Maha,Northern Province,Browns Agricultural Products,Dolomite,Sri Lanka,"Tea, Vegetables, Acidic Soils",Soil Amendment,2.0,49.32,98.64,100,0.21,0.0,0.0,Calcium: 25.5 g/kg | Magnesium: 15.3 g/100g,3.2,Yes,Local production batch
AGR-16457,AG23-9423A,2024-07-20,Yala,Southern Province,Eastern Agrochem Depot,NPK 15-15-15,Sri Lanka,"General Crops, Horticulture",Broadcast / Foliar,11.5,260.0,2990.0,100,15.4,14.45,15.6,Sulfur: 0.78 % | Boron: 24.3 g/kg,3.2,No,
AGR-54058,AG24-4979C,2024-09-08,Yala,Eastern Province,Colombo Pesticide Warehouse,Ammonium Sulfate (SOA),China,"Tea, Vegetables",Top Dressing,50.0,140.0,7000.0,100,20.3,0.0,0.16,Sulfur: 15.9 g/100g,3.2,Yes,Imported directly
AGR-74200,LT24-2832C,2022-04-18,Off-Season,Northern Province,Browns Agricultural Products,Eppawala Rock Phosphate (ERP),Sri Lanka,"Tea, Rubber, Coconut",Basal Application,1000.0,39.53,39530.0,100,0.23,27.8,0.0,Calcium: 11.7 g/100g,3.9,Yes,
AGR-59544,LT22-2852A,2024-07-15,Yala,Uva Province,Hayleys Agriculture Holdings,TSP (Triple Super Phosphate),India,"Vegetables, Root Crops",Basal Application,2.5,163.16,407.9,100,0.0,45.4,0.0,Calcium: 19.7 g/kg,1.3,No,Expired stock — discounted
AGR-54617,AG23-8688B,2023-05-06,Maha,North Central Province,Anuradhapura Agro Mart,MOP (Muriate of Potash),Canada,"Paddy, Banana, Tea",Top Dressing,1003.0,202.16,202766.48,100,0.11,0.13,57.6,Chlorine: 9.7 g/kg,3.9,Yes,Sample from bulk storage
AGR-12867,AG24-2442,2024-05-25,Maha,Sabaragamuwa Province,Abans Agri Supplies,MOP (Muriate of Potash),Canada,"Paddy, Banana, Tea",Top Dressing,5.0,222.01,1110.05,100,0.0,0.0,61.0,Chlorine: 1.43 %,1.3,Yes,Sample from bulk storage
AGR-43294,CR23-8184A,2023-07-27,Yala,Central Province,Colombo Pesticide Warehouse,NPK 15-15-15,Sri Lanka,"General Crops, Horticulture",Broadcast / Foliar,199.0,220.29,43837.71,100,14.7,15.3,15.54,Sulfur: 17.9 g/kg | Boron: 7.2 g/100g,3.9,No,
AGR-73583,BT24-6878,2023-09-11,Off-Season,Eastern Province,Jaffna Fertilizer Depot,NPK 12-12-17,Germany,"Horticulture, Fruit Crops",Broadcast,25.0,318.24,7956.0,100,12.4,12.3,17.1,Magnesium: 2.11 % | Boron: 1.7 %,1.7,Yes,Retest recommended
AGR-30560,CR23-1810,2024-05-17,Maha,Sabaragamuwa Province,Agromart Ltd,NPK 15-15-15,Sri Lanka,"General Crops, Horticulture",Broadcast / Foliar,500.0,283.97,141985.0,100,14.7,15.2,15.0,Sulfur: 2.6 % | Boron: 21.4 g/100g,0.3,Yes,Retest recommended
AGR-45230,BT24-8082A,2022-09-18,Yala,Sabaragamuwa Province,CIC Agri Businesses,Eppawala Rock Phosphate (ERP),Sri Lanka,"Tea, Rubber, Coconut",Basal Application,100.0,38.39,3839.0,100,0.0,28.94,0.07,Calcium: 20.5 g/100g,4.3,No,Sample from bulk storage
AGR-17440,CR24-7980B,2023-03-23,Off-Season,North Central Province,Anuradhapura Agro Mart,NPK 12-12-17,Germany,"Horticulture, Fruit Crops",Broadcast,1001.0,278.21,278488.21,100,12.33,12.1,16.4,Magnesium: 25.5 g/100g | Boron: 2.12 %,2.0,Yes,Slight clumping observed
AGR-99414,AG22-8617,2024-10-16,Off-Season,Southern Province,Kurunegala Agri Centre,TSP (Triple Super Phosphate),India,"Vegetables, Root Crops",Basal Application,52.0,150.0,7800.0,100,0.0,45.2,0.2,Calcium: 1.52 %,4.3,No,Sample from bulk storage
AGR-67146,MF22-7887,2022-07-26,Yala,Southern Province,Lankem Ceylon PLC,Dolomite,Sri Lanka,"Tea, Vegetables, Acidic Soils",Soil Amendment,2.0,55.0,110.0,100,0.0,0.15,0.0,Calcium: 24.9 g/100g | Magnesium: 2.21 %,1.4,No,Expired stock — discounted
AGR-44355,BT23-3079,2024-01-14,Maha,Southern Province,Abans Agri Supplies,Ammonium Sulfate (SOA),China,"Tea, Vegetables",Top Dressing,23.0,126.78,2915.94,100,20.5,0.22,0.0,Sulfur: 7.0 g/100g,3.3,Yes,
AGR-23241,LT23-6737A,2022-03-01,Off-Season,Sabaragamuwa Province,Pettah Agro Traders,NPK 12-12-17,Germany,"Horticulture, Fruit Crops",Broadcast,5.0,280.0,1400.0,100,11.7,11.5,17.4,Magnesium: 7.1 g/kg | Boron: 27.8 g/100g,1.5,Yes,Local production batch
AGR-92000,CR24-8503,2024-08-20,Off-Season,Sabaragamuwa Province,Browns Agricultural Products,MOP (Muriate of Potash),Canada,"Paddy, Banana, Tea",Top Dressing,201.5,192.09,38706.14,100,0.0,0.0,57.8,Chlorine: 18.5 g/100g,3.5,No,
AGR-35054,LT22-7943B,2022-11-03,Yala,Central Province,Eastern Agrochem Depot,Eppawala Rock Phosphate (ERP),Sri Lanka,"Tea, Rubber, Coconut",Basal Application,10.0,43.76,437.6,100,0.0,27.5,0.0,Calcium: 26.3 g/kg,2.2,Yes,Expired stock — discounted
AGR-88299,CR22-2696B,2022-12-21,Maha,Western Province,Agromart Ltd,MOP (Muriate of Potash),Canada,"Paddy, Banana, Tea",Top Dressing,2.0,216.04,432.08,100,0.0,0.0,57.6,Chlorine: 25.9 g/kg,1.3,Yes,Imported directly
AGR-53987,LT24-5832,2023-11-14,Maha,Eastern Province,Colombo Pesticide Warehouse,Eppawala Rock Phosphate (ERP),Sri Lanka,"Tea, Rubber, Coconut",Basal Application,1000.0,40.27,40270.0,100,0.0,29.0,0.18,Calcium: 2.04 %,4.4,No,Slight clumping observed
AGR-56381,CR24-9541,2023-01-04,Off-Season,Western Province,Eastern Agrochem Depot,Eppawala Rock Phosphate (ERP),Sri Lanka,"Tea, Rubber, Coconut",Basal Application,1.0,31.17,31.17,100,0.0,28.2,0.0,Calcium: 2.16 %,2.1,No,Local production batch
AGR-24421,CR22-3685,2024-09-01,Off-Season,Central Province,Jaffna Fertilizer Depot,Compost / Organic,Sri Lanka,"All Crops, Soil Health",Incorporation,200.0,25.0,5000.0,100,1.3,1.0,1.5,Organic Carbon: 1.63 % | Humus: 18.0 g/kg,2.6,Yes,
AGR-96903,CR22-1914B,2022-03-20,Yala,North Western Province,Browns Agricultural Products,Dolomite,Sri Lanka,"Tea, Vegetables, Acidic Soils",Soil Amendment,50.0,74.85,3742.5,100,0.0,0.0,0.0,Calcium: 16.2 g/kg | Magnesium: 1.12 %,4.4,No,
AGR-12594,AG22-4297,2024-10-21,Yala,Northern Province,Anuradhapura Agro Mart,MOP (Muriate of Potash),Canada,"Paddy, Banana, Tea",Top Dressing,500.0,175.98,87990.0,100,0.07,0.02,57.3,Chlorine: 2.22 %,0.7,Yes,
AGR-30113,BT23-8918C,2024-01-21,Yala,Uva Province,Lankem Ceylon PLC,MOP (Muriate of Potash),Canada,"Paddy, Banana, Tea",Top Dressing,1.0,209.01,209.01,100,0.0,0.02,60.0,Chlorine: 18.5 g/100g,0.7,Yes,
AGR-93479,BT24-6915B,2024-01-15,Yala,Eastern Province,Hayleys Agriculture Holdings,NPK 12-12-17,Germany,"Horticulture, Fruit Crops",Broadcast,500.0,259.15,129575.0,100,12.3,12.0,16.9,Magnesium: 10.3 g/100g | Boron: 1.26 %,3.9,Yes,Sample from bulk storage
AGR-62850,AG24-8750C,2022-12-22,Maha,Uva Province,Agromart Ltd,Dolomite,Sri Lanka,"Tea, Vegetables, Acidic Soils",Soil Amendment,27.0,49.74,1342.98,100,0.0,0.0,0.0,Calcium: 24.4 g/100g | Magnesium: 17.3 g/kg,0.7,Yes,Expired stock — discounted
AGR-95732,AG22-2089B,2022-03-23,Maha,Northern Province,Anuradhapura Agro Mart,Urea,Sri Lanka,"Paddy, Maize, Vegetables",Broadcast / Soil Incorporation,499.0,100.0,49900.0,100,45.34,0.0,0.0,Not Detected,3.1,Yes,Expired stock — discounted
AGR-89070,AG22-6917,2023-08-22,Yala,Central Province,Abans Agri Supplies,Compost / Organic,Sri Lanka,"All Crops, Soil Health",Incorporation,50.0,35.0,1750.0,100,1.38,1.0,1.4,Organic Carbon: 12.0 g/kg | Humus: 2.22 %,2.5,No,Retest recommended
AGR-90274,AG23-9357,2022-11-20,Maha,Uva Province,Anuradhapura Agro Mart,NPK 12-12-17,Germany,"Horticulture, Fruit Crops",Broadcast,5.5,310.68,1708.74,100,12.1,11.6,16.8,Magnesium: 9.8 g/100g | Boron: 2.09 %,2.9,Yes,
AGR-45243,BT24-2305B,2023-04-10,Off-Season,Uva Province,Anuradhapura Agro Mart,Dolomite,Sri Lanka,"Tea, Vegetables, Acidic Soils",Soil Amendment,51.0,69.67,3553.17,100,0.0,0.04,0.06,Calcium: 2.33 % | Magnesium: 26.5 g/100g,3.9,Yes,Expired stock — discounted
AGR-49594,LT22-1344C,2023-12-29,Off-Season,Uva Province,Matara Farm Solutions,Compost / Organic,Sri Lanka,"All Crops, Soil Health",Incorporation,200.0,20.0,4000.0,100,1.6,1.0,1.3,Organic Carbon: 2.01 % | Humus: 19.9 g/kg,3.1,Yes,Opened bag — partial quantity
AGR-23930,BT22-4577,2023-12-22,Yala,Sabaragamuwa Province,Matara Farm Solutions,Dolomite,Sri Lanka,"Tea, Vegetables, Acidic Soils",Soil Amendment,4.0,58.84,235.36,100,0.0,0.0,0.0,Calcium: 20.5 g/100g | Magnesium: 2.78 %,2.6,No,Local production batch
AGR-19735,CR22-6199A,2024-05-30,Yala,Southern Province,Jaffna Fertilizer Depot,TSP (Triple Super Phosphate),India,"Vegetables, Root Crops",Basal Application,25.0,149.14,3728.5,100,0.0,45.64,0.21,Calcium: 2.04 %,4.3,Yes,Slight clumping observed
AGR-20904,CR23-8858C,2023-12-06,Off-Season,Eastern Province,Jaffna Fertilizer Depot,Urea,Sri Lanka,"Paddy, Maize, Vegetables",Broadcast / Soil Incorporation,50.0,103.99,5199.5,100,46.4,0.0,0.0,Not Detected,1.5,Yes,Expired stock — discounted
AGR-39284,BT24-5941,2024-11-02,Yala,Northern Province,Browns Agricultural Products,Dolomite,Sri Lanka,"Tea, Vegetables, Acidic Soils",Soil Amendment,200.0,62.08,12416.0,100,0.0,0.0,0.0,Calcium: 19.9 g/kg | Magnesium: 16.7 g/100g,3.4,Yes,
AGR-38641,LT22-6459,2022-12-12,Yala,Western Province,Browns Agricultural Products,Eppawala Rock Phosphate (ERP),Sri Lanka,"Tea, Rubber, Coconut",Basal Application,1.0,45.0,45.0,100,0.0,27.0,0.0,Calcium: 11.2 g/100g,2.4,Yes,Sample from bulk storage
AGR-60323,MF22-3392C,2023-09-01,Yala,North Western Province,Jaffna Fertilizer Depot,Compost / Organic,Sri Lanka,"All Crops, Soil Health",Incorporation,25.0,35.0,875.0,100,1.54,1.0,1.43,Organic Carbon: 12.9 g/100g | Humus: 19.7 g/kg,4.1,Yes,
AGR-50178,AG24-6055,2024-04-09,Off-Season,Uva Province,CIC Agri Businesses,Compost / Organic,Sri Lanka,"All Crops, Soil Health",Incorporation,28.0,26.55,743.4,100,1.4,1.1,1.3,Organic Carbon: 24.7 g/kg | Humus: 1.87 %,0.8,Yes,
AGR-47893,BT22-2385C,2022-10-06,Yala,Uva Province,Kandy Farm Supplies,Urea,Sri Lanka,"Paddy, Maize, Vegetables",Broadcast / Soil Incorporation,10.5,120.0,1260.0,100,47.0,0.0,0.0,Not Detected,4.0,Yes,
AGR-41423,MF23-1010C,2023-05-19,Yala,Sabaragamuwa Province,Kurunegala Agri Centre,Eppawala Rock Phosphate (ERP),Sri Lanka,"Tea, Rubber, Coconut",Basal Application,2.0,30.21,60.42,100,0.0,28.2,0.0,Calcium: 2.18 %,3.9,Yes,
AGR-69217,LT24-9478C,2022-10-14,Maha,North Central Province,Matara Farm Solutions,TSP (Triple Super Phosphate),India,"Vegetables, Root Crops",Basal Application,200.0,160.0,32000.0,100,0.0,46.03,0.0,Calcium: 0.91 %,2.7,No,Local production batch
AGR-54451,AG22-4815A,2024-02-21,Maha,Uva Province,Jaffna Fertilizer Depot,NPK 12-12-17,Germany,"Horticulture, Fruit Crops",Broadcast,98.0,293.99,28811.02,100,11.9,11.76,16.16,Magnesium: 2.65 % | Boron: 17.3 g/kg,1.6,Yes,
AGR-90924,CR24-4457B,2023-09-01,Maha,Eastern Province,Kurunegala Agri Centre,Eppawala Rock Phosphate (ERP),Sri Lanka,"Tea, Rubber, Coconut",Basal Application,1.0,60.0,60.0,100,0.0,28.5,0.0,Calcium: 2.44 %,1.0,No,
AGR-71783,LT23-6905B,2023-10-27,Off-Season,Western Province,Kandy Farm Supplies,NPK 15-15-15,Sri Lanka,"General Crops, Horticulture",Broadcast / Foliar,3.0,290.0,870.0,100,14.3,15.2,14.7,Sulfur: 1.0 % | Boron: 13.2 g/100g,1.6,No,Imported directly
AGR-16566,MF22-1823A,2023-08-07,Yala,Southern Province,Agromart Ltd,Compost / Organic,Sri Lanka,"All Crops, Soil Health",Incorporation,52.0,21.03,1093.56,100,1.6,0.94,1.5,Organic Carbon: 26.9 g/kg | Humus: 13.6 g/kg,1.8,Yes,
AGR-43137,LT22-9643,2022-11-16,Yala,Southern Province,Anuradhapura Agro Mart,Ammonium Sulfate (SOA),China,"Tea, Vegetables",Top Dressing,200.0,132.06,26412.0,100,20.8,0.0,0.07,Sulfur: 0.86 %,0.7,No,Slight clumping observed
AGR-30059,LT24-4185C,2023-04-20,Off-Season,Eastern Province,Abans Agri Supplies,Urea,Sri Lanka,"Paddy, Maize, Vegetables",Broadcast / Soil Incorporation,1001.5,122.46,122643.69,100,45.7,0.14,0.09,Not Detected,2.2,Yes,
AGR-54842,AG24-1370A,2022-03-19,Off-Season,Uva Province,Abans Agri Supplies,NPK 12-12-17,Germany,"Horticulture, Fruit Crops",Broadcast,999.0,313.35,313036.65,100,12.3,12.0,17.0,Magnesium: 14.7 g/kg | Boron: 7.7 g/kg,1.5,No,
AGR-22138,BT22-3422,2024-03-11,Yala,Sabaragamuwa Province,Matara Farm Solutions,Eppawala Rock Phosphate (ERP),Sri Lanka,"Tea, Rubber, Coconut",Basal Application,25.0,46.91,1172.75,100,0.0,27.3,0.0,Calcium: 0.65 %,2.7,Yes,
AGR-94486,MF22-6696,2023-04-08,Yala,Sabaragamuwa Province,Jaffna Fertilizer Depot,NPK 15-15-15,Sri Lanka,"General Crops, Horticulture",Broadcast / Foliar,500.0,243.1,121550.0,100,14.9,15.2,15.6,Sulfur: 17.1 g/kg | Boron: 1.16 %,2.3,Yes,
AGR-25224,MF22-7154,2023-07-23,Maha,Southern Province,Pettah Agro Traders,Ammonium Sulfate (SOA),China,"Tea, Vegetables",Top Dressing,10.0,125.69,1256.9,100,21.7,0.0,0.04,Sulfur: 26.5 g/100g,2.0,Yes,Slight clumping observed
AGR-77319,AG22-4687A,2024-03-18,Yala,Southern Province,Kandy Farm Supplies,Dolomite,Sri Lanka,"Tea, Vegetables, Acidic Soils",Soil Amendment,200.0,70.0,14000.0,100,0.0,0.0,0.24,Calcium: 0.96 % | Magnesium: 1.46 %,4.3,Yes,
AGR-34081,MF22-5846B,2022-10-23,Maha,Central Province,Agromart Ltd,Eppawala Rock Phosphate (ERP),Sri Lanka,"Tea, Rubber, Coconut",Basal Application,1.0,35.48,35.48,100,0.0,28.0,0.14,Calcium: 23.3 g/100g,1.1,Yes,Slight clumping observed
AGR-84610,BT23-8095A,2023-12-13,Off-Season,Central Province,Abans Agri Supplies,Urea,Sri Lanka,"Paddy, Maize, Vegetables",Broadcast / Soil Incorporation,26.5,122.56,3247.84,100,45.49,0.0,0.0,Not Detected,2.7,Yes,Opened bag — partial quantity
AGR-78956,MF22-1631C,2022-02-12,Off-Season,North Central Province,Kurunegala Agri Centre,Urea,Sri Lanka,"Paddy, Maize, Vegetables",Broadcast / Soil Incorporation,1.0,126.21,126.21,100,45.2,0.0,0.0,Not Detected,1.5,Yes,Opened bag — partial quantity
AGR-66549,LT23-5975C,2024-04-30,Off-Season,Northern Province,CIC Agri Businesses,NPK 15-15-15,Sri Lanka,"General Crops, Horticulture",Broadcast / Foliar,8.0,237.81,1902.48,100,14.5,15.3,15.5,Sulfur: 10.9 g/kg | Boron: 1.2 %,1.2,Yes,Opened bag — partial quantity
AGR-84875,CR23-1153A,2024-06-01,Maha,North Western Province,Lankem Ceylon PLC,TSP (Triple Super Phosphate),India,"Vegetables, Root Crops",Basal Application,11.0,156.57,1722.27,100,0.0,46.0,0.15,Calcium: 2.43 %,1.1,Yes,Slight clumping observed
AGR-55760,CR24-1231,2024-11-26,Yala,Northern Province,Anuradhapura Agro Mart,TSP (Triple Super Phosphate),India,"Vegetables, Root Crops",Basal Application,3.0,190.0,570.0,100,0.0,45.4,0.25,Calcium: 2.57 %,0.9,No,Sample from bulk storage
AGR-46634,CR24-7754B,2022-07-24,Yala,Sabaragamuwa Province,Kandy Farm Supplies,Eppawala Rock Phosphate (ERP),Sri Lanka,"Tea, Rubber, Coconut",Basal Application,52.0,34.84,1811.68,100,0.0,28.8,0.22,Calcium: 12.7 g/kg,1.8,Yes,Retest recommended
AGR-14616,LT23-7501C,2024-03-25,Off-Season,North Central Province,Matara Farm Solutions,Dolomite,Sri Lanka,"Tea, Vegetables, Acidic Soils",Soil Amendment,200.0,48.17,9634.0,100,0.15,0.18,0.0,Calcium: 8.6 g/100g | Magnesium: 25.7 g/100g,2.8,Yes,Expired stock — discounted
AGR-83299,AG23-7492,2023-03-13,Off-Season,Central Province,Colombo Pesticide Warehouse,NPK 12-12-17,Germany,"Horticulture, Fruit Crops",Broadcast,25.0,311.42,7785.5,100,11.6,12.0,16.8,Magnesium: 20.6 g/100g | Boron: 7.9 g/100g,3.5,Yes,
AGR-89333,BT22-2990,2024-12-31,Yala,Eastern Province,Agromart Ltd,Urea,Sri Lanka,"Paddy, Maize, Vegetables",Broadcast / Soil Incorporation,1000.0,119.14,119140.0,100,45.93,0.0,0.0,Not Detected,0.9,Yes,Imported directly
AGR-23387,BT23-5797,2023-01-04,Maha,North Western Province,Lankem Ceylon PLC,Dolomite,Sri Lanka,"Tea, Vegetables, Acidic Soils",Soil Amendment,1.0,48.05,48.05,100,0.0,0.0,0.0,Calcium: 2.41 % | Magnesium: 26.9 g/100g,3.1,Yes,
AGR-72510,AG23-7797,2023-12-08,Maha,North Central Province,Abans Agri Supplies,NPK 12-12-17,Germany,"Horticulture, Fruit Crops",Broadcast,500.0,260.0,130000.0,100,12.1,11.8,16.7,Magnesium: 27.4 g/kg | Boron: 12.0 g/kg,3.9,Yes,Sample from bulk storage
AGR-47694,CR23-1891A,2024-08-15,Maha,Northern Province,Pettah Agro Traders,MOP (Muriate of Potash),Canada,"Paddy, Banana, Tea",Top Dressing,200.0,225.79,45158.0,100,0.0,0.24,58.5,Chlorine: 15.5 g/100g,1.4,No,Opened bag — partial quantity
AGR-46646,MF24-6990A,2024-08-01,Maha,Western Province,Abans Agri Supplies,Dolomite,Sri Lanka,"Tea, Vegetables, Acidic Soils",Soil Amendment,50.0,68.06,3403.0,100,0.0,0.0,0.0,Calcium: 20.7 g/kg | Magnesium: 0.95 %,4.4,Yes,
AGR-10987,AG23-1500A,2024-02-20,Off-Season,North Central Province,Kandy Farm Supplies,TSP (Triple Super Phosphate),India,"Vegetables, Root Crops",Basal Application,5.0,200.0,1000.0,100,0.0,46.8,0.0,Calcium: 17.6 g/kg,3.6,No,Sample from bulk storage
AGR-34684,CR24-4357,2022-11-09,Maha,Uva Province,Agromart Ltd,Urea,Sri Lanka,"Paddy, Maize, Vegetables",Broadcast / Soil Incorporation,2.0,100.0,200.0,100,45.3,0.14,0.23,Not Detected,3.0,No,
AGR-58651,CR23-4260C,2023-10-23,Off-Season,Sabaragamuwa Province,Kandy Farm Supplies,NPK 15-15-15,Sri Lanka,"General Crops, Horticulture",Broadcast / Foliar,1.5,285.31,427.97,100,14.5,15.32,14.3,Sulfur: 9.5 g/kg | Boron: 1.32 %,2.5,Yes,Local production batch
AGR-93908,CR23-2424A,2022-11-07,Maha,North Central Province,Anuradhapura Agro Mart,NPK 15-15-15,Sri Lanka,"General Crops, Horticulture",Broadcast / Foliar,200.0,235.76,47152.0,100,15.6,14.8,14.5,Sulfur: 22.7 g/100g | Boron: 14.9 g/kg,3.0,Yes,Retest recommended
AGR-46301,BT24-9439B,2023-05-08,Off-Season,Eastern Province,Abans Agri Supplies,Dolomite,Sri Lanka,"Tea, Vegetables, Acidic Soils",Soil Amendment,1.0,63.47,63.47,100,0.0,0.0,0.0,Calcium: 11.1 g/100g | Magnesium: 2.05 %,3.8,Yes,Retest recommended
AGR-32387,CR23-9823C,2024-02-24,Maha,Sabaragamuwa Province,Eastern Agrochem Depot,NPK 12-12-17,Germany,"Horticulture, Fruit Crops",Broadcast,1000.0,315.0,315000.0,100,12.3,11.0,17.4,Magnesium: 19.4 g/kg | Boron: 1.14 %,4.4,Yes,Sample from bulk storage
AGR-16801,BT24-8582,2024-05-03,Off-Season,Central Province,Pettah Agro Traders,MOP (Muriate of Potash),Canada,"Paddy, Banana, Tea",Top Dressing,10.0,195.73,1957.3,100,0.14,0.0,58.0,Chlorine: 18.2 g/kg,1.2,Yes,
AGR-37266,AG23-2464C,2022-11-25,Off-Season,Eastern Province,Hayleys Agriculture Holdings,MOP (Muriate of Potash),Canada,"Paddy, Banana, Tea",Top Dressing,25.0,170.0,4250.0,100,0.02,0.0,61.7,Chlorine: 24.5 g/100g,2.4,Yes,Slight clumping observed
AGR-61105,MF24-8961,2022-03-04,Off-Season,North Central Province,CIC Agri Businesses,Eppawala Rock Phosphate (ERP),Sri Lanka,"Tea, Rubber, Coconut",Basal Application,5.0,58.03,290.15,100,0.15,28.19,0.04,Calcium: 1.98 %,0.9,No,
AGR-21508,MF23-1994,2023-06-06,Yala,Sabaragamuwa Province,Matara Farm Solutions,Urea,Sri Lanka,"Paddy, Maize, Vegetables",Broadcast / Soil Incorporation,500.0,124.64,62320.0,100,45.4,0.22,0.22,Not Detected,2.8,Yes,Opened bag — partial quantity
AGR-18679,LT22-2803,2022-03-27,Maha,Southern Province,Jaffna Fertilizer Depot,NPK 12-12-17,Germany,"Horticulture, Fruit Crops",Broadcast,2.0,260.0,520.0,100,11.4,12.2,16.7,Magnesium: 18.4 g/kg | Boron: 18.0 g/100g,2.0,Yes,Retest recommended
AGR-19772,CR23-1520A,2023-08-17,Yala,Eastern Province,Abans Agri Supplies,Ammonium Sulfate (SOA),China,"Tea, Vegetables",Top Dressing,25.0,147.79,3694.75,100,21.1,0.0,0.01,Sulfur: 17.2 g/kg,4.1,Yes,Sample from bulk storage
AGR-33822,BT24-2692C,2023-01-15,Yala,Sabaragamuwa Province,Abans Agri Supplies,Eppawala Rock Phosphate (ERP),Sri Lanka,"Tea, Rubber, Coconut",Basal Application,5.0,33.25,166.25,100,0.0,28.54,0.0,Calcium: 0.73 %,3.1,Yes,Slight clumping observed
AGR-64926,BT23-1959B,2023-07-02,Yala,Southern Province,Jaffna Fertilizer Depot,Dolomite,Sri Lanka,"Tea, Vegetables, Acidic Soils",Soil Amendment,998.0,47.33,47235.34,100,0.03,0.0,0.0,Calcium: 27.6 g/kg | Magnesium: 1.75 %,3.6,Yes,Imported directly
AGR-17494,MF24-2868A,2024-03-09,Off-Season,North Central Province,Matara Farm Solutions,Compost / Organic,Sri Lanka,"All Crops, Soil Health",Incorporation,1000.0,25.0,25000.0,100,1.5,1.0,1.3,Organic Carbon: 9.5 g/kg | Humus: 17.2 g/kg,4.4,No,Retest recommended
AGR-58310,AG24-7264,2024-07-15,Yala,Uva Province,Hayleys Agriculture Holdings,Dolomite,Sri Lanka,"Tea, Vegetables, Acidic Soils",Soil Amendment,500.0,69.66,34830.0,100,0.0,0.0,0.0,Calcium: 0.69 % | Magnesium: 6.8 g/kg,1.1,Yes,Retest recommended
AGR-28672,BT22-6216A,2023-05-23,Off-Season,North Western Province,Kurunegala Agri Centre,TSP (Triple Super Phosphate),India,"Vegetables, Root Crops",Basal Application,1.0,172.62,172.62,100,0.13,46.3,0.21,Calcium: 0.73 %,2.0,Yes,
AGR-55707,MF22-2040C,2024-05-31,Yala,Southern Province,Jaffna Fertilizer Depot,Compost / Organic,Sri Lanka,"All Crops, Soil Health",Incorporation,26.5,25.0,662.5,100,1.5,1.1,1.4,Organic Carbon: 13.5 g/100g | Humus: 6.3 g/100g,0.9,No,
AGR-83370,BT24-2962,2022-08-23,Maha,Sabaragamuwa Province,Eastern Agrochem Depot,MOP (Muriate of Potash),Canada,"Paddy, Banana, Tea",Top Dressing,98.0,167.54,16418.92,100,0.0,0.0,60.0,Chlorine: 0.96 %,3.1,Yes,Sample from bulk storage
AGR-19943,LT23-8959B,2024-05-04,Yala,North Western Province,CIC Agri Businesses,Compost / Organic,Sri Lanka,"All Crops, Soil Health",Incorporation,2.0,38.43,76.86,100,1.4,0.9,1.4,Organic Carbon: 19.0 g/100g | Humus: 2.26 %,1.5,Yes,Imported directly
AGR-88714,MF22-4007B,2024-11-23,Maha,Central Province,Anuradhapura Agro Mart,Urea,Sri Lanka,"Paddy, Maize, Vegetables",Broadcast / Soil Incorporation,1.0,100.0,100.0,100,45.4,0.0,0.0,Not Detected,2.2,No,Sample from bulk storage
AGR-40502,MF24-5271A,2024-01-08,Maha,Southern Province,Galle Agrochemical Stores,NPK 12-12-17,Germany,"Horticulture, Fruit Crops",Broadcast,50.0,256.57,12828.5,100,11.9,12.3,17.3,Magnesium: 6.9 g/kg | Boron: 1.89 %,2.7,Yes,Imported directly
AGR-47099,MF24-7725,2022-03-05,Off-Season,Uva Province,Kurunegala Agri Centre,NPK 15-15-15,Sri Lanka,"General Crops, Horticulture",Broadcast / Foliar,1.0,232.32,232.32,100,14.8,14.8,15.3,Sulfur: 26.8 g/100g | Boron: 16.1 g/kg,0.3,Yes,Imported directly
AGR-94218,MF24-2483A,2023-04-02,Yala,Central Province,Lankem Ceylon PLC,Urea,Sri Lanka,"Paddy, Maize, Vegetables",Broadcast / Soil Incorporation,6.0,123.53,741.18,100,46.7,0.0,0.16,Not Detected,1.8,Yes,
AGR-98379,AG23-9652A,2022-01-26,Yala,Northern Province,Kurunegala Agri Centre,NPK 12-12-17,Germany,"Horticulture, Fruit Crops",Broadcast,500.0,285.0,142500.0,100,12.1,12.3,16.3,Magnesium: 10.9 g/100g | Boron: 2.47 %,3.2,Yes,Sample from bulk storage
AGR-38981,LT22-3843,2024-03-04,Maha,Sabaragamuwa Province,Pettah Agro Traders,NPK 12-12-17,Germany,"Horticulture, Fruit Crops",Broadcast,10.0,287.06,2870.6,100,11.4,11.77,16.2,Magnesium: 19.2 g/100g | Boron: 2.54 %,3.8,Yes,Opened bag — partial quantity
AGR-54088,LT23-7364B,2022-01-23,Yala,North Central Province,Jaffna Fertilizer Depot,TSP (Triple Super Phosphate),India,"Vegetables, Root Crops",Basal Application,24.0,161.24,3869.76,100,0.0,45.8,0.0,Calcium: 1.37 %,1.7,No,Expired stock — discounted
AGR-38387,LT23-4950C,2022-05-15,Off-Season,Western Province,Galle Agrochemical Stores,Ammonium Sulfate (SOA),China,"Tea, Vegetables",Top Dressing,200.0,127.67,25534.0,100,20.9,0.0,0.24,Sulfur: 26.3 g/kg,3.7,Yes,Expired stock — discounted
AGR-32031,MF22-4079C,2024-11-22,Maha,Eastern Province,Browns Agricultural Products,NPK 12-12-17,Germany,"Horticulture, Fruit Crops",Broadcast,25.0,262.28,6557.0,100,11.92,12.1,16.57,Magnesium: 1.78 % | Boron: 24.8 g/100g,3.4,Yes,
AGR-42346,BT23-9378C,2024-02-27,Maha,Southern Province,Kandy Farm Supplies,Eppawala Rock Phosphate (ERP),Sri Lanka,"Tea, Rubber, Coconut",Basal Application,101.0,55.0,5555.0,100,0.0,28.3,0.0,Calcium: 2.44 %,0.8,No,Local production batch
AGR-73225,AG23-7734,2023-05-04,Yala,North Central Province,Kurunegala Agri Centre,Urea,Sri Lanka,"Paddy, Maize, Vegetables",Broadcast / Soil Incorporation,51.0,105.0,5355.0,100,45.49,0.14,0.22,Not Detected,2.2,Yes,
AGR-32114,LT23-2969C,2022-01-02,Off-Season,Southern Province,Kandy Farm Supplies,Eppawala Rock Phosphate (ERP),Sri Lanka,"Tea, Rubber, Coconut",Basal Application,7.0,49.75,348.25,100,0.0,26.67,0.04,Calcium: 1.57 %,2.7,No,
AGR-81455,CR22-4613C,2023-12-06,Off-Season,North Western Province,Matara Farm Solutions,Ammonium Sulfate (SOA),China,"Tea, Vegetables",Top Dressing,200.0,142.32,28464.0,100,20.6,0.0,0.0,Sulfur: 26.7 g/kg,3.6,No,Local production batch
AGR-10724,LT22-4972A,2024-01-06,Yala,Northern Province,Anuradhapura Agro Mart,Urea,Sri Lanka,"Paddy, Maize, Vegetables",Broadcast / Soil Incorporation,203.0,120.0,24360.0,100,45.9,0.0,0.0,Not Detected,3.2,Yes,
AGR-33757,CR22-2922,2024-07-07,Maha,North Central Province,Hayleys Agriculture Holdings,Urea,Sri Lanka,"Paddy, Maize, Vegetables",Broadcast / Soil Incorporation,25.0,109.58,2739.5,100,45.1,0.17,0.0,Not Detected,1.5,Yes,Sample from bulk storage
AGR-95376,LT22-5679C,2022-09-17,Off-Season,Western Province,Pettah Agro Traders,Ammonium Sulfate (SOA),China,"Tea, Vegetables",Top Dressing,50.0,145.0,7250.0,100,20.7,0.21,0.12,Sulfur: 27.6 g/100g,2.5,Yes,Local production batch
AGR-98911,BT23-4603B,2022-02-08,Maha,North Central Province,Browns Agricultural Products,Dolomite,Sri Lanka,"Tea, Vegetables, Acidic Soils",Soil Amendment,5.0,70.0,350.0,100,0.24,0.0,0.0,Calcium: 19.3 g/100g | Magnesium: 6.8 g/kg,0.5,No,
AGR-14736,MF24-6382A,2024-04-21,Maha,Southern Province,Abans Agri Supplies,Ammonium Sulfate (SOA),China,"Tea, Vegetables",Top Dressing,200.0,118.84,23768.0,100,20.1,0.0,0.0,Sulfur: 12.9 g/100g,4.0,No,
AGR-25426,MF24-3353B,2023-01-16,Maha,Southern Province,Agromart Ltd,Urea,Sri Lanka,"Paddy, Maize, Vegetables",Broadcast / Soil Incorporation,200.0,96.73,19346.0,100,46.3,0.17,0.08,Not Detected,1.0,Yes,Opened bag — partial quantity
AGR-11138,MF23-6981A,2024-01-29,Yala,Uva Province,Matara Farm Solutions,Dolomite,Sri Lanka,"Tea, Vegetables, Acidic Soils",Soil Amendment,101.5,55.19,5601.78,100,0.18,0.18,0.0,Calcium: 18.4 g/kg | Magnesium: 6.8 g/kg,3.3,Yes,
AGR-83771,AG23-9080C,2022-01-27,Maha,Uva Province,Hayleys Agriculture Holdings,Urea,Sri Lanka,"Paddy, Maize, Vegetables",Broadcast / Soil Incorporation,1.0,127.94,127.94,100,45.6,0.0,0.0,Not Detected,1.3,No,Retest recommended
AGR-87776,MF23-3805,2023-06-17,Maha,Central Province,Lankem Ceylon PLC,TSP (Triple Super Phosphate),India,"Vegetables, Root Crops",Basal Application,10.0,170.21,1702.1,100,0.0,46.9,0.0,Calcium: 8.3 g/100g,3.5,Yes,Slight clumping observed
AGR-40874,MF24-5802B,2022-08-05,Maha,Northern Province,Jaffna Fertilizer Depot,NPK 15-15-15,Sri Lanka,"General Crops, Horticulture",Broadcast / Foliar,200.0,268.59,53718.0,100,15.36,14.3,15.1,Sulfur: 0.78 % | Boron: 0.82 %,0.5,Yes,Local production batch
AGR-72217,BT22-7336,2022-12-27,Off-Season,Central Province,Kurunegala Agri Centre,Eppawala Rock Phosphate (ERP),Sri Lanka,"Tea, Rubber, Coconut",Basal Application,50.0,53.02,2651.0,100,0.0,27.9,0.06,Calcium: 10.5 g/100g,3.3,Yes,Expired stock — discounted
AGR-38342,MF23-8881C,2023-05-26,Maha,Uva Province,CIC Agri Businesses,Urea,Sri Lanka,"Paddy, Maize, Vegetables",Broadcast / Soil Incorporation,5.0,130.0,650.0,100,46.0,0.0,0.0,Not Detected,1.8,Yes,
AGR-16308,CR22-4239C,2024-06-02,Off-Season,Sabaragamuwa Province,Agromart Ltd,NPK 15-15-15,Sri Lanka,"General Crops, Horticulture",Broadcast / Foliar,25.5,250.0,6375.0,100,14.7,15.3,15.4,Sulfur: 18.1 g/kg | Boron: 23.1 g/100g,3.0,No,Local production batch
AGR-12129,MF23-1971,2024-07-22,Maha,Uva Province,Galle Agrochemical Stores,Ammonium Sulfate (SOA),China,"Tea, Vegetables",Top Dressing,5.0,117.16,585.8,100,20.4,0.15,0.0,Sulfur: 13.3 g/100g,4.3,Yes,Expired stock — discounted
AGR-92682,MF22-3846B,2023-01-26,Maha,North Central Province,Abans Agri Supplies,MOP (Muriate of Potash),Canada,"Paddy, Banana, Tea",Top Dressing,1000.0,175.0,175000.0,100,0.0,0.0,62.1,Chlorine: 27.0 g/100g,0.7,Yes,Expired stock — discounted
AGR-22311,LT23-7364A,2024-02-25,Maha,North Central Province,Browns Agricultural Products,NPK 12-12-17,Germany,"Horticulture, Fruit Crops",Broadcast,200.0,280.0,56000.0,100,11.8,11.6,17.5,Magnesium: 24.1 g/100g | Boron: 0.89 %,0.8,Yes,
AGR-30847,LT24-9845,2023-04-03,Off-Season,Western Province,Hayleys Agriculture Holdings,Urea,Sri Lanka,"Paddy, Maize, Vegetables",Broadcast / Soil Incorporation,50.0,107.69,5384.5,100,46.0,0.2,0.0,Not Detected,1.1,Yes,
AGR-65347,CR22-8073C,2024-04-29,Yala,Eastern Province,Matara Farm Solutions,TSP (Triple Super Phosphate),India,"Vegetables, Root Crops",Basal Application,10.0,176.58,1765.8,100,0.15,45.66,0.0,Calcium: 25.0 g/100g,0.4,Yes,
AGR-20324,CR24-7965A,2022-06-19,Off-Season,North Western Province,CIC Agri Businesses,Compost / Organic,Sri Lanka,"All Crops, Soil Health",Incorporation,200.0,33.12,6624.0,100,1.4,0.9,1.5,Organic Carbon: 0.84 % | Humus: 17.2 g/kg,3.2,Yes,
AGR-39435,LT22-5405A,2022-06-04,Off-Season,Uva Province,Agromart Ltd,TSP (Triple Super Phosphate),India,"Vegetables, Root Crops",Basal Application,1003.0,174.57,175093.71,100,0.0,45.2,0.0,Calcium: 21.6 g/kg,0.7,Yes,Retest recommended
AGR-28004,CR24-6645A,2024-07-02,Maha,Central Province,CIC Agri Businesses,Eppawala Rock Phosphate (ERP),Sri Lanka,"Tea, Rubber, Coconut",Basal Application,500.0,39.06,19530.0,100,0.0,28.8,0.0,Calcium: 12.6 g/kg,0.3,Yes,Retest recommended
AGR-55668,CR22-1607B,2022-05-12,Yala,Western Province,Pettah Agro Traders,NPK 12-12-17,Germany,"Horticulture, Fruit Crops",Broadcast,9.0,271.72,2445.48,100,11.9,11.84,17.2,Magnesium: 11.3 g/kg | Boron: 15.2 g/kg,3.5,Yes,
AGR-99012,BT23-9082,2023-08-04,Yala,Uva Province,Galle Agrochemical Stores,TSP (Triple Super Phosphate),India,"Vegetables, Root Crops",Basal Application,7.0,185.57,1298.99,100,0.0,47.0,0.21,Calcium: 18.1 g/kg,1.0,Yes,
AGR-90798,CR22-9284A,2022-07-31,Maha,North Central Province,CIC Agri Businesses,Urea,Sri Lanka,"Paddy, Maize, Vegetables",Broadcast / Soil Incorporation,25.0,125.0,3125.0,100,45.9,0.0,0.0,Not Detected,3.4,Yes,Expired stock — discounted
AGR-86043,AG24-7481C,2022-11-20,Maha,Eastern Province,Kandy Farm Supplies,Eppawala Rock Phosphate (ERP),Sri Lanka,"Tea, Rubber, Coconut",Basal Application,1001.0,32.35,32382.35,100,0.0,28.9,0.0,Calcium: 14.2 g/100g,1.7,Yes,Imported directly
AGR-63646,MF23-5231,2022-04-10,Maha,Central Province,Jaffna Fertilizer Depot,Dolomite,Sri Lanka,"Tea, Vegetables, Acidic Soils",Soil Amendment,10.0,73.77,737.7,100,0.0,0.0,0.0,Calcium: 19.8 g/kg | Magnesium: 1.54 %,2.6,Yes,Local production batch
AGR-59699,BT22-6113B,2022-08-13,Yala,Uva Province,Galle Agrochemical Stores,Compost / Organic,Sri Lanka,"All Crops, Soil Health",Incorporation,5.0,27.29,136.45,100,1.31,0.9,1.3,Organic Carbon: 16.5 g/100g | Humus: 13.1 g/kg,0.3,No,
AGR-56198,LT22-9419,2024-04-03,Maha,North Central Province,Colombo Pesticide Warehouse,Eppawala Rock Phosphate (ERP),Sri Lanka,"Tea, Rubber, Coconut",Basal Application,102.0,30.0,3060.0,100,0.24,27.2,0.0,Calcium: 1.35 %,0.6,Yes,Slight clumping observed
AGR-93345,LT22-5319A,2024-07-28,Yala,Sabaragamuwa Province,Kandy Farm Supplies,Eppawala Rock Phosphate (ERP),Sri Lanka,"Tea, Rubber, Coconut",Basal Application,10.0,30.0,300.0,100,0.0,28.7,0.0,Calcium: 17.8 g/kg,3.0,Yes,
AGR-71245,MF23-1128C,2024-09-27,Yala,Southern Province,Browns Agricultural Products,Eppawala Rock Phosphate (ERP),Sri Lanka,"Tea, Rubber, Coconut",Basal Application,0.5,43.2,21.6,100,0.17,26.9,0.0,Calcium: 20.5 g/kg,4.2,No,
AGR-76814,MF24-3495B,2024-11-14,Maha,Southern Province,CIC Agri Businesses,Eppawala Rock Phosphate (ERP),Sri Lanka,"Tea, Rubber, Coconut",Basal Application,100.0,42.84,4284.0,100,0.0,29.1,0.0,Calcium: 2.51 %,0.8,Yes,Opened bag — partial quantity
AGR-85954,BT24-3621A,2023-03-19,Yala,North Central Province,Abans Agri Supplies,Compost / Organic,Sri Lanka,"All Crops, Soil Health",Incorporation,200.0,28.03,5606.0,100,1.6,1.0,1.6,Organic Carbon: 18.6 g/100g | Humus: 1.69 %,3.7,Yes,
AGR-24674,CR23-3773A,2023-10-27,Yala,Sabaragamuwa Province,Eastern Agrochem Depot,Urea,Sri Lanka,"Paddy, Maize, Vegetables",Broadcast / Soil Incorporation,5.0,112.59,562.95,100,46.8,0.0,0.0,Not Detected,2.4,Yes,
AGR-61226,AG23-7578C,2024-07-04,Maha,Eastern Province,Colombo Pesticide Warehouse,Urea,Sri Lanka,"Paddy, Maize, Vegetables",Broadcast / Soil Incorporation,25.0,127.75,3193.75,100,46.6,0.0,0.0,Not Detected,1.4,Yes,
AGR-53941,BT24-6317A,2024-01-15,Maha,Eastern Province,Kandy Farm Supplies,Ammonium Sulfate (SOA),China,"Tea, Vegetables",Top Dressing,202.0,135.0,27270.0,100,21.7,0.0,0.0,Sulfur: 1.61 %,2.2,Yes,
AGR-37587,BT23-9850A,2022-05-18,Off-Season,Uva Province,Matara Farm Solutions,Ammonium Sulfate (SOA),China,"Tea, Vegetables",Top Dressing,200.0,117.5,23500.0,100,20.0,0.0,0.05,Sulfur: 1.64 %,2.5,No,Expired stock — discounted
AGR-63212,MF23-2316A,2024-12-17,Off-Season,Western Province,Abans Agri Supplies,Urea,Sri Lanka,"Paddy, Maize, Vegetables",Broadcast / Soil Incorporation,1000.0,105.0,105000.0,100,45.6,0.0,0.05,Not Detected,2.2,Yes,
AGR-24969,LT24-1830,2022-10-28,Yala,Uva Province,Eastern Agrochem Depot,Compost / Organic,Sri Lanka,"All Crops, Soil Health",Incorporation,500.5,19.66,9839.83,100,1.47,0.9,1.61,Organic Carbon: 14.6 g/100g | Humus: 13.8 g/100g,2.8,No,Sample from bulk storage
AGR-42989,LT22-6286B,2024-10-12,Yala,Central Province,Hayleys Agriculture Holdings,Compost / Organic,Sri Lanka,"All Crops, Soil Health",Incorporation,2.0,31.36,62.72,100,1.3,1.0,1.6,Organic Carbon: 1.02 % | Humus: 15.5 g/100g,2.1,Yes,
AGR-39324,AG24-7186C,2022-02-13,Yala,Northern Province,CIC Agri Businesses,Dolomite,Sri Lanka,"Tea, Vegetables, Acidic Soils",Soil Amendment,500.0,63.36,31680.0,100,0.18,0.16,0.0,Calcium: 0.81 % | Magnesium: 13.6 g/kg,3.7,Yes,
AGR-77954,MF22-4807A,2024-06-13,Yala,Western Province,Eastern Agrochem Depot,NPK 15-15-15,Sri Lanka,"General Crops, Horticulture",Broadcast / Foliar,500.0,257.95,128975.0,100,15.5,14.0,15.1,Sulfur: 7.6 g/100g | Boron: 1.35 %,1.7,No,Local production batch
AGR-52679,MF23-2743B,2024-10-10,Off-Season,Southern Province,Anuradhapura Agro Mart,Eppawala Rock Phosphate (ERP),Sri Lanka,"Tea, Rubber, Coconut",Basal Application,6.0,47.49,284.94,100,0.0,27.39,0.24,Calcium: 17.7 g/kg,1.3,Yes,Expired stock — discounted
AGR-24341,BT23-6132C,2022-07-13,Maha,North Central Province,Browns Agricultural Products,Ammonium Sulfate (SOA),China,"Tea, Vegetables",Top Dressing,27.0,140.0,3780.0,100,21.6,0.0,0.0,Sulfur: 6.5 g/100g,0.7,No,
AGR-32494,AG23-7376A,2023-12-07,Off-Season,Western Province,Jaffna Fertilizer Depot,MOP (Muriate of Potash),Canada,"Paddy, Banana, Tea",Top Dressing,1000.0,190.0,190000.0,100,0.07,0.0,62.2,Chlorine: 14.4 g/kg,3.5,No,
AGR-35297,MF24-2490C,2023-05-28,Maha,Sabaragamuwa Province,Browns Agricultural Products,Urea,Sri Lanka,"Paddy, Maize, Vegetables",Broadcast / Soil Incorporation,1000.0,120.0,120000.0,100,47.0,0.0,0.0,Not Detected,1.2,Yes,Opened bag — partial quantity
AGR-16333,AG23-5896C,2022-09-20,Maha,North Western Province,Matara Farm Solutions,MOP (Muriate of Potash),Canada,"Paddy, Banana, Tea",Top Dressing,1000.0,211.83,211830.0,100,0.14,0.0,57.5,Chlorine: 1.56 %,2.2,Yes,
AGR-16018,AG22-7079,2022-12-29,Maha,Uva Province,Galle Agrochemical Stores,NPK 12-12-17,Germany,"Horticulture, Fruit Crops",Broadcast,5.0,270.0,1350.0,100,11.4,12.3,17.5,Magnesium: 20.6 g/100g | Boron: 2.75 %,4.2,Yes,
AGR-86180,BT24-1027B,2024-03-17,Off-Season,Southern Province,Browns Agricultural Products,MOP (Muriate of Potash),Canada,"Paddy, Banana, Tea",Top Dressing,10.0,184.33,1843.3,100,0.0,0.0,59.5,Chlorine: 27.2 g/100g,0.4,Yes,Retest recommended
AGR-37237,LT23-7217A,2023-03-28,Off-Season,Northern Province,Colombo Pesticide Warehouse,NPK 12-12-17,Germany,"Horticulture, Fruit Crops",Broadcast,2.0,280.0,560.0,100,12.19,11.4,16.4,Magnesium: 13.8 g/100g | Boron: 19.8 g/100g,3.1,Yes,Imported directly
AGR-28364,LT22-4262C,2024-02-23,Yala,North Western Province,Abans Agri Supplies,Ammonium Sulfate (SOA),China,"Tea, Vegetables",Top Dressing,201.5,135.82,27367.73,100,21.4,0.0,0.0,Sulfur: 9.2 g/100g,3.7,Yes,
AGR-51678,CR23-4600B,2023-03-30,Maha,Central Province,Anuradhapura Agro Mart,Urea,Sri Lanka,"Paddy, Maize, Vegetables",Broadcast / Soil Incorporation,1000.0,105.0,105000.0,100,45.67,0.0,0.0,Not Detected,3.2,Yes,Retest recommended
AGR-17903,LT22-8610B,2024-02-14,Yala,Eastern Province,Agromart Ltd,Compost / Organic,Sri Lanka,"All Crops, Soil Health",Incorporation,25.0,21.05,526.25,100,1.44,0.9,1.5,Organic Carbon: 0.87 % | Humus: 19.2 g/100g,4.1,Yes,
AGR-23413,MF23-3143B,2023-12-06,Off-Season,Central Province,Kurunegala Agri Centre,Ammonium Sulfate (SOA),China,"Tea, Vegetables",Top Dressing,2.0,133.36,266.72,100,21.2,0.0,0.18,Sulfur: 10.1 g/kg,1.4,Yes,
AGR-78901,AG22-1784A,2024-06-27,Maha,North Central Province,Abans Agri Supplies,Urea,Sri Lanka,"Paddy, Maize, Vegetables",Broadcast / Soil Incorporation,25.0,104.81,2620.25,100,46.1,0.18,0.0,Not Detected,0.8,Yes,Local production batch
AGR-48860,MF22-4600C,2022-10-22,Yala,Western Province,Kurunegala Agri Centre,Eppawala Rock Phosphate (ERP),Sri Lanka,"Tea, Rubber, Coconut",Basal Application,1.0,35.0,35.0,100,0.0,27.0,0.14,Calcium: 1.69 %,1.3,Yes,
AGR-38056,MF24-5780B,2024-08-07,Off-Season,Western Province,Kurunegala Agri Centre,Eppawala Rock Phosphate (ERP),Sri Lanka,"Tea, Rubber, Coconut",Basal Application,50.0,60.0,3000.0,100,0.0,27.9,0.0,Calcium: 8.8 g/100g,2.8,Yes,
AGR-11725,BT23-8584B,2023-08-10,Yala,Western Province,CIC Agri Businesses,MOP (Muriate of Potash),Canada,"Paddy, Banana, Tea",Top Dressing,100.0,201.71,20171.0,100,0.0,0.0,59.4,Chlorine: 17.5 g/kg,0.4,Yes,Sample from bulk storage
AGR-80684,AG23-9788A,2024-03-17,Yala,Eastern Province,Browns Agricultural Products,Urea,Sri Lanka,"Paddy, Maize, Vegetables",Broadcast / Soil Incorporation,100.0,98.84,9884.0,100,45.4,0.0,0.23,Not Detected,3.4,Yes,
AGR-18725,CR22-6179A,2022-04-27,Yala,Northern Province,Colombo Pesticide Warehouse,Dolomite,Sri Lanka,"Tea, Vegetables, Acidic Soils",Soil Amendment,500.0,48.47,24235.0,100,0.0,0.0,0.0,Calcium: 1.69 % | Magnesium: 19.9 g/100g,0.6,Yes,Slight clumping observed
AGR-77779,MF24-8932B,2023-05-17,Off-Season,Central Province,Pettah Agro Traders,Ammonium Sulfate (SOA),China,"Tea, Vegetables",Top Dressing,2.0,131.49,262.98,100,20.5,0.0,0.0,Sulfur: 22.3 g/kg,1.0,Yes,Local production batch
AGR-28908,LT22-9439,2023-04-22,Yala,Sabaragamuwa Province,Anuradhapura Agro Mart,Compost / Organic,Sri Lanka,"All Crops, Soil Health",Incorporation,25.0,30.64,766.0,100,1.41,0.95,1.5,Organic Carbon: 10.5 g/100g | Humus: 2.26 %,2.6,Yes,Retest recommended
AGR-54074,CR22-3745,2023-02-18,Off-Season,North Western Province,Anuradhapura Agro Mart,MOP (Muriate of Potash),Canada,"Paddy, Banana, Tea",Top Dressing,1.0,165.0,165.0,100,0.0,0.18,60.3,Chlorine: 23.2 g/kg,1.6,Yes,Imported directly
AGR-84118,AG23-3069,2023-10-17,Yala,Eastern Province,Eastern Agrochem Depot,Urea,Sri Lanka,"Paddy, Maize, Vegetables",Broadcast / Soil Incorporation,48.0,121.87,5849.76,100,45.3,0.0,0.0,Not Detected,1.7,Yes,Slight clumping observed
AGR-32213,BT23-1708C,2022-10-20,Off-Season,Western Province,Kandy Farm Supplies,TSP (Triple Super Phosphate),India,"Vegetables, Root Crops",Basal Application,25.0,177.45,4436.25,100,0.0,45.3,0.0,Calcium: 17.7 g/kg,2.7,Yes,
AGR-92002,LT23-5500C,2022-07-21,Maha,Eastern Province,CIC Agri Businesses,NPK 12-12-17,Germany,"Horticulture, Fruit Crops",Broadcast,48.0,261.75,12564.0,100,12.3,11.8,16.3,Magnesium: 20.7 g/kg | Boron: 17.3 g/100g,2.4,No,Opened bag — partial quantity
AGR-44927,CR23-8742,2023-03-05,Yala,North Western Province,Lankem Ceylon PLC,TSP (Triple Super Phosphate),India,"Vegetables, Root Crops",Basal Application,50.0,198.76,9938.0,100,0.04,45.9,0.0,Calcium: 2.48 %,2.6,Yes,Local production batch
AGR-90544,MF22-8607A,2024-08-16,Maha,Southern Province,Browns Agricultural Products,Eppawala Rock Phosphate (ERP),Sri Lanka,"Tea, Rubber, Coconut",Basal Application,25.0,60.0,1500.0,100,0.25,28.52,0.03,Calcium: 7.9 g/kg,0.7,Yes,Local production batch
AGR-69702,BT24-1173A,2022-09-12,Yala,Northern Province,Abans Agri Supplies,Eppawala Rock Phosphate (ERP),Sri Lanka,"Tea, Rubber, Coconut",Basal Application,100.0,44.45,4445.0,100,0.24,29.0,0.14,Calcium: 17.3 g/kg,3.9,No,
AGR-62166,CR22-1164A,2023-03-04,Off-Season,Sabaragamuwa Province,Galle Agrochemical Stores,Urea,Sri Lanka,"Paddy, Maize, Vegetables",Broadcast / Soil Incorporation,1.0,125.0,125.0,100,46.4,0.0,0.0,Not Detected,1.0,Yes,
AGR-71171,CR22-8449B,2024-01-02,Yala,Eastern Province,Colombo Pesticide Warehouse,NPK 15-15-15,Sri Lanka,"General Crops, Horticulture",Broadcast / Foliar,200.0,276.15,55230.0,100,14.8,14.9,14.4,Sulfur: 22.6 g/100g | Boron: 27.9 g/100g,1.4,Yes,Sample from bulk storage
AGR-80210,AG22-1742,2023-04-28,Off-Season,North Central Province,Kurunegala Agri Centre,NPK 12-12-17,Germany,"Horticulture, Fruit Crops",Broadcast,101.5,290.04,29439.06,100,11.47,12.17,16.7,Magnesium: 8.5 g/100g | Boron: 13.3 g/100g,2.4,Yes,Sample from bulk storage
AGR-97015,MF22-2694A,2023-12-01,Maha,Western Province,Lankem Ceylon PLC,TSP (Triple Super Phosphate),India,"Vegetables, Root Crops",Basal Application,500.0,199.12,99560.0,100,0.04,45.5,0.24,Calcium: 23.5 g/100g,1.1,No,Local production batch
AGR-70538,CR23-8415A,2024-01-17,Yala,North Central Province,Eastern Agrochem Depot,Eppawala Rock Phosphate (ERP),Sri Lanka,"Tea, Rubber, Coconut",Basal Application,13.0,59.8,777.4,100,0.03,28.9,0.21,Calcium: 19.4 g/100g,3.5,No,Local production batch
AGR-56564,LT24-7352A,2023-05-25,Off-Season,North Central Province,Abans Agri Supplies,Ammonium Sulfate (SOA),China,"Tea, Vegetables",Top Dressing,25.0,115.77,2894.25,100,20.9,0.12,0.0,Sulfur: 21.2 g/kg,3.3,Yes,
AGR-49209,CR22-4090C,2022-11-07,Off-Season,Central Province,Lankem Ceylon PLC,NPK 15-15-15,Sri Lanka,"General Crops, Horticulture",Broadcast / Foliar,25.0,285.0,7125.0,100,14.4,15.1,15.2,Sulfur: 26.5 g/100g | Boron: 13.5 g/kg,3.4,Yes,Slight clumping observed
AGR-31656,BT22-7183A,2023-10-31,Off-Season,North Western Province,Kandy Farm Supplies,NPK 15-15-15,Sri Lanka,"General Crops, Horticulture",Broadcast / Foliar,2.0,247.22,494.44,100,15.4,15.0,15.3,Sulfur: 1.45 % | Boron: 21.8 g/100g,2.3,No,Slight clumping observed
AGR-87033,BT24-7023A,2024-05-12,Yala,Sabaragamuwa Province,Hayleys Agriculture Holdings,TSP (Triple Super Phosphate),India,"Vegetables, Root Crops",Basal Application,3.0,180.0,540.0,100,0.0,46.4,0.0,Calcium: 1.91 %,1.2,Yes,Retest recommended
AGR-88921,CR24-4039A,2022-10-31,Off-Season,Uva Province,Hayleys Agriculture Holdings,Eppawala Rock Phosphate (ERP),Sri Lanka,"Tea, Rubber, Coconut",Basal Application,48.0,55.0,2640.0,100,0.16,27.6,0.0,Calcium: 19.5 g/kg,1.5,Yes,
AGR-71125,MF24-6700B,2022-07-18,Yala,Northern Province,CIC Agri Businesses,MOP (Muriate of Potash),Canada,"Paddy, Banana, Tea",Top Dressing,2.0,172.6,345.2,100,0.0,0.0,59.0,Chlorine: 23.7 g/kg,1.7,Yes,
AGR-56747,BT22-2313A,2023-11-27,Off-Season,Eastern Province,Abans Agri Supplies,Compost / Organic,Sri Lanka,"All Crops, Soil Health",Incorporation,5.5,23.79,130.84,100,1.5,1.0,1.5,Organic Carbon: 11.9 g/kg | Humus: 13.8 g/100g,2.6,Yes,
AGR-93894,BT23-9890A,2023-12-17,Maha,Southern Province,Lankem Ceylon PLC,Urea,Sri Lanka,"Paddy, Maize, Vegetables",Broadcast / Soil Incorporation,26.5,100.0,2650.0,100,46.3,0.0,0.17,Not Detected,2.1,Yes,Imported directly
AGR-72820,AG22-7983C,2022-03-23,Maha,Eastern Province,Matara Farm Solutions,TSP (Triple Super Phosphate),India,"Vegetables, Root Crops",Basal Application,1.0,195.0,195.0,100,0.0,45.1,0.15,Calcium: 10.8 g/100g,4.0,Yes,Local production batch
AGR-27198,MF24-9629A,2022-10-28,Yala,Western Province,Agromart Ltd,NPK 15-15-15,Sri Lanka,"General Crops, Horticulture",Broadcast / Foliar,2.0,224.33,448.66,100,15.24,14.9,14.3,Sulfur: 21.6 g/kg | Boron: 1.22 %,1.2,Yes,Expired stock — discounted
AGR-72214,LT23-8978,2022-08-10,Yala,Southern Province,Kurunegala Agri Centre,NPK 12-12-17,Germany,"Horticulture, Fruit Crops",Broadcast,5.0,306.57,1532.85,100,12.4,11.6,17.5,Magnesium: 19.5 g/100g | Boron: 13.4 g/100g,1.6,No,
AGR-82967,CR22-8300C,2023-01-06,Maha,Central Province,Kurunegala Agri Centre,MOP (Muriate of Potash),Canada,"Paddy, Banana, Tea",Top Dressing,101.5,204.02,20708.03,100,0.24,0.0,58.8,Chlorine: 20.3 g/100g,3.2,Yes,
AGR-69977,AG24-9832,2024-08-31,Yala,Sabaragamuwa Province,Anuradhapura Agro Mart,Urea,Sri Lanka,"Paddy, Maize, Vegetables",Broadcast / Soil Incorporation,11.0,96.4,1060.4,100,46.6,0.05,0.0,Not Detected,1.5,Yes,Imported directly
AGR-74852,BT22-4394B,2023-05-02,Off-Season,Southern Province,Abans Agri Supplies,TSP (Triple Super Phosphate),India,"Vegetables, Root Crops",Basal Application,199.0,141.41,28140.59,100,0.0,46.8,0.16,Calcium: 24.7 g/kg,1.0,Yes,
AGR-74981,LT22-5618C,2022-06-13,Off-Season,North Central Province,Kandy Farm Supplies,MOP (Muriate of Potash),Canada,"Paddy, Banana, Tea",Top Dressing,200.0,227.07,45414.0,100,0.0,0.0,57.91,Chlorine: 1.83 %,3.2,No,Slight clumping observed
AGR-22675,AG23-4930A,2024-04-05,Yala,Uva Province,Pettah Agro Traders,Compost / Organic,Sri Lanka,"All Crops, Soil Health",Incorporation,5.0,30.0,150.0,100,1.3,0.98,1.3,Organic Carbon: 20.4 g/kg | Humus: 22.3 g/kg,4.2,No,
AGR-37452,AG22-2343A,2024-08-09,Yala,Eastern Province,Kurunegala Agri Centre,NPK 15-15-15,Sri Lanka,"General Crops, Horticulture",Broadcast / Foliar,200.0,260.0,52000.0,100,15.3,14.3,14.9,Sulfur: 8.3 g/100g | Boron: 12.7 g/kg,4.1,No,Imported directly
AGR-37475,BT23-6721C,2022-07-05,Off-Season,Eastern Province,Browns Agricultural Products,Dolomite,Sri Lanka,"Tea, Vegetables, Acidic Soils",Soil Amendment,1000.0,54.11,54110.0,100,0.0,0.08,0.03,Calcium: 7.4 g/kg | Magnesium: 13.2 g/100g,1.4,Yes,Opened bag — partial quantity
AGR-81261,LT23-3300C,2023-01-27,Yala,Sabaragamuwa Province,Anuradhapura Agro Mart,MOP (Muriate of Potash),Canada,"Paddy, Banana, Tea",Top Dressing,99.0,198.21,19622.79,100,0.0,0.0,61.83,Chlorine: 24.3 g/kg,0.6,Yes,
AGR-91075,CR23-8440,2022-08-31,Off-Season,Northern Province,Galle Agrochemical Stores,Compost / Organic,Sri Lanka,"All Crops, Soil Health",Incorporation,4.0,20.0,80.0,100,1.4,1.1,1.54,Organic Carbon: 10.2 g/kg | Humus: 16.7 g/kg,1.6,Yes,
AGR-71495,BT22-1980C,2022-12-30,Off-Season,Northern Province,Jaffna Fertilizer Depot,Compost / Organic,Sri Lanka,"All Crops, Soil Health",Incorporation,200.0,35.0,7000.0,100,1.5,0.9,1.3,Organic Carbon: 16.2 g/100g | Humus: 2.28 %,0.6,Yes,Retest recommended
AGR-86750,AG23-3381,2023-10-02,Off-Season,Eastern Province,Kurunegala Agri Centre,Dolomite,Sri Lanka,"Tea, Vegetables, Acidic Soils",Soil Amendment,53.0,65.0,3445.0,100,0.19,0.0,0.0,Calcium: 11.6 g/100g | Magnesium: 1.59 %,3.6,Yes,Local production batch
AGR-27202,BT24-4795,2023-09-14,Maha,North Central Province,Kurunegala Agri Centre,Compost / Organic,Sri Lanka,"All Crops, Soil Health",Incorporation,8.0,20.0,160.0,100,1.5,1.1,1.5,Organic Carbon: 23.7 g/100g | Humus: 14.1 g/kg,1.9,Yes,
AGR-40555,MF24-5296A,2023-03-22,Maha,Northern Province,Colombo Pesticide Warehouse,NPK 12-12-17,Germany,"Horticulture, Fruit Crops",Broadcast,12.0,285.34,3424.08,100,12.0,12.3,17.66,Magnesium: 2.46 % | Boron: 23.9 g/100g,1.2,Yes,
AGR-32514,LT22-3520B,2024-08-08,Off-Season,Uva Province,Browns Agricultural Products,Dolomite,Sri Lanka,"Tea, Vegetables, Acidic Soils",Soil Amendment,199.0,61.45,12228.55,100,0.0,0.0,0.11,Calcium: 1.84 % | Magnesium: 12.1 g/kg,3.0,No,Slight clumping observed
AGR-61768,BT23-1071,2022-04-13,Off-Season,Northern Province,Colombo Pesticide Warehouse,NPK 15-15-15,Sri Lanka,"General Crops, Horticulture",Broadcast / Foliar,5.0,230.14,1150.7,100,14.47,14.3,14.4,Sulfur: 7.6 g/kg | Boron: 10.8 g/100g,1.5,No,
AGR-71511,LT23-6106C,2024-08-21,Off-Season,Southern Province,Eastern Agrochem Depot,NPK 15-15-15,Sri Lanka,"General Crops, Horticulture",Broadcast / Foliar,5.0,273.32,1366.6,100,15.0,14.5,15.6,Sulfur: 9.8 g/100g | Boron: 23.6 g/kg,0.3,No,Imported directly
AGR-61601,LT22-7795C,2024-06-28,Off-Season,Uva Province,Kandy Farm Supplies,Eppawala Rock Phosphate (ERP),Sri Lanka,"Tea, Rubber, Coconut",Basal Application,101.0,40.0,4040.0,100,0.04,27.2,0.12,Calcium: 20.9 g/kg,2.5,Yes,
AGR-15428,BT24-4621C,2023-05-23,Maha,Northern Province,Matara Farm Solutions,NPK 12-12-17,Germany,"Horticulture, Fruit Crops",Broadcast,25.0,314.91,7872.75,100,12.0,12.4,16.3,Magnesium: 10.8 g/kg | Boron: 25.5 g/kg,2.2,Yes,Imported directly
AGR-41100,LT24-5178,2022-07-12,Yala,Sabaragamuwa Province,Hayleys Agriculture Holdings,Compost / Organic,Sri Lanka,"All Crops, Soil Health",Incorporation,50.0,20.0,1000.0,100,1.0,1.0,1.4,Organic Carbon: 23.5 g/kg | Humus: 24.5 g/100g,1.3,No,
AGR-48325,AG22-9766,2022-10-26,Off-Season,Western Province,Browns Agricultural Products,NPK 12-12-17,Germany,"Horticulture, Fruit Crops",Broadcast,1000.0,305.29,305290.0,100,12.2,12.3,16.7,Magnesium: 12.7 g/kg | Boron: 6.5 g/kg,0.9,Yes,Expired stock — discounted
AGR-18990,AG23-4361A,2022-05-30,Yala,Western Province,Hayleys Agriculture Holdings,MOP (Muriate of Potash),Canada,"Paddy, Banana, Tea",Top Dressing,103.0,165.0,16995.0,100,0.0,0.0,61.6,Chlorine: 16.6 g/kg,0.6,Yes,Expired stock — discounted
AGR-57277,CR23-7529C,2024-10-31,Yala,Western Province,Kurunegala Agri Centre,Urea,Sri Lanka,"Paddy, Maize, Vegetables",Broadcast / Soil Incorporation,25.0,125.0,3125.0,100,46.0,0.0,0.0,Not Detected,1.1,Yes,Slight clumping observed
AGR-12223,BT22-7583B,2022-11-21,Off-Season,Central Province,Galle Agrochemical Stores,NPK 12-12-17,Germany,"Horticulture, Fruit Crops",Broadcast,25.0,273.68,6842.0,100,11.8,11.5,17.7,Magnesium: 24.2 g/kg | Boron: 15.1 g/100g,4.3,No,Expired stock — discounted
AGR-83900,CR23-6342B,2024-12-23,Maha,Uva Province,Agromart Ltd,Dolomite,Sri Lanka,"Tea, Vegetables, Acidic Soils",Soil Amendment,199.0,64.91,12917.09,100,0.16,0.0,0.0,Calcium: 12.5 g/kg | Magnesium: 26.9 g/kg,1.1,Yes,Imported directly
AGR-97654,AG22-5015,2023-01-13,Off-Season,Southern Province,Kurunegala Agri Centre,Compost / Organic,Sri Lanka,"All Crops, Soil Health",Incorporation,24.0,18.93,454.32,100,1.5,0.9,1.4,Organic Carbon: 2.16 % | Humus: 1.34 %,3.3,No,Sample from bulk storage
AGR-91655,MF22-7508A,2023-03-26,Off-Season,Uva Province,Colombo Pesticide Warehouse,NPK 15-15-15,Sri Lanka,"General Crops, Horticulture",Broadcast / Foliar,5.0,270.76,1353.8,100,15.0,15.3,14.8,Sulfur: 13.1 g/kg | Boron: 11.3 g/100g,3.8,No,Sample from bulk storage
AGR-61048,CR24-4700B,2023-12-05,Maha,North Western Province,Galle Agrochemical Stores,Compost / Organic,Sri Lanka,"All Crops, Soil Health",Incorporation,5.0,31.67,158.35,100,1.3,0.9,1.37,Organic Carbon: 0.95 % | Humus: 2.11 %,1.0,Yes,
AGR-98868,BT24-8519,2024-06-20,Off-Season,Eastern Province,Colombo Pesticide Warehouse,Ammonium Sulfate (SOA),China,"Tea, Vegetables",Top Dressing,1.0,111.16,111.16,100,21.52,0.0,0.0,Sulfur: 1.01 %,4.3,No,Retest recommended
AGR-92898,BT22-1103B,2024-03-31,Off-Season,Western Province,Colombo Pesticide Warehouse,Dolomite,Sri Lanka,"Tea, Vegetables, Acidic Soils",Soil Amendment,5.0,49.39,246.95,100,0.24,0.09,0.0,Calcium: 19.9 g/kg | Magnesium: 13.0 g/100g,4.5,Yes,
AGR-60067,MF22-3010C,2023-01-04,Yala,Southern Province,CIC Agri Businesses,NPK 15-15-15,Sri Lanka,"General Crops, Horticulture",Broadcast / Foliar,10.0,247.14,2471.4,100,15.0,15.5,15.01,Sulfur: 0.84 % | Boron: 13.7 g/100g,1.5,Yes,Sample from bulk storage
AGR-32865,LT24-4686B,2023-03-02,Yala,Western Province,Abans Agri Supplies,NPK 12-12-17,Germany,"Horticulture, Fruit Crops",Broadcast,100.0,284.57,28457.0,100,12.4,12.34,17.6,Magnesium: 11.8 g/100g | Boron: 14.7 g/100g,2.8,Yes,Retest recommended
AGR-88247,BT24-2822C,2024-06-26,Yala,North Central Province,Agromart Ltd,Urea,Sri Lanka,"Paddy, Maize, Vegetables",Broadcast / Soil Incorporation,198.0,125.0,24750.0,100,46.8,0.0,0.0,Not Detected,3.5,Yes,
AGR-51019,AG24-5248C,2022-11-04,Yala,Southern Province,Anuradhapura Agro Mart,TSP (Triple Super Phosphate),India,"Vegetables, Root Crops",Basal Application,50.0,155.0,7750.0,100,0.0,46.6,0.0,Calcium: 2.37 %,3.6,No,Expired stock — discounted
AGR-91633,MF24-6546,2023-12-18,Yala,Uva Province,Browns Agricultural Products,NPK 15-15-15,Sri Lanka,"General Crops, Horticulture",Broadcast / Foliar,25.0,244.89,6122.25,100,15.4,15.37,14.5,Sulfur: 11.2 g/100g | Boron: 27.5 g/kg,2.2,Yes,Sample from bulk storage
AGR-68250,LT23-4778,2023-02-17,Yala,North Central Province,Browns Agricultural Products,NPK 15-15-15,Sri Lanka,"General Crops, Horticulture",Broadcast / Foliar,25.0,232.55,5813.75,100,14.6,15.3,14.4,Sulfur: 1.11 % | Boron: 12.2 g/kg,2.2,Yes,
AGR-86320,LT23-5280,2024-01-25,Off-Season,Northern Province,Pettah Agro Traders,Ammonium Sulfate (SOA),China,"Tea, Vegetables",Top Dressing,2.0,145.0,290.0,100,20.3,0.18,0.0,Sulfur: 10.2 g/100g,1.3,No,Retest recommended
AGR-73983,MF24-2649B,2022-08-17,Maha,North Western Province,Colombo Pesticide Warehouse,Ammonium Sulfate (SOA),China,"Tea, Vegetables",Top Dressing,8.0,147.18,1177.44,100,21.03,0.0,0.0,Sulfur: 22.3 g/100g,4.1,Yes,Sample from bulk storage
AGR-89945,MF22-3140,2024-12-23,Off-Season,Western Province,Lankem Ceylon PLC,TSP (Triple Super Phosphate),India,"Vegetables, Root Crops",Basal Application,50.0,195.73,9786.5,100,0.0,46.5,0.0,Calcium: 19.7 g/kg,1.9,Yes,
AGR-67716,LT23-7417A,2024-03-31,Off-Season,Northern Province,Galle Agrochemical Stores,NPK 12-12-17,Germany,"Horticulture, Fruit Crops",Broadcast,50.0,303.91,15195.5,100,11.7,12.5,16.7,Magnesium: 1.04 % | Boron: 2.75 %,3.7,Yes,
AGR-20093,AG23-6866C,2022-02-07,Off-Season,Sabaragamuwa Province,CIC Agri Businesses,NPK 15-15-15,Sri Lanka,"General Crops, Horticulture",Broadcast / Foliar,100.0,230.0,23000.0,100,15.3,15.0,14.41,Sulfur: 12.1 g/kg | Boron: 25.2 g/kg,2.6,Yes,Expired stock — discounted
AGR-69668,LT23-3614,2023-11-27,Maha,North Western Province,Galle Agrochemical Stores,NPK 15-15-15,Sri Lanka,"General Crops, Horticulture",Broadcast / Foliar,500.0,260.73,130365.0,100,14.5,14.7,15.2,Sulfur: 20.9 g/100g | Boron: 2.06 %,3.2,Yes,Expired stock — discounted
AGR-30526,MF24-6583B,2022-05-24,Yala,Sabaragamuwa Province,Eastern Agrochem Depot,TSP (Triple Super Phosphate),India,"Vegetables, Root Crops",Basal Application,100.0,155.0,15500.0,100,0.0,46.3,0.17,Calcium: 26.1 g/kg,1.2,Yes,Sample from bulk storage
AGR-54411,CR24-2783B,2024-11-05,Off-Season,Northern Province,Kurunegala Agri Centre,Compost / Organic,Sri Lanka,"All Crops, Soil Health",Incorporation,500.0,20.0,10000.0,100,1.4,1.0,1.4,Organic Carbon: 1.84 % | Humus: 22.7 g/100g,1.2,Yes,
AGR-53354,BT23-8262A,2024-11-02,Yala,Central Province,Kurunegala Agri Centre,Ammonium Sulfate (SOA),China,"Tea, Vegetables",Top Dressing,98.0,129.04,12645.92,100,21.7,0.0,0.0,Sulfur: 1.51 %,3.4,Yes,Sample from bulk storage
AGR-57431,AG22-6050C,2024-03-01,Yala,Southern Province,CIC Agri Businesses,Compost / Organic,Sri Lanka,"All Crops, Soil Health",Incorporation,3.5,30.0,105.0,100,1.6,0.9,1.5,Organic Carbon: 1.41 % | Humus: 1.46 %,0.8,No,
AGR-56599,AG22-6019C,2024-04-20,Maha,Sabaragamuwa Province,Abans Agri Supplies,TSP (Triple Super Phosphate),India,"Vegetables, Root Crops",Basal Application,2.0,148.24,296.48,100,0.0,46.19,0.0,Calcium: 17.7 g/100g,3.0,No,Retest recommended
AGR-98097,BT24-2819A,2022-11-17,Yala,Sabaragamuwa Province,Jaffna Fertilizer Depot,Dolomite,Sri Lanka,"Tea, Vegetables, Acidic Soils",Soil Amendment,501.0,67.2,33667.2,100,0.02,0.0,0.0,Calcium: 0.69 % | Magnesium: 22.8 g/100g,1.0,No,Opened bag — partial quantity
AGR-71876,BT24-5562C,2023-10-13,Off-Season,North Central Province,Kurunegala Agri Centre,NPK 15-15-15,Sri Lanka,"General Crops, Horticulture",Broadcast / Foliar,10.0,250.0,2500.0,100,15.4,15.3,15.4,Sulfur: 13.3 g/100g | Boron: 14.8 g/kg,4.3,Yes,
AGR-58360,BT22-7740C,2023-02-10,Off-Season,North Central Province,Abans Agri Supplies,MOP (Muriate of Potash),Canada,"Paddy, Banana, Tea",Top Dressing,1001.0,165.84,166005.84,100,0.05,0.0,62.1,Chlorine: 19.0 g/kg,2.4,No,Slight clumping observed
AGR-79468,MF24-5394B,2024-04-18,Yala,Eastern Province,Anuradhapura Agro Mart,Dolomite,Sri Lanka,"Tea, Vegetables, Acidic Soils",Soil Amendment,51.0,58.21,2968.71,100,0.0,0.0,0.0,Calcium: 27.7 g/kg | Magnesium: 10.6 g/100g,1.1,Yes,Opened bag — partial quantity
AGR-48904,MF24-9939C,2024-08-27,Yala,Western Province,Hayleys Agriculture Holdings,Urea,Sri Lanka,"Paddy, Maize, Vegetables",Broadcast / Soil Incorporation,26.0,105.0,2730.0,100,46.1,0.06,0.0,Not Detected,2.3,No,Sample from bulk storage
AGR-65324,MF23-7738C,2023-04-11,Yala,North Central Province,Agromart Ltd,Urea,Sri Lanka,"Paddy, Maize, Vegetables",Broadcast / Soil Incorporation,100.0,118.98,11898.0,100,45.98,0.0,0.0,Not Detected,0.4,Yes,Retest recommended
AGR-46638,CR23-3115A,2022-01-16,Maha,Southern Province,Galle Agrochemical Stores,Urea,Sri Lanka,"Paddy, Maize, Vegetables",Broadcast / Soil Incorporation,200.0,100.0,20000.0,100,45.1,0.0,0.0,Not Detected,4.0,Yes,Local production batch
AGR-12379,BT23-1310,2023-03-30,Off-Season,Central Province,Kandy Farm Supplies,Dolomite,Sri Lanka,"Tea, Vegetables, Acidic Soils",Soil Amendment,200.0,75.0,15000.0,100,0.0,0.22,0.18,Calcium: 1.93 % | Magnesium: 13.0 g/kg,3.0,Yes,
AGR-91973,BT24-4040A,2022-08-15,Yala,Uva Province,Agromart Ltd,Eppawala Rock Phosphate (ERP),Sri Lanka,"Tea, Rubber, Coconut",Basal Application,100.0,52.22,5222.0,100,0.0,27.6,0.0,Calcium: 10.7 g/kg,0.4,Yes,Opened bag — partial quantity
AGR-50545,AG22-9825C,2023-03-23,Maha,North Central Province,Agromart Ltd,Compost / Organic,Sri Lanka,"All Crops, Soil Health",Incorporation,1000.5,25.0,25012.5,100,1.3,0.9,1.0,Organic Carbon: 1.97 % | Humus: 1.76 %,1.8,No,
AGR-15395,AG23-3523C,2022-10-05,Yala,Sabaragamuwa Province,Jaffna Fertilizer Depot,Dolomite,Sri Lanka,"Tea, Vegetables, Acidic Soils",Soil Amendment,52.0,59.99,3119.48,100,0.12,0.0,0.0,Calcium: 2.22 % | Magnesium: 20.8 g/kg,0.5,Yes,Retest recommended
AGR-92565,LT24-1381A,2024-04-13,Maha,North Central Province,Abans Agri Supplies,Dolomite,Sri Lanka,"Tea, Vegetables, Acidic Soils",Soil Amendment,5.0,63.92,319.6,100,0.0,0.0,0.0,Calcium: 23.8 g/100g | Magnesium: 26.0 g/100g,2.7,Yes,Local production batch
AGR-82562,AG24-7057C,2022-06-28,Maha,North Western Province,Pettah Agro Traders,Compost / Organic,Sri Lanka,"All Crops, Soil Health",Incorporation,200.0,25.0,5000.0,100,1.4,1.05,1.4,Organic Carbon: 20.0 g/kg | Humus: 7.5 g/kg,2.3,Yes,Retest recommended
AGR-92758,MF22-1859A,2022-11-10,Maha,Eastern Province,CIC Agri Businesses,NPK 12-12-17,Germany,"Horticulture, Fruit Crops",Broadcast,3.0,305.0,915.0,100,12.2,12.39,16.78,Magnesium: 18.8 g/100g | Boron: 0.79 %,2.9,No,
AGR-97169,MF23-7645A,2024-11-22,Off-Season,Central Province,Anuradhapura Agro Mart,MOP (Muriate of Potash),Canada,"Paddy, Banana, Tea",Top Dressing,2.0,185.0,370.0,100,0.0,0.0,57.9,Chlorine: 21.0 g/kg,2.1,Yes,
AGR-99992,AG24-5433A,2022-04-26,Maha,Sabaragamuwa Province,Eastern Agrochem Depot,Eppawala Rock Phosphate (ERP),Sri Lanka,"Tea, Rubber, Coconut",Basal Application,10.0,53.32,533.2,100,0.0,28.8,0.0,Calcium: 1.33 %,4.0,Yes,
AGR-21405,AG22-9034B,2024-08-11,Yala,North Central Province,CIC Agri Businesses,Dolomite,Sri Lanka,"Tea, Vegetables, Acidic Soils",Soil Amendment,998.0,60.0,59880.0,100,0.13,0.16,0.0,Calcium: 0.65 % | Magnesium: 15.2 g/100g,2.8,No,Sample from bulk storage
AGR-10611,MF24-7699A,2024-07-16,Yala,Southern Province,Eastern Agrochem Depot,Dolomite,Sri Lanka,"Tea, Vegetables, Acidic Soils",Soil Amendment,500.5,70.0,35035.0,100,0.09,0.0,0.0,Calcium: 1.3 % | Magnesium: 0.88 %,4.4,Yes,Expired stock — discounted
AGR-96524,AG23-5824B,2022-07-28,Yala,Northern Province,Matara Farm Solutions,NPK 12-12-17,Germany,"Horticulture, Fruit Crops",Broadcast,100.0,250.09,25009.0,100,12.19,11.6,17.4,Magnesium: 1.61 % | Boron: 2.52 %,3.5,Yes,Retest recommended
AGR-31773,LT22-7651B,2023-04-28,Off-Season,Southern Province,Galle Agrochemical Stores,Ammonium Sulfate (SOA),China,"Tea, Vegetables",Top Dressing,100.0,115.0,11500.0,100,21.1,0.0,0.0,Sulfur: 23.4 g/kg,4.1,No,
AGR-41809,MF22-5075B,2024-06-22,Off-Season,North Central Province,Kandy Farm Supplies,Compost / Organic,Sri Lanka,"All Crops, Soil Health",Incorporation,100.0,20.07,2007.0,100,1.4,1.03,1.0,Organic Carbon: 13.0 g/100g | Humus: 17.1 g/100g,0.9,Yes,Opened bag — partial quantity
AGR-29863,LT24-3135,2022-11-17,Maha,Sabaragamuwa Province,Agromart Ltd,MOP (Muriate of Potash),Canada,"Paddy, Banana, Tea",Top Dressing,998.0,221.97,221526.06,100,0.0,0.0,62.3,Chlorine: 21.8 g/100g,1.5,Yes,
AGR-93895,CR24-6459B,2023-07-13,Off-Season,Western Province,Colombo Pesticide Warehouse,Dolomite,Sri Lanka,"Tea, Vegetables, Acidic Soils",Soil Amendment,7.0,73.3,513.1,100,0.21,0.22,0.0,Calcium: 18.7 g/kg | Magnesium: 20.8 g/100g,1.2,Yes,Local production batch
AGR-68230,LT24-4670,2023-10-16,Yala,North Western Province,Jaffna Fertilizer Depot,Dolomite,Sri Lanka,"Tea, Vegetables, Acidic Soils",Soil Amendment,200.0,61.8,12360.0,100,0.0,0.0,0.0,Calcium: 19.1 g/100g | Magnesium: 25.1 g/100g,1.2,Yes,Sample from bulk storage
AGR-50586,BT22-4725C,2024-07-17,Maha,North Western Province,Kurunegala Agri Centre,NPK 15-15-15,Sri Lanka,"General Crops, Horticulture",Broadcast / Foliar,26.0,258.2,6713.2,100,15.1,14.5,14.3,Sulfur: 18.2 g/100g | Boron: 27.2 g/kg,3.0,Yes,Sample from bulk storage
AGR-76735,CR22-1732B,2022-03-27,Off-Season,Central Province,Kurunegala Agri Centre,NPK 15-15-15,Sri Lanka,"General Crops, Horticulture",Broadcast / Foliar,2.5,225.0,562.5,100,14.7,15.1,15.22,Sulfur: 6.4 g/100g | Boron: 26.6 g/kg,2.7,Yes,Expired stock — discounted
AGR-63715,MF23-7968A,2024-02-21,Off-Season,North Western Province,Agromart Ltd,Urea,Sri Lanka,"Paddy, Maize, Vegetables",Broadcast / Soil Incorporation,5.0,120.0,600.0,100,46.2,0.0,0.0,Not Detected,1.2,Yes,
AGR-68588,BT23-1933C,2024-04-22,Yala,Sabaragamuwa Province,Jaffna Fertilizer Depot,Ammonium Sulfate (SOA),China,"Tea, Vegetables",Top Dressing,200.0,135.0,27000.0,100,20.6,0.08,0.0,Sulfur: 2.37 %,4.5,Yes,Retest recommended
AGR-41807,LT22-7113C,2023-06-09,Off-Season,Southern Province,Jaffna Fertilizer Depot,Compost / Organic,Sri Lanka,"All Crops, Soil Health",Incorporation,10.0,20.0,200.0,100,1.4,0.9,1.6,Organic Carbon: 9.9 g/kg | Humus: 2.03 %,4.3,Yes,Sample from bulk storage
AGR-23887,LT24-2871,2024-02-02,Off-Season,Sabaragamuwa Province,Kandy Farm Supplies,TSP (Triple Super Phosphate),India,"Vegetables, Root Crops",Basal Application,12.0,169.48,2033.76,100,0.12,46.3,0.0,Calcium: 22.3 g/100g,3.1,Yes,Slight clumping observed
AGR-66118,MF23-5379B,2024-10-29,Off-Season,North Western Province,Pettah Agro Traders,Compost / Organic,Sri Lanka,"All Crops, Soil Health",Incorporation,13.0,30.0,390.0,100,1.4,1.1,1.5,Organic Carbon: 9.7 g/100g | Humus: 12.4 g/kg,0.4,Yes,
AGR-56002,MF23-1555B,2023-09-26,Off-Season,Northern Province,Eastern Agrochem Depot,TSP (Triple Super Phosphate),India,"Vegetables, Root Crops",Basal Application,25.0,145.0,3625.0,100,0.0,45.2,0.0,Calcium: 6.6 g/kg,4.0,Yes,Retest recommended
AGR-24230,AG22-2430B,2022-05-21,Off-Season,Western Province,Eastern Agrochem Depot,Compost / Organic,Sri Lanka,"All Crops, Soil Health",Incorporation,998.0,20.27,20229.46,100,1.6,1.02,1.6,Organic Carbon: 25.5 g/kg | Humus: 24.6 g/kg,2.6,Yes,Retest recommended
AGR-42062,MF24-4252B,2024-07-09,Off-Season,Northern Province,Kandy Farm Supplies,Dolomite,Sri Lanka,"Tea, Vegetables, Acidic Soils",Soil Amendment,502.0,66.72,33493.44,100,0.0,0.09,0.0,Calcium: 2.64 % | Magnesium: 12.2 g/kg,4.1,Yes,Imported directly
AGR-64510,CR22-7290A,2024-09-12,Off-Season,Northern Province,Kandy Farm Supplies,Dolomite,Sri Lanka,"Tea, Vegetables, Acidic Soils",Soil Amendment,500.0,53.85,26925.0,100,0.0,0.0,0.15,Calcium: 19.4 g/kg | Magnesium: 10.9 g/100g,3.3,No,Opened bag — partial quantity
AGR-64508,AG24-1081B,2024-06-10,Maha,North Central Province,Agromart Ltd,Urea,Sri Lanka,"Paddy, Maize, Vegetables",Broadcast / Soil Incorporation,0.5,124.63,62.31,100,46.8,0.0,0.0,Not Detected,1.6,Yes,Retest recommended
AGR-95209,MF24-1240C,2024-05-24,Off-Season,Central Province,Eastern Agrochem Depot,Urea,Sri Lanka,"Paddy, Maize, Vegetables",Broadcast / Soil Incorporation,500.0,130.0,65000.0,100,46.0,0.0,0.13,Not Detected,1.8,Yes,Sample from bulk storage
AGR-82085,LT23-9120B,2024-11-02,Yala,North Western Province,Pettah Agro Traders,NPK 15-15-15,Sri Lanka,"General Crops, Horticulture",Broadcast / Foliar,1000.0,230.0,230000.0,100,14.9,15.0,14.56,Sulfur: 21.4 g/kg | Boron: 11.1 g/kg,0.4,Yes,Local production batch
AGR-73853,CR22-5486C,2023-08-29,Maha,Southern Province,Hayleys Agriculture Holdings,Ammonium Sulfate (SOA),China,"Tea, Vegetables",Top Dressing,26.0,113.03,2938.78,100,21.0,0.02,0.0,Sulfur: 7.6 g/kg,3.4,Yes,Expired stock — discounted
AGR-34977,LT23-6125A,2024-10-17,Off-Season,Central Province,Kurunegala Agri Centre,Urea,Sri Lanka,"Paddy, Maize, Vegetables",Broadcast / Soil Incorporation,500.5,128.09,64109.04,100,45.4,0.14,0.0,Not Detected,2.9,No,Retest recommended
AGR-67710,AG24-2746C,2024-03-28,Maha,North Central Province,Colombo Pesticide Warehouse,Ammonium Sulfate (SOA),China,"Tea, Vegetables",Top Dressing,25.0,117.16,2929.0,100,20.6,0.03,0.0,Sulfur: 1.79 %,1.5,Yes,Retest recommended
AGR-18769,AG22-5878,2022-11-04,Maha,Northern Province,Galle Agrochemical Stores,Ammonium Sulfate (SOA),China,"Tea, Vegetables",Top Dressing,100.0,145.0,14500.0,100,21.5,0.0,0.0,Sulfur: 9.9 g/kg,2.7,Yes,
AGR-40504,MF23-2064A,2022-01-08,Yala,Sabaragamuwa Province,Hayleys Agriculture Holdings,NPK 15-15-15,Sri Lanka,"General Crops, Horticulture",Broadcast / Foliar,1.0,258.08,258.08,100,14.7,15.0,14.9,Sulfur: 1.2 % | Boron: 10.8 g/100g,2.6,Yes,Sample from bulk storage
AGR-89963,CR22-4243A,2024-06-04,Off-Season,Uva Province,Colombo Pesticide Warehouse,TSP (Triple Super Phosphate),India,"Vegetables, Root Crops",Basal Application,48.0,197.68,9488.64,100,0.0,46.8,0.0,Calcium: 2.43 %,1.4,Yes,Retest recommended
AGR-37000,LT23-2007A,2022-09-14,Yala,North Central Province,Hayleys Agriculture Holdings,Eppawala Rock Phosphate (ERP),Sri Lanka,"Tea, Rubber, Coconut",Basal Application,200.0,38.46,7692.0,100,0.0,27.1,0.0,Calcium: 23.3 g/kg,2.6,No,Local production batch
AGR-77292,AG22-6307C,2024-09-27,Yala,Eastern Province,Agromart Ltd,MOP (Muriate of Potash),Canada,"Paddy, Banana, Tea",Top Dressing,2.0,180.0,360.0,100,0.13,0.0,59.1,Chlorine: 2.61 %,3.4,Yes,
AGR-90403,LT23-9906A,2022-08-05,Off-Season,North Central Province,CIC Agri Businesses,Dolomite,Sri Lanka,"Tea, Vegetables, Acidic Soils",Soil Amendment,200.0,50.0,10000.0,100,0.05,0.0,0.23,Calcium: 1.12 % | Magnesium: 1.2 %,3.9,Yes,Slight clumping observed
AGR-98923,AG22-9991,2024-04-20,Off-Season,Western Province,Browns Agricultural Products,NPK 15-15-15,Sri Lanka,"General Crops, Horticulture",Broadcast / Foliar,98.0,265.28,25997.44,100,14.9,14.9,14.7,Sulfur: 21.0 g/kg | Boron: 17.0 g/100g,2.1,Yes,
AGR-37862,BT24-5652,2022-08-26,Off-Season,North Central Province,Colombo Pesticide Warehouse,NPK 15-15-15,Sri Lanka,"General Crops, Horticulture",Broadcast / Foliar,2.0,265.0,530.0,100,15.3,14.63,15.4,Sulfur: 7.6 g/kg | Boron: 11.0 g/100g,2.7,Yes,Retest recommended
AGR-61654,AG23-6432A,2024-03-06,Off-Season,North Central Province,Colombo Pesticide Warehouse,NPK 15-15-15,Sri Lanka,"General Crops, Horticulture",Broadcast / Foliar,3.0,224.11,672.33,100,15.0,15.1,14.8,Sulfur: 16.2 g/kg | Boron: 23.0 g/kg,0.7,Yes,Local production batch
AGR-96916,CR24-9481B,2023-12-01,Yala,Central Province,Anuradhapura Agro Mart,Compost / Organic,Sri Lanka,"All Crops, Soil Health",Incorporation,50.0,30.0,1500.0,100,1.3,1.0,1.3,Organic Carbon: 26.3 g/100g | Humus: 16.7 g/kg,3.0,No,
AGR-25480,MF23-7894,2024-11-16,Off-Season,Sabaragamuwa Province,Colombo Pesticide Warehouse,Urea,Sri Lanka,"Paddy, Maize, Vegetables",Broadcast / Soil Incorporation,53.0,104.07,5515.71,100,45.9,0.0,0.0,Not Detected,4.2,Yes,Retest recommended
AGR-71179,MF24-2861C,2024-04-18,Maha,Central Province,Galle Agrochemical Stores,Ammonium Sulfate (SOA),China,"Tea, Vegetables",Top Dressing,1.0,124.69,124.69,100,21.0,0.0,0.0,Sulfur: 8.8 g/kg,4.1,Yes,Local production batch
AGR-40816,LT22-3850B,2023-10-06,Maha,Western Province,Colombo Pesticide Warehouse,MOP (Muriate of Potash),Canada,"Paddy, Banana, Tea",Top Dressing,3.5,165.0,577.5,100,0.0,0.0,59.8,Chlorine: 19.9 g/100g,2.0,Yes,Imported directly
AGR-31209,MF22-3232,2023-01-13,Yala,North Western Province,Galle Agrochemical Stores,Ammonium Sulfate (SOA),China,"Tea, Vegetables",Top Dressing,100.0,125.0,12500.0,100,20.7,0.16,0.0,Sulfur: 16.1 g/kg,0.5,Yes,
AGR-37097,BT22-7703C,2022-09-06,Maha,Sabaragamuwa Province,Browns Agricultural Products,Eppawala Rock Phosphate (ERP),Sri Lanka,"Tea, Rubber, Coconut",Basal Application,200.0,46.65,9330.0,100,0.0,26.9,0.18,Calcium: 2.43 %,2.6,Yes,Opened bag — partial quantity
AGR-91974,MF23-6501B,2024-06-16,Yala,North Western Province,Eastern Agrochem Depot,TSP (Triple Super Phosphate),India,"Vegetables, Root Crops",Basal Application,5.0,165.34,826.7,100,0.05,45.5,0.0,Calcium: 17.7 g/100g,0.4,No,Sample from bulk storage
AGR-74955,CR22-8802C,2024-11-21,Yala,Sabaragamuwa Province,Agromart Ltd,Dolomite,Sri Lanka,"Tea, Vegetables, Acidic Soils",Soil Amendment,50.0,57.93,2896.5,100,0.0,0.05,0.0,Calcium: 1.83 % | Magnesium: 0.74 %,0.5,Yes,Opened bag — partial quantity
AGR-56340,BT24-6931C,2024-04-24,Yala,Sabaragamuwa Province,Jaffna Fertilizer Depot,Dolomite,Sri Lanka,"Tea, Vegetables, Acidic Soils",Soil Amendment,52.0,69.3,3603.6,100,0.0,0.0,0.0,Calcium: 1.05 % | Magnesium: 21.7 g/kg,0.5,No,Imported directly
AGR-83646,CR24-4382C,2024-11-05,Yala,Southern Province,Galle Agrochemical Stores,MOP (Muriate of Potash),Canada,"Paddy, Banana, Tea",Top Dressing,8.0,223.33,1786.64,100,0.25,0.0,60.0,Chlorine: 15.7 g/100g,4.1,Yes,
AGR-21945,CR23-8966A,2022-10-22,Yala,Sabaragamuwa Province,Abans Agri Supplies,Ammonium Sulfate (SOA),China,"Tea, Vegetables",Top Dressing,4.0,150.0,600.0,100,21.8,0.0,0.0,Sulfur: 14.4 g/kg,1.2,Yes,Retest recommended
AGR-61011,CR23-9385A,2022-06-30,Yala,Eastern Province,Abans Agri Supplies,Ammonium Sulfate (SOA),China,"Tea, Vegetables",Top Dressing,25.0,123.69,3092.25,100,21.8,0.0,0.22,Sulfur: 25.0 g/100g,0.8,Yes,Local production batch
AGR-86266,CR22-3767C,2023-10-31,Off-Season,Western Province,Anuradhapura Agro Mart,Dolomite,Sri Lanka,"Tea, Vegetables, Acidic Soils",Soil Amendment,24.0,74.19,1780.56,100,0.23,0.09,0.15,Calcium: 21.3 g/kg | Magnesium: 7.1 g/100g,0.5,Yes,Slight clumping observed
AGR-86450,AG22-3391C,2023-07-14,Yala,Uva Province,Browns Agricultural Products,TSP (Triple Super Phosphate),India,"Vegetables, Root Crops",Basal Application,5.0,190.0,950.0,100,0.0,46.1,0.0,Calcium: 9.9 g/100g,4.4,Yes,Imported directly
AGR-66845,MF24-4901C,2022-03-30,Maha,Northern Province,Browns Agricultural Products,Eppawala Rock Phosphate (ERP),Sri Lanka,"Tea, Rubber, Coconut",Basal Application,200.0,60.0,12000.0,100,0.0,28.5,0.11,Calcium: 10.6 g/kg,3.2,Yes,Imported directly
AGR-94419,CR24-2688C,2022-09-18,Yala,Northern Province,Galle Agrochemical Stores,TSP (Triple Super Phosphate),India,"Vegetables, Root Crops",Basal Application,100.0,190.0,19000.0,100,0.0,45.26,0.0,Calcium: 2.22 %,1.5,Yes,Expired stock — discounted
AGR-58485,BT24-4896C,2024-08-24,Yala,North Central Province,Anuradhapura Agro Mart,NPK 15-15-15,Sri Lanka,"General Crops, Horticulture",Broadcast / Foliar,10.0,265.0,2650.0,100,14.5,15.0,14.6,Sulfur: 0.89 % | Boron: 2.59 %,0.6,Yes,
AGR-86908,BT22-8689B,2022-03-29,Maha,Northern Province,Matara Farm Solutions,Dolomite,Sri Lanka,"Tea, Vegetables, Acidic Soils",Soil Amendment,51.0,54.95,2802.45,100,0.0,0.0,0.0,Calcium: 1.03 % | Magnesium: 11.8 g/kg,2.5,Yes,Expired stock — discounted
AGR-11488,CR22-7960B,2022-04-13,Off-Season,North Central Province,Anuradhapura Agro Mart,TSP (Triple Super Phosphate),India,"Vegetables, Root Crops",Basal Application,50.0,150.65,7532.5,100,0.0,46.7,0.0,Calcium: 2.42 %,2.1,Yes,Sample from bulk storage
AGR-68401,LT22-1112C,2024-04-18,Maha,Northern Province,Agromart Ltd,Ammonium Sulfate (SOA),China,"Tea, Vegetables",Top Dressing,50.0,141.47,7073.5,100,21.6,0.09,0.0,Sulfur: 26.9 g/100g,1.7,Yes,Local production batch
AGR-26675,BT23-8210C,2023-04-20,Off-Season,North Central Province,Jaffna Fertilizer Depot,Compost / Organic,Sri Lanka,"All Crops, Soil Health",Incorporation,998.0,38.32,38243.36,100,1.4,1.0,1.5,Organic Carbon: 16.0 g/kg | Humus: 10.6 g/kg,2.5,Yes,Imported directly
AGR-79586,BT24-6195B,2024-03-27,Yala,Western Province,Browns Agricultural Products,TSP (Triple Super Phosphate),India,"Vegetables, Root Crops",Basal Application,26.0,161.29,4193.54,100,0.16,46.02,0.15,Calcium: 1.52 %,0.5,Yes,Opened bag — partial quantity
AGR-15620,AG23-5162A,2024-07-10,Off-Season,Southern Province,Eastern Agrochem Depot,Urea,Sri Lanka,"Paddy, Maize, Vegetables",Broadcast / Soil Incorporation,10.0,99.05,990.5,100,45.4,0.17,0.0,Not Detected,1.4,Yes,
AGR-77842,BT23-2781A,2024-02-29,Maha,Southern Province,Eastern Agrochem Depot,TSP (Triple Super Phosphate),India,"Vegetables, Root Crops",Basal Application,1.0,190.0,190.0,100,0.0,46.4,0.1,Calcium: 1.31 %,4.5,No,Expired stock — discounted
AGR-55546,BT22-1409B,2022-02-04,Off-Season,Sabaragamuwa Province,Matara Farm Solutions,MOP (Muriate of Potash),Canada,"Paddy, Banana, Tea",Top Dressing,5.0,195.17,975.85,100,0.0,0.1,61.3,Chlorine: 2.45 %,2.8,Yes,Sample from bulk storage
AGR-87490,CR23-2215,2024-03-19,Yala,North Central Province,Browns Agricultural Products,Ammonium Sulfate (SOA),China,"Tea, Vegetables",Top Dressing,100.5,115.0,11557.5,100,21.0,0.0,0.0,Sulfur: 6.6 g/kg,3.2,Yes,Slight clumping observed
AGR-72368,MF24-8796A,2022-10-26,Yala,North Western Province,Matara Farm Solutions,NPK 12-12-17,Germany,"Horticulture, Fruit Crops",Broadcast,1000.0,287.08,287080.0,100,11.4,12.2,16.2,Magnesium: 17.0 g/kg | Boron: 2.07 %,2.4,Yes,Opened bag — partial quantity
AGR-69537,MF24-3934,2023-09-20,Maha,Southern Province,Hayleys Agriculture Holdings,Urea,Sri Lanka,"Paddy, Maize, Vegetables",Broadcast / Soil Incorporation,1.0,100.0,100.0,100,45.1,0.0,0.0,Not Detected,0.4,Yes,
AGR-19212,AG22-3450C,2024-11-03,Yala,Central Province,Lankem Ceylon PLC,Compost / Organic,Sri Lanka,"All Crops, Soil Health",Incorporation,198.0,33.88,6708.24,100,1.49,1.0,1.4,Organic Carbon: 2.39 % | Humus: 20.3 g/100g,3.3,Yes,
AGR-62133,CR22-2713B,2022-07-28,Maha,Northern Province,CIC Agri Businesses,Ammonium Sulfate (SOA),China,"Tea, Vegetables",Top Dressing,1003.0,119.47,119828.41,100,21.2,0.0,0.01,Sulfur: 19.7 g/100g,3.9,Yes,Local production batch
AGR-93245,MF24-3460C,2022-09-20,Off-Season,Southern Province,CIC Agri Businesses,Dolomite,Sri Lanka,"Tea, Vegetables, Acidic Soils",Soil Amendment,2.0,50.0,100.0,100,0.09,0.0,0.02,Calcium: 2.45 % | Magnesium: 13.0 g/kg,2.7,Yes,Slight clumping observed
AGR-74016,AG23-4422C,2023-06-28,Yala,North Western Province,Jaffna Fertilizer Depot,NPK 15-15-15,Sri Lanka,"General Crops, Horticulture",Broadcast / Foliar,1001.0,278.01,278288.01,100,15.0,14.6,15.35,Sulfur: 8.3 g/kg | Boron: 2.6 %,0.8,Yes,
AGR-48113,BT23-5590,2022-06-06,Off-Season,North Western Province,Lankem Ceylon PLC,NPK 15-15-15,Sri Lanka,"General Crops, Horticulture",Broadcast / Foliar,2.0,230.0,460.0,100,14.9,15.4,15.0,Sulfur: 10.8 g/kg | Boron: 24.1 g/100g,2.8,Yes,Imported directly
AGR-39348,AG23-6297A,2022-08-19,Yala,North Central Province,Colombo Pesticide Warehouse,NPK 15-15-15,Sri Lanka,"General Crops, Horticulture",Broadcast / Foliar,200.0,235.37,47074.0,100,14.4,14.89,15.4,Sulfur: 26.4 g/kg | Boron: 17.6 g/100g,4.1,Yes,Opened bag — partial quantity
AGR-64331,LT22-3724B,2023-10-18,Yala,Southern Province,Lankem Ceylon PLC,MOP (Muriate of Potash),Canada,"Paddy, Banana, Tea",Top Dressing,5.0,205.0,1025.0,100,0.06,0.0,58.8,Chlorine: 2.72 %,4.3,Yes,Sample from bulk storage
AGR-54018,AG22-2105A,2024-08-29,Maha,North Western Province,Hayleys Agriculture Holdings,Urea,Sri Lanka,"Paddy, Maize, Vegetables",Broadcast / Soil Incorporation,1001.5,121.45,121632.18,100,45.4,0.0,0.0,Not Detected,1.4,No,Slight clumping observed
AGR-27194,BT24-8013C,2022-06-05,Off-Season,Western Province,Jaffna Fertilizer Depot,Compost / Organic,Sri Lanka,"All Crops, Soil Health",Incorporation,53.0,38.66,2048.98,100,1.43,0.9,1.0,Organic Carbon: 16.2 g/100g | Humus: 18.6 g/100g,1.4,No,Local production batch
AGR-27813,AG22-2148B,2023-05-18,Maha,North Central Province,Kurunegala Agri Centre,Compost / Organic,Sri Lanka,"All Crops, Soil Health",Incorporation,203.0,27.42,5566.26,100,1.5,1.0,1.4,Organic Carbon: 21.4 g/kg | Humus: 7.0 g/100g,1.6,Yes,Sample from bulk storage
AGR-26044,BT22-8712,2024-01-29,Maha,Sabaragamuwa Province,Colombo Pesticide Warehouse,NPK 12-12-17,Germany,"Horticulture, Fruit Crops",Broadcast,101.0,312.03,31515.03,100,11.0,11.6,16.3,Magnesium: 8.1 g/kg | Boron: 0.64 %,0.5,Yes,Imported directly
AGR-95490,AG22-7810C,2022-01-22,Maha,Uva Province,Browns Agricultural Products,MOP (Muriate of Potash),Canada,"Paddy, Banana, Tea",Top Dressing,6.0,220.0,1320.0,100,0.0,0.0,60.1,Chlorine: 1.55 %,0.9,No,
AGR-15996,MF23-7072,2024-12-29,Maha,Northern Province,CIC Agri Businesses,MOP (Muriate of Potash),Canada,"Paddy, Banana, Tea",Top Dressing,1000.0,160.0,160000.0,100,0.25,0.16,59.7,Chlorine: 25.8 g/kg,3.9,Yes,
AGR-64957,LT22-7347,2024-11-28,Maha,Northern Province,Anuradhapura Agro Mart,TSP (Triple Super Phosphate),India,"Vegetables, Root Crops",Basal Application,8.0,190.0,1520.0,100,0.0,46.2,0.0,Calcium: 7.2 g/kg,2.6,Yes,Slight clumping observed
AGR-87610,BT24-1606B,2023-04-06,Maha,North Western Province,Hayleys Agriculture Holdings,NPK 12-12-17,Germany,"Horticulture, Fruit Crops",Broadcast,499.0,276.27,137858.73,100,11.5,12.44,16.4,Magnesium: 6.0 g/kg | Boron: 6.9 g/100g,4.2,No,Retest recommended
AGR-29080,AG24-1213B,2023-05-28,Off-Season,Sabaragamuwa Province,Kurunegala Agri Centre,MOP (Muriate of Potash),Canada,"Paddy, Banana, Tea",Top Dressing,10.0,173.35,1733.5,100,0.0,0.0,61.9,Chlorine: 9.5 g/100g,3.3,Yes,Imported directly
AGR-83730,LT22-4868A,2024-02-03,Maha,Central Province,Jaffna Fertilizer Depot,Ammonium Sulfate (SOA),China,"Tea, Vegetables",Top Dressing,203.0,135.0,27405.0,100,21.0,0.13,0.0,Sulfur: 6.9 g/100g,3.6,No,
AGR-42135,LT23-9378A,2023-09-30,Off-Season,Central Province,Eastern Agrochem Depot,Urea,Sri Lanka,"Paddy, Maize, Vegetables",Broadcast / Soil Incorporation,200.0,120.0,24000.0,100,45.3,0.0,0.05,Not Detected,4.4,Yes,
AGR-81912,MF24-9490,2022-11-25,Maha,Southern Province,Kurunegala Agri Centre,Urea,Sri Lanka,"Paddy, Maize, Vegetables",Broadcast / Soil Incorporation,201.0,120.0,24120.0,100,45.7,0.0,0.14,Not Detected,1.3,Yes,Opened bag — partial quantity
AGR-37720,BT23-8465B,2024-02-12,Yala,North Western Province,Pettah Agro Traders,Ammonium Sulfate (SOA),China,"Tea, Vegetables",Top Dressing,4.0,145.0,580.0,100,21.6,0.0,0.13,Sulfur: 2.64 %,2.9,No,Expired stock — discounted
AGR-42103,CR24-9301B,2024-01-06,Maha,North Central Province,Eastern Agrochem Depot,MOP (Muriate of Potash),Canada,"Paddy, Banana, Tea",Top Dressing,1000.0,180.0,180000.0,100,0.12,0.0,58.8,Chlorine: 11.6 g/kg,2.8,Yes,
AGR-43027,LT24-5495B,2024-10-28,Yala,Northern Province,Kurunegala Agri Centre,MOP (Muriate of Potash),Canada,"Paddy, Banana, Tea",Top Dressing,50.0,181.6,9080.0,100,0.0,0.0,60.9,Chlorine: 13.0 g/kg,3.4,Yes,
AGR-26875,LT23-7126,2024-03-15,Yala,Uva Province,Agromart Ltd,Urea,Sri Lanka,"Paddy, Maize, Vegetables",Broadcast / Soil Incorporation,50.0,115.0,5750.0,100,46.6,0.0,0.0,Not Detected,2.9,Yes,Opened bag — partial quantity
AGR-59195,CR22-4951,2024-12-14,Maha,Central Province,Kurunegala Agri Centre,Urea,Sri Lanka,"Paddy, Maize, Vegetables",Broadcast / Soil Incorporation,50.0,121.65,6082.5,100,45.4,0.24,0.0,Not Detected,2.5,No,
AGR-18078,LT23-3084B,2022-08-26,Off-Season,North Central Province,Kurunegala Agri Centre,Eppawala Rock Phosphate (ERP),Sri Lanka,"Tea, Rubber, Coconut",Basal Application,51.5,40.0,2060.0,100,0.23,27.12,0.0,Calcium: 22.3 g/kg,0.9,No,
AGR-69125,MF24-3386C,2024-07-02,Maha,Sabaragamuwa Province,Hayleys Agriculture Holdings,NPK 12-12-17,Germany,"Horticulture, Fruit Crops",Broadcast,998.0,276.82,276266.36,100,12.3,11.9,16.19,Magnesium: 24.4 g/kg | Boron: 17.0 g/kg,1.5,Yes,
AGR-82614,AG22-7570B,2024-11-27,Maha,Northern Province,Lankem Ceylon PLC,TSP (Triple Super Phosphate),India,"Vegetables, Root Crops",Basal Application,25.0,176.83,4420.75,100,0.0,46.67,0.0,Calcium: 2.48 %,3.5,Yes,
AGR-60060,CR24-4047,2023-10-20,Maha,Central Province,Eastern Agrochem Depot,Ammonium Sulfate (SOA),China,"Tea, Vegetables",Top Dressing,26.5,140.34,3719.01,100,21.5,0.0,0.21,Sulfur: 1.23 %,3.0,Yes,
AGR-38097,LT24-4361,2022-04-20,Yala,Western Province,Agromart Ltd,Ammonium Sulfate (SOA),China,"Tea, Vegetables",Top Dressing,200.0,120.28,24056.0,100,20.2,0.09,0.14,Sulfur: 2.05 %,3.1,Yes,Opened bag — partial quantity
AGR-49692,BT23-6126,2023-07-14,Maha,Uva Province,CIC Agri Businesses,Eppawala Rock Phosphate (ERP),Sri Lanka,"Tea, Rubber, Coconut",Basal Application,2.0,35.0,70.0,100,0.0,28.51,0.0,Calcium: 19.8 g/kg,2.8,Yes,Local production batch
AGR-99894,AG22-9483B,2024-01-13,Maha,Uva Province,Galle Agrochemical Stores,NPK 12-12-17,Germany,"Horticulture, Fruit Crops",Broadcast,200.0,313.82,62764.0,100,11.6,12.1,16.5,Magnesium: 7.2 g/100g | Boron: 8.9 g/kg,2.2,No,Slight clumping observed
AGR-92862,AG23-7995A,2022-10-09,Off-Season,Uva Province,Kandy Farm Supplies,NPK 12-12-17,Germany,"Horticulture, Fruit Crops",Broadcast,8.0,270.0,2160.0,100,11.75,12.0,16.4,Magnesium: 1.34 % | Boron: 2.23 %,4.0,Yes,Slight clumping observed
AGR-32136,LT22-6177B,2024-03-12,Maha,North Central Province,Lankem Ceylon PLC,MOP (Muriate of Potash),Canada,"Paddy, Banana, Tea",Top Dressing,10.0,196.56,1965.6,100,0.0,0.09,60.9,Chlorine: 25.8 g/100g,4.3,Yes,Retest recommended
AGR-43016,CR22-9798B,2022-03-21,Maha,Southern Province,Hayleys Agriculture Holdings,Dolomite,Sri Lanka,"Tea, Vegetables, Acidic Soils",Soil Amendment,53.0,60.0,3180.0,100,0.0,0.0,0.0,Calcium: 6.9 g/100g | Magnesium: 0.78 %,2.2,Yes,
AGR-67621,MF22-5672C,2023-10-15,Yala,Central Province,Kurunegala Agri Centre,Dolomite,Sri Lanka,"Tea, Vegetables, Acidic Soils",Soil Amendment,198.0,74.0,14652.0,100,0.08,0.0,0.0,Calcium: 2.42 % | Magnesium: 0.67 %,0.4,Yes,
AGR-43786,BT24-5307A,2024-08-25,Off-Season,Central Province,Agromart Ltd,Ammonium Sulfate (SOA),China,"Tea, Vegetables",Top Dressing,25.0,145.0,3625.0,100,20.1,0.11,0.0,Sulfur: 16.0 g/kg,1.8,Yes,
AGR-32612,BT23-6376,2023-09-16,Off-Season,Northern Province,Lankem Ceylon PLC,NPK 15-15-15,Sri Lanka,"General Crops, Horticulture",Broadcast / Foliar,50.0,250.0,12500.0,100,14.8,14.5,14.9,Sulfur: 12.4 g/kg | Boron: 11.2 g/100g,0.6,No,Opened bag — partial quantity
AGR-63318,CR22-1867A,2022-12-31,Maha,North Western Province,Anuradhapura Agro Mart,Compost / Organic,Sri Lanka,"All Crops, Soil Health",Incorporation,2.0,30.09,60.18,100,1.5,1.0,1.6,Organic Carbon: 23.9 g/kg | Humus: 17.8 g/100g,4.4,Yes,Opened bag — partial quantity
AGR-51365,BT24-9209,2023-01-15,Maha,Western Province,Browns Agricultural Products,TSP (Triple Super Phosphate),India,"Vegetables, Root Crops",Basal Application,50.0,160.0,8000.0,100,0.0,46.2,0.2,Calcium: 14.9 g/100g,1.1,Yes,Opened bag — partial quantity
AGR-89087,MF22-7239C,2022-06-03,Off-Season,Northern Province,Jaffna Fertilizer Depot,Urea,Sri Lanka,"Paddy, Maize, Vegetables",Broadcast / Soil Incorporation,8.0,105.0,840.0,100,45.9,0.0,0.0,Not Detected,2.7,Yes,
AGR-48560,AG24-2481C,2022-05-02,Maha,North Central Province,Jaffna Fertilizer Depot,Ammonium Sulfate (SOA),China,"Tea, Vegetables",Top Dressing,50.0,126.11,6305.5,100,21.1,0.0,0.0,Sulfur: 7.8 g/kg,3.1,No,Slight clumping observed
AGR-23595,MF23-1500C,2024-07-31,Off-Season,Eastern Province,Kandy Farm Supplies,NPK 12-12-17,Germany,"Horticulture, Fruit Crops",Broadcast,1.0,283.25,283.25,100,11.7,11.63,17.3,Magnesium: 14.7 g/100g | Boron: 24.8 g/kg,3.5,No,Sample from bulk storage
AGR-51832,LT22-3566B,2022-09-15,Off-Season,Central Province,Galle Agrochemical Stores,MOP (Muriate of Potash),Canada,"Paddy, Banana, Tea",Top Dressing,48.0,211.56,10154.88,100,0.0,0.0,59.9,Chlorine: 1.63 %,2.8,Yes,Opened bag — partial quantity
AGR-74536,MF24-1397B,2024-08-24,Yala,Northern Province,Anuradhapura Agro Mart,TSP (Triple Super Phosphate),India,"Vegetables, Root Crops",Basal Application,100.0,178.07,17807.0,100,0.03,46.1,0.19,Calcium: 2.73 %,1.0,Yes,Slight clumping observed
AGR-77321,MF22-7752,2024-02-11,Off-Season,North Western Province,Agromart Ltd,Ammonium Sulfate (SOA),China,"Tea, Vegetables",Top Dressing,199.0,133.24,26514.76,100,20.46,0.0,0.19,Sulfur: 11.7 g/100g,3.2,Yes,Local production batch
AGR-92559,AG22-1797C,2023-05-05,Yala,Eastern Province,Eastern Agrochem Depot,MOP (Muriate of Potash),Canada,"Paddy, Banana, Tea",Top Dressing,25.0,229.26,5731.5,100,0.0,0.08,62.1,Chlorine: 2.07 %,1.7,Yes,
AGR-92557,BT24-9226C,2022-11-13,Yala,Sabaragamuwa Province,Jaffna Fertilizer Depot,NPK 12-12-17,Germany,"Horticulture, Fruit Crops",Broadcast,500.0,278.57,139285.0,100,12.48,12.4,17.5,Magnesium: 2.47 % | Boron: 20.1 g/100g,4.3,No,Opened bag — partial quantity
AGR-28546,CR23-2587,2023-01-24,Maha,Southern Province,Kurunegala Agri Centre,TSP (Triple Super Phosphate),India,"Vegetables, Root Crops",Basal Application,1003.0,142.33,142756.99,100,0.0,46.9,0.22,Calcium: 22.2 g/100g,1.4,Yes,Opened bag — partial quantity
AGR-65616,AG24-3909,2022-06-25,Maha,Southern Province,Abans Agri Supplies,Dolomite,Sri Lanka,"Tea, Vegetables, Acidic Soils",Soil Amendment,10.5,60.0,630.0,100,0.0,0.14,0.0,Calcium: 23.8 g/kg | Magnesium: 1.75 %,2.1,Yes,Expired stock — discounted
AGR-83829,LT23-7298C,2023-12-07,Off-Season,Sabaragamuwa Province,Galle Agrochemical Stores,Urea,Sri Lanka,"Paddy, Maize, Vegetables",Broadcast / Soil Incorporation,100.0,108.37,10837.0,100,46.8,0.0,0.0,Not Detected,4.2,Yes,Retest recommended
AGR-62171,AG23-6773C,2023-12-10,Off-Season,North Central Province,Colombo Pesticide Warehouse,NPK 15-15-15,Sri Lanka,"General Crops, Horticulture",Broadcast / Foliar,50.0,288.8,14440.0,100,15.3,14.7,15.5,Sulfur: 18.1 g/100g | Boron: 17.4 g/kg,1.1,Yes,
AGR-85611,MF23-6359C,2024-04-30,Maha,North Central Province,Kandy Farm Supplies,Dolomite,Sri Lanka,"Tea, Vegetables, Acidic Soils",Soil Amendment,25.0,55.0,1375.0,100,0.21,0.0,0.0,Calcium: 11.1 g/100g | Magnesium: 24.5 g/100g,4.1,Yes,Imported directly
AGR-27676,BT24-3312A,2024-05-10,Yala,Central Province,Abans Agri Supplies,NPK 15-15-15,Sri Lanka,"General Crops, Horticulture",Broadcast / Foliar,10.0,244.16,2441.6,100,15.1,15.3,15.2,Sulfur: 14.7 g/kg | Boron: 0.75 %,2.7,Yes,
AGR-87381,MF22-6521C,2022-09-16,Maha,Eastern Province,Pettah Agro Traders,Ammonium Sulfate (SOA),China,"Tea, Vegetables",Top Dressing,201.5,135.06,27214.59,100,21.1,0.0,0.0,Sulfur: 27.6 g/100g,4.1,Yes,
AGR-56580,CR22-4989A,2022-09-21,Yala,Eastern Province,Jaffna Fertilizer Depot,Compost / Organic,Sri Lanka,"All Crops, Soil Health",Incorporation,11.0,25.51,280.61,100,1.5,0.94,1.6,Organic Carbon: 1.75 % | Humus: 11.5 g/kg,2.2,No,
AGR-59442,BT22-9822A,2023-10-01,Yala,Uva Province,Pettah Agro Traders,Eppawala Rock Phosphate (ERP),Sri Lanka,"Tea, Rubber, Coconut",Basal Application,1003.0,34.17,34272.51,100,0.0,27.4,0.14,Calcium: 11.0 g/kg,1.2,No,
AGR-97824,MF23-2325,2022-03-26,Maha,Sabaragamuwa Province,Matara Farm Solutions,NPK 12-12-17,Germany,"Horticulture, Fruit Crops",Broadcast,7.0,280.34,1962.38,100,11.45,12.1,17.0,Magnesium: 8.4 g/100g | Boron: 14.0 g/kg,1.0,Yes,
AGR-61307,CR22-8752B,2022-10-10,Off-Season,Western Province,Pettah Agro Traders,Compost / Organic,Sri Lanka,"All Crops, Soil Health",Incorporation,100.0,18.24,1824.0,100,1.3,1.0,1.5,Organic Carbon: 10.9 g/100g | Humus: 2.13 %,1.5,Yes,Retest recommended
AGR-41590,BT22-3523B,2024-02-13,Off-Season,Southern Province,Lankem Ceylon PLC,Compost / Organic,Sri Lanka,"All Crops, Soil Health",Incorporation,50.0,18.54,927.0,100,1.4,1.0,1.6,Organic Carbon: 2.4 % | Humus: 19.8 g/100g,4.4,Yes,
AGR-24851,BT22-8668C,2022-02-11,Maha,Central Province,Eastern Agrochem Depot,MOP (Muriate of Potash),Canada,"Paddy, Banana, Tea",Top Dressing,1000.0,185.0,185000.0,100,0.0,0.04,57.1,Chlorine: 1.0 %,2.7,No,
AGR-15658,AG22-2116A,2022-12-10,Off-Season,Northern Province,Anuradhapura Agro Mart,Eppawala Rock Phosphate (ERP),Sri Lanka,"Tea, Rubber, Coconut",Basal Application,10.0,35.0,350.0,100,0.0,27.8,0.0,Calcium: 2.47 %,2.4,Yes,Opened bag — partial quantity
AGR-60894,MF22-7132B,2022-11-07,Off-Season,North Central Province,Kurunegala Agri Centre,Compost / Organic,Sri Lanka,"All Crops, Soil Health",Incorporation,5.0,34.11,170.55,100,1.5,1.1,1.3,Organic Carbon: 1.66 % | Humus: 1.12 %,1.2,Yes,Imported directly
AGR-33059,BT22-3178,2024-05-14,Off-Season,North Central Province,Galle Agrochemical Stores,MOP (Muriate of Potash),Canada,"Paddy, Banana, Tea",Top Dressing,99.0,208.37,20628.63,100,0.0,0.0,60.31,Chlorine: 23.9 g/100g,0.7,Yes,Expired stock — discounted
AGR-86351,CR23-1330A,2024-11-17,Off-Season,Sabaragamuwa Province,Pettah Agro Traders,NPK 15-15-15,Sri Lanka,"General Crops, Horticulture",Broadcast / Foliar,498.0,275.0,136950.0,100,15.5,15.6,15.0,Sulfur: 1.58 % | Boron: 22.6 g/kg,1.2,Yes,Slight clumping observed
AGR-66932,MF22-1443C,2022-10-02,Maha,Uva Province,Pettah Agro Traders,Compost / Organic,Sri Lanka,"All Crops, Soil Health",Incorporation,500.0,35.0,17500.0,100,1.4,1.0,1.6,Organic Carbon: 20.6 g/kg | Humus: 1.84 %,2.2,Yes,Opened bag — partial quantity
AGR-59035,MF24-9337A,2024-06-10,Maha,Uva Province,Eastern Agrochem Depot,MOP (Muriate of Potash),Canada,"Paddy, Banana, Tea",Top Dressing,502.0,162.3,81474.6,100,0.05,0.0,59.61,Chlorine: 22.6 g/kg,3.8,Yes,Expired stock — discounted
AGR-28249,CR23-1397,2024-06-21,Yala,Uva Province,Matara Farm Solutions,TSP (Triple Super Phosphate),India,"Vegetables, Root Crops",Basal Application,5.0,186.16,930.8,100,0.0,46.4,0.01,Calcium: 23.6 g/100g,3.4,Yes,
AGR-98702,AG23-1112B,2024-06-20,Yala,Central Province,Colombo Pesticide Warehouse,TSP (Triple Super Phosphate),India,"Vegetables, Root Crops",Basal Application,10.5,147.5,1548.75,100,0.0,46.8,0.19,Calcium: 10.0 g/kg,3.4,Yes,
AGR-93249,MF23-2693B,2023-10-11,Maha,Uva Province,Pettah Agro Traders,NPK 15-15-15,Sri Lanka,"General Crops, Horticulture",Broadcast / Foliar,1000.0,285.12,285120.0,100,15.1,14.9,14.6,Sulfur: 14.6 g/kg | Boron: 1.95 %,2.2,Yes,Expired stock — discounted
AGR-82906,BT23-4314C,2023-11-14,Yala,Uva Province,Anuradhapura Agro Mart,Compost / Organic,Sri Lanka,"All Crops, Soil Health",Incorporation,2.0,28.02,56.04,100,1.4,1.0,1.3,Organic Carbon: 21.7 g/100g | Humus: 26.8 g/100g,3.4,Yes,Local production batch
AGR-99139,AG23-4401B,2022-09-13,Off-Season,Uva Province,Colombo Pesticide Warehouse,NPK 15-15-15,Sri Lanka,"General Crops, Horticulture",Broadcast / Foliar,50.0,238.32,11916.0,100,14.9,15.0,15.0,Sulfur: 17.8 g/kg | Boron: 9.5 g/100g,2.6,No,
AGR-10138,MF23-3234B,2024-04-07,Off-Season,Northern Province,Browns Agricultural Products,Urea,Sri Lanka,"Paddy, Maize, Vegetables",Broadcast / Soil Incorporation,3.0,95.0,285.0,100,46.6,0.0,0.0,Not Detected,3.5,Yes,Local production batch
AGR-84467,AG22-8991,2023-08-02,Maha,Southern Province,Jaffna Fertilizer Depot,NPK 15-15-15,Sri Lanka,"General Crops, Horticulture",Broadcast / Foliar,499.0,270.0,134730.0,100,15.1,15.3,15.4,Sulfur: 13.0 g/100g | Boron: 1.44 %,1.6,Yes,
AGR-23860,MF23-6903,2023-04-23,Yala,North Western Province,Galle Agrochemical Stores,Ammonium Sulfate (SOA),China,"Tea, Vegetables",Top Dressing,11.5,145.9,1677.85,100,21.0,0.0,0.17,Sulfur: 1.93 %,1.9,Yes,
AGR-22645,LT23-9433A,2024-05-29,Maha,Eastern Province,Abans Agri Supplies,Dolomite,Sri Lanka,"Tea, Vegetables, Acidic Soils",Soil Amendment,25.0,60.0,1500.0,100,0.11,0.0,0.0,Calcium: 22.6 g/kg | Magnesium: 25.9 g/100g,1.7,Yes,
AGR-74654,AG24-6735A,2023-05-18,Maha,Eastern Province,Browns Agricultural Products,Compost / Organic,Sri Lanka,"All Crops, Soil Health",Incorporation,1.5,37.2,55.8,100,1.5,1.05,1.0,Organic Carbon: 13.6 g/kg | Humus: 1.76 %,3.6,Yes,
AGR-50938,LT22-3805C,2022-10-19,Off-Season,Western Province,Kurunegala Agri Centre,Urea,Sri Lanka,"Paddy, Maize, Vegetables",Broadcast / Soil Incorporation,1.0,96.84,96.84,100,45.2,0.0,0.08,Not Detected,1.1,Yes,
AGR-56242,CR22-3885,2023-02-17,Off-Season,Sabaragamuwa Province,Matara Farm Solutions,Compost / Organic,Sri Lanka,"All Crops, Soil Health",Incorporation,1003.0,23.53,23600.59,100,1.6,1.02,1.4,Organic Carbon: 24.4 g/kg | Humus: 1.34 %,2.5,No,
AGR-61822,MF24-3150C,2024-10-15,Off-Season,North Western Province,Agromart Ltd,MOP (Muriate of Potash),Canada,"Paddy, Banana, Tea",Top Dressing,499.0,160.0,79840.0,100,0.0,0.2,58.6,Chlorine: 26.9 g/100g,4.4,Yes,
AGR-63690,LT22-5131B,2023-09-17,Off-Season,Sabaragamuwa Province,Hayleys Agriculture Holdings,Ammonium Sulfate (SOA),China,"Tea, Vegetables",Top Dressing,11.0,146.27,1608.97,100,21.7,0.0,0.0,Sulfur: 0.95 %,2.6,Yes,Opened bag — partial quantity
AGR-13636,LT24-4763A,2023-01-21,Off-Season,Southern Province,Matara Farm Solutions,Eppawala Rock Phosphate (ERP),Sri Lanka,"Tea, Rubber, Coconut",Basal Application,5.0,35.0,175.0,100,0.01,28.3,0.0,Calcium: 27.8 g/100g,3.0,Yes,Opened bag — partial quantity
AGR-62348,MF24-4282,2022-11-29,Yala,Central Province,Colombo Pesticide Warehouse,Dolomite,Sri Lanka,"Tea, Vegetables, Acidic Soils",Soil Amendment,200.0,74.47,14894.0,100,0.04,0.22,0.0,Calcium: 2.6 % | Magnesium: 19.0 g/100g,1.5,Yes,
AGR-48506,MF24-7383C,2023-12-10,Maha,Northern Province,Hayleys Agriculture Holdings,Compost / Organic,Sri Lanka,"All Crops, Soil Health",Incorporation,500.5,19.65,9834.82,100,1.3,0.89,1.3,Organic Carbon: 24.3 g/kg | Humus: 13.1 g/kg,1.7,No,Local production batch
AGR-12414,CR24-9265A,2024-05-31,Off-Season,Uva Province,Pettah Agro Traders,Dolomite,Sri Lanka,"Tea, Vegetables, Acidic Soils",Soil Amendment,1.0,65.49,65.49,100,0.24,0.0,0.0,Calcium: 15.8 g/100g | Magnesium: 1.45 %,2.8,Yes,
AGR-10322,BT24-9753A,2024-11-05,Yala,Uva Province,Anuradhapura Agro Mart,Dolomite,Sri Lanka,"Tea, Vegetables, Acidic Soils",Soil Amendment,53.0,59.4,3148.2,100,0.14,0.0,0.0,Calcium: 17.1 g/kg | Magnesium: 18.8 g/kg,2.0,Yes,Sample from bulk storage
AGR-78131,MF24-9676A,2024-05-05,Yala,Western Province,Browns Agricultural Products,Dolomite,Sri Lanka,"Tea, Vegetables, Acidic Soils",Soil Amendment,503.0,49.27,24782.81,100,0.0,0.0,0.09,Calcium: 17.9 g/100g | Magnesium: 1.48 %,4.1,Yes,
AGR-13987,BT23-6430C,2024-01-28,Off-Season,Western Province,Agromart Ltd,NPK 15-15-15,Sri Lanka,"General Crops, Horticulture",Broadcast / Foliar,50.0,247.68,12384.0,100,14.46,15.36,14.4,Sulfur: 2.58 % | Boron: 27.9 g/kg,4.0,Yes,
AGR-73468,MF24-6513,2024-01-09,Maha,Western Province,Matara Farm Solutions,Dolomite,Sri Lanka,"Tea, Vegetables, Acidic Soils",Soil Amendment,25.0,53.71,1342.75,100,0.04,0.0,0.04,Calcium: 27.9 g/100g | Magnesium: 19.0 g/kg,1.4,No,Local production batch
AGR-62126,LT24-2684B,2023-08-22,Off-Season,Sabaragamuwa Province,Pettah Agro Traders,Eppawala Rock Phosphate (ERP),Sri Lanka,"Tea, Rubber, Coconut",Basal Application,50.0,54.18,2709.0,100,0.0,27.5,0.0,Calcium: 7.3 g/100g,3.6,Yes,
AGR-18998,MF24-9235A,2023-12-27,Maha,Northern Province,Jaffna Fertilizer Depot,Compost / Organic,Sri Lanka,"All Crops, Soil Health",Incorporation,10.5,21.37,224.39,100,1.4,1.0,1.5,Organic Carbon: 17.9 g/kg | Humus: 14.6 g/kg,4.3,Yes,
AGR-49619,AG22-3214A,2022-05-14,Maha,Sabaragamuwa Province,Kandy Farm Supplies,Eppawala Rock Phosphate (ERP),Sri Lanka,"Tea, Rubber, Coconut",Basal Application,5.0,35.0,175.0,100,0.08,26.97,0.0,Calcium: 17.4 g/kg,1.6,Yes,Retest recommended
AGR-21334,LT23-7996,2023-11-24,Yala,Central Province,Jaffna Fertilizer Depot,TSP (Triple Super Phosphate),India,"Vegetables, Root Crops",Basal Application,11.0,195.0,2145.0,100,0.0,46.7,0.0,Calcium: 11.9 g/100g,1.6,Yes,
AGR-35881,MF22-3935,2023-06-10,Maha,Eastern Province,Kandy Farm Supplies,Dolomite,Sri Lanka,"Tea, Vegetables, Acidic Soils",Soil Amendment,200.0,58.71,11742.0,100,0.0,0.0,0.0,Calcium: 2.65 % | Magnesium: 8.6 g/100g,4.0,No,
AGR-62958,MF22-6115B,2023-09-07,Off-Season,North Western Province,Pettah Agro Traders,Compost / Organic,Sri Lanka,"All Crops, Soil Health",Incorporation,28.0,40.0,1120.0,100,1.4,1.0,1.4,Organic Carbon: 14.8 g/100g | Humus: 13.2 g/100g,0.3,Yes,
AGR-89835,LT22-2245,2023-11-08,Yala,Southern Province,Browns Agricultural Products,Eppawala Rock Phosphate (ERP),Sri Lanka,"Tea, Rubber, Coconut",Basal Application,5.0,34.09,170.45,100,0.01,28.1,0.0,Calcium: 1.23 %,1.1,Yes,Local production batch
AGR-68367,AG24-8474C,2022-06-15,Off-Season,Sabaragamuwa Province,Eastern Agrochem Depot,MOP (Muriate of Potash),Canada,"Paddy, Banana, Tea",Top Dressing,200.0,192.84,38568.0,100,0.0,0.0,60.9,Chlorine: 1.89 %,0.5,No,Sample from bulk storage
AGR-81595,AG24-1325,2023-07-11,Off-Season,North Western Province,Hayleys Agriculture Holdings,NPK 15-15-15,Sri Lanka,"General Crops, Horticulture",Broadcast / Foliar,49.0,224.14,10982.86,100,15.0,14.6,15.2,Sulfur: 21.9 g/kg | Boron: 18.9 g/kg,3.9,No,Opened bag — partial quantity
AGR-68014,AG22-5291A,2022-08-08,Maha,Central Province,Hayleys Agriculture Holdings,NPK 12-12-17,Germany,"Horticulture, Fruit Crops",Broadcast,10.0,311.45,3114.5,100,11.86,11.8,16.9,Magnesium: 1.77 % | Boron: 6.3 g/kg,4.1,Yes,
AGR-45981,BT23-4623B,2022-09-09,Off-Season,Central Province,Galle Agrochemical Stores,Compost / Organic,Sri Lanka,"All Crops, Soil Health",Incorporation,1.0,23.19,23.19,100,1.5,0.9,1.5,Organic Carbon: 22.5 g/100g | Humus: 15.8 g/100g,2.1,Yes,Imported directly
AGR-79402,BT22-3119A,2024-11-03,Yala,Southern Province,Anuradhapura Agro Mart,Eppawala Rock Phosphate (ERP),Sri Lanka,"Tea, Rubber, Coconut",Basal Application,200.0,41.17,8234.0,100,0.0,26.7,0.0,Calcium: 14.2 g/kg,3.9,Yes,Local production batch
AGR-82008,BT23-9849,2024-09-03,Maha,Southern Province,Jaffna Fertilizer Depot,Urea,Sri Lanka,"Paddy, Maize, Vegetables",Broadcast / Soil Incorporation,50.0,122.32,6116.0,100,45.23,0.14,0.0,Not Detected,3.5,Yes,Local production batch
AGR-78767,MF22-4202B,2023-10-19,Maha,North Western Province,Galle Agrochemical Stores,Eppawala Rock Phosphate (ERP),Sri Lanka,"Tea, Rubber, Coconut",Basal Application,3.5,45.0,157.5,100,0.0,28.7,0.0,Calcium: 16.3 g/100g,1.4,No,Slight clumping observed
AGR-73291,LT24-5279B,2022-09-26,Maha,Northern Province,Browns Agricultural Products,Eppawala Rock Phosphate (ERP),Sri Lanka,"Tea, Rubber, Coconut",Basal Application,200.0,53.02,10604.0,100,0.0,28.0,0.0,Calcium: 26.9 g/kg,0.3,Yes,
AGR-13308,BT22-6013,2022-11-08,Yala,North Western Province,Colombo Pesticide Warehouse,Compost / Organic,Sri Lanka,"All Crops, Soil Health",Incorporation,3.0,18.61,55.83,100,1.3,1.0,1.37,Organic Carbon: 18.3 g/100g | Humus: 22.0 g/kg,3.7,No,Opened bag — partial quantity
AGR-70705,CR22-6697A,2022-02-05,Off-Season,Western Province,Colombo Pesticide Warehouse,NPK 12-12-17,Germany,"Horticulture, Fruit Crops",Broadcast,48.0,294.1,14116.8,100,11.4,12.0,17.5,Magnesium: 8.9 g/kg | Boron: 14.8 g/100g,1.3,Yes,Sample from bulk storage
AGR-72797,MF24-4446C,2024-03-26,Off-Season,Central Province,Anuradhapura Agro Mart,NPK 15-15-15,Sri Lanka,"General Crops, Horticulture",Broadcast / Foliar,50.0,265.0,13250.0,100,15.48,14.6,14.8,Sulfur: 1.04 % | Boron: 17.3 g/100g,2.3,No,Slight clumping observed
AGR-67480,BT22-6893C,2022-02-27,Maha,North Central Province,Browns Agricultural Products,Dolomite,Sri Lanka,"Tea, Vegetables, Acidic Soils",Soil Amendment,11.5,56.34,647.91,100,0.0,0.0,0.02,Calcium: 26.1 g/kg | Magnesium: 15.6 g/100g,3.2,No,Retest recommended
AGR-90194,LT23-6714,2022-01-09,Off-Season,Sabaragamuwa Province,Pettah Agro Traders,MOP (Muriate of Potash),Canada,"Paddy, Banana, Tea",Top Dressing,1.0,198.78,198.78,100,0.0,0.12,60.7,Chlorine: 1.24 %,3.1,Yes,
AGR-43132,BT22-8741,2023-04-17,Yala,Central Province,Eastern Agrochem Depot,Ammonium Sulfate (SOA),China,"Tea, Vegetables",Top Dressing,51.0,127.12,6483.12,100,20.8,0.19,0.0,Sulfur: 2.72 %,3.4,Yes,Slight clumping observed
AGR-83411,CR24-5666B,2024-06-17,Yala,Uva Province,Kandy Farm Supplies,Dolomite,Sri Lanka,"Tea, Vegetables, Acidic Soils",Soil Amendment,25.0,75.0,1875.0,100,0.0,0.16,0.06,Calcium: 6.7 g/kg | Magnesium: 15.3 g/100g,2.1,Yes,
AGR-77098,MF23-5922A,2024-09-21,Off-Season,Central Province,Browns Agricultural Products,Ammonium Sulfate (SOA),China,"Tea, Vegetables",Top Dressing,999.0,140.0,139860.0,100,20.2,0.0,0.17,Sulfur: 18.5 g/kg,3.2,Yes,Imported directly
AGR-22390,LT24-6230B,2023-03-31,Yala,Central Province,Lankem Ceylon PLC,MOP (Muriate of Potash),Canada,"Paddy, Banana, Tea",Top Dressing,25.0,175.0,4375.0,100,0.01,0.04,58.6,Chlorine: 11.8 g/100g,3.0,Yes,Sample from bulk storage
AGR-81269,CR24-4951B,2024-07-17,Maha,Central Province,Anuradhapura Agro Mart,Compost / Organic,Sri Lanka,"All Crops, Soil Health",Incorporation,50.0,22.33,1116.5,100,1.3,0.85,1.56,Organic Carbon: 14.5 g/kg | Humus: 2.55 %,3.8,Yes,Opened bag — partial quantity
AGR-69856,MF22-1433A,2024-02-19,Maha,North Central Province,Browns Agricultural Products,Ammonium Sulfate (SOA),China,"Tea, Vegetables",Top Dressing,500.0,136.82,68410.0,100,21.3,0.0,0.0,Sulfur: 0.71 %,0.7,Yes,
AGR-10604,BT23-4309C,2024-01-29,Yala,Western Province,Abans Agri Supplies,NPK 15-15-15,Sri Lanka,"General Crops, Horticulture",Broadcast / Foliar,501.5,265.31,133052.96,100,14.53,15.2,14.3,Sulfur: 2.31 % | Boron: 1.03 %,4.3,Yes,
AGR-39086,AG22-8196B,2022-08-15,Yala,North Western Province,Colombo Pesticide Warehouse,MOP (Muriate of Potash),Canada,"Paddy, Banana, Tea",Top Dressing,51.5,208.79,10752.68,100,0.21,0.0,57.5,Chlorine: 0.87 %,1.7,Yes,
AGR-59251,CR24-5663B,2024-05-18,Maha,North Western Province,Kandy Farm Supplies,NPK 12-12-17,Germany,"Horticulture, Fruit Crops",Broadcast,500.0,296.02,148010.0,100,12.0,11.4,17.0,Magnesium: 25.8 g/100g | Boron: 26.3 g/100g,2.8,Yes,Slight clumping observed
AGR-91523,MF23-9129,2022-02-04,Off-Season,North Central Province,Matara Farm Solutions,MOP (Muriate of Potash),Canada,"Paddy, Banana, Tea",Top Dressing,25.0,188.77,4719.25,100,0.07,0.15,57.5,Chlorine: 2.79 %,2.2,Yes,Sample from bulk storage
AGR-83432,LT23-6878C,2024-06-25,Off-Season,Central Province,CIC Agri Businesses,NPK 15-15-15,Sri Lanka,"General Crops, Horticulture",Broadcast / Foliar,500.0,290.0,145000.0,100,15.0,15.42,14.7,Sulfur: 0.83 % | Boron: 15.2 g/kg,2.5,Yes,Local production batch
AGR-70753,MF22-4814A,2023-06-03,Yala,North Western Province,Agromart Ltd,Dolomite,Sri Lanka,"Tea, Vegetables, Acidic Soils",Soil Amendment,25.0,60.64,1516.0,100,0.11,0.0,0.08,Calcium: 16.8 g/kg | Magnesium: 25.3 g/100g,2.9,Yes,Expired stock — discounted
AGR-53879,BT23-8270B,2024-05-24,Yala,Sabaragamuwa Province,Colombo Pesticide Warehouse,Eppawala Rock Phosphate (ERP),Sri Lanka,"Tea, Rubber, Coconut",Basal Application,2.0,50.0,100.0,100,0.0,27.9,0.0,Calcium: 0.63 %,3.3,Yes,
AGR-79892,AG24-3572C,2022-08-27,Maha,Western Province,Abans Agri Supplies,Ammonium Sulfate (SOA),China,"Tea, Vegetables",Top Dressing,3.0,130.0,390.0,100,20.1,0.0,0.19,Sulfur: 13.7 g/kg,1.6,No,Retest recommended
AGR-59239,BT23-4158C,2023-02-08,Off-Season,Southern Province,Hayleys Agriculture Holdings,Eppawala Rock Phosphate (ERP),Sri Lanka,"Tea, Rubber, Coconut",Basal Application,1000.0,32.44,32440.0,100,0.0,27.6,0.0,Calcium: 1.39 %,1.0,Yes,Expired stock — discounted
AGR-75771,AG23-2574B,2022-11-02,Yala,Sabaragamuwa Province,Agromart Ltd,Dolomite,Sri Lanka,"Tea, Vegetables, Acidic Soils",Soil Amendment,28.0,55.0,1540.0,100,0.0,0.06,0.0,Calcium: 10.0 g/kg | Magnesium: 25.4 g/kg,2.7,Yes,
AGR-32700,AG22-4827A,2022-03-28,Maha,Northern Province,Kandy Farm Supplies,NPK 12-12-17,Germany,"Horticulture, Fruit Crops",Broadcast,501.0,256.19,128351.19,100,11.4,12.3,16.5,Magnesium: 0.98 % | Boron: 13.4 g/kg,1.7,Yes,
AGR-57855,LT22-1935C,2022-01-31,Yala,North Central Province,CIC Agri Businesses,Urea,Sri Lanka,"Paddy, Maize, Vegetables",Broadcast / Soil Incorporation,500.0,112.13,56065.0,100,46.7,0.01,0.0,Not Detected,1.8,Yes,
AGR-29587,CR23-3482A,2022-06-09,Maha,North Central Province,CIC Agri Businesses,Ammonium Sulfate (SOA),China,"Tea, Vegetables",Top Dressing,10.0,139.91,1399.1,100,20.7,0.24,0.08,Sulfur: 26.0 g/100g,4.4,Yes,Local production batch
AGR-35071,AG23-9882C,2024-04-20,Off-Season,Central Province,Jaffna Fertilizer Depot,NPK 12-12-17,Germany,"Horticulture, Fruit Crops",Broadcast,2.0,291.65,583.3,100,12.1,11.8,17.1,Magnesium: 23.8 g/100g | Boron: 26.6 g/kg,1.5,Yes,
AGR-48324,LT24-5471B,2022-06-02,Off-Season,Southern Province,Matara Farm Solutions,NPK 12-12-17,Germany,"Horticulture, Fruit Crops",Broadcast,2.0,275.0,550.0,100,12.1,12.0,16.4,Magnesium: 17.8 g/kg | Boron: 8.8 g/kg,2.2,Yes,
AGR-61795,AG23-5039C,2024-07-06,Maha,North Central Province,Colombo Pesticide Warehouse,NPK 12-12-17,Germany,"Horticulture, Fruit Crops",Broadcast,50.0,298.59,14929.5,100,12.3,12.1,16.6,Magnesium: 22.7 g/kg | Boron: 25.8 g/100g,2.5,No,Local production batch
AGR-17264,CR23-1226B,2024-04-28,Yala,Central Province,Hayleys Agriculture Holdings,Compost / Organic,Sri Lanka,"All Crops, Soil Health",Incorporation,200.0,25.0,5000.0,100,1.6,1.0,1.6,Organic Carbon: 12.6 g/kg | Humus: 19.9 g/100g,2.6,Yes,
AGR-11366,BT23-7905B,2022-11-07,Maha,Southern Province,Kandy Farm Supplies,NPK 15-15-15,Sri Lanka,"General Crops, Horticulture",Broadcast / Foliar,500.0,280.56,140280.0,100,14.72,14.7,15.5,Sulfur: 9.4 g/100g | Boron: 21.2 g/100g,2.6,Yes,
AGR-47200,BT23-6132A,2024-01-10,Yala,Sabaragamuwa Province,Agromart Ltd,Eppawala Rock Phosphate (ERP),Sri Lanka,"Tea, Rubber, Coconut",Basal Application,10.0,55.0,550.0,100,0.0,27.2,0.0,Calcium: 2.79 %,1.5,Yes,Expired stock — discounted
AGR-46047,AG23-2417,2024-03-20,Off-Season,Central Province,Hayleys Agriculture Holdings,NPK 15-15-15,Sri Lanka,"General Crops, Horticulture",Broadcast / Foliar,100.0,270.0,27000.0,100,14.8,15.5,15.4,Sulfur: 17.6 g/kg | Boron: 26.9 g/100g,0.6,Yes,Expired stock — discounted
AGR-93085,AG22-1702C,2022-12-25,Yala,North Western Province,Pettah Agro Traders,Ammonium Sulfate (SOA),China,"Tea, Vegetables",Top Dressing,25.0,144.06,3601.5,100,21.4,0.0,0.0,Sulfur: 2.11 %,2.9,Yes,Expired stock — discounted
AGR-52636,AG23-8293A,2024-09-03,Maha,North Central Province,Browns Agricultural Products,NPK 12-12-17,Germany,"Horticulture, Fruit Crops",Broadcast,5.0,274.06,1370.3,100,11.5,11.5,17.2,Magnesium: 1.03 % | Boron: 21.7 g/kg,3.4,Yes,Imported directly
AGR-86426,MF24-3735B,2022-08-28,Maha,North Central Province,Agromart Ltd,Dolomite,Sri Lanka,"Tea, Vegetables, Acidic Soils",Soil Amendment,200.5,45.54,9130.77,100,0.0,0.0,0.03,Calcium: 14.0 g/100g | Magnesium: 11.7 g/kg,1.3,Yes,Expired stock — discounted
AGR-34356,LT24-4340B,2023-05-10,Maha,Uva Province,Matara Farm Solutions,Ammonium Sulfate (SOA),China,"Tea, Vegetables",Top Dressing,501.5,142.68,71554.02,100,20.24,0.0,0.0,Sulfur: 10.6 g/kg,3.1,Yes,Imported directly
AGR-69626,LT23-1636C,2024-02-24,Yala,North Central Province,Agromart Ltd,TSP (Triple Super Phosphate),India,"Vegetables, Root Crops",Basal Application,3.5,150.15,525.52,100,0.0,46.4,0.0,Calcium: 6.2 g/kg,3.6,No,
AGR-92388,MF24-4481B,2023-06-25,Off-Season,Eastern Province,Matara Farm Solutions,Urea,Sri Lanka,"Paddy, Maize, Vegetables",Broadcast / Soil Incorporation,199.0,106.21,21135.79,100,45.2,0.07,0.0,Not Detected,3.6,Yes,Opened bag — partial quantity
AGR-73138,BT24-1050B,2022-10-28,Maha,Sabaragamuwa Province,Anuradhapura Agro Mart,Eppawala Rock Phosphate (ERP),Sri Lanka,"Tea, Rubber, Coconut",Basal Application,500.0,40.0,20000.0,100,0.17,28.7,0.0,Calcium: 9.9 g/100g,2.2,Yes,Opened bag — partial quantity
AGR-27588,MF22-3112C,2022-01-10,Maha,Eastern Province,Kurunegala Agri Centre,Eppawala Rock Phosphate (ERP),Sri Lanka,"Tea, Rubber, Coconut",Basal Application,502.0,45.0,22590.0,100,0.0,28.9,0.0,Calcium: 1.54 %,0.4,No,Slight clumping observed
AGR-82338,BT22-7698C,2024-08-22,Off-Season,Southern Province,Agromart Ltd,Ammonium Sulfate (SOA),China,"Tea, Vegetables",Top Dressing,25.5,148.56,3788.28,100,21.0,0.0,0.17,Sulfur: 14.9 g/kg,1.2,Yes,Sample from bulk storage
AGR-47252,BT22-1905B,2022-05-29,Maha,Eastern Province,Hayleys Agriculture Holdings,TSP (Triple Super Phosphate),India,"Vegetables, Root Crops",Basal Application,10.0,168.03,1680.3,100,0.22,45.6,0.15,Calcium: 1.63 %,3.4,No,Imported directly
AGR-38401,LT23-5361B,2024-06-10,Off-Season,Western Province,Galle Agrochemical Stores,Compost / Organic,Sri Lanka,"All Crops, Soil Health",Incorporation,25.0,37.71,942.75,100,1.55,0.9,1.3,Organic Carbon: 28.0 g/100g | Humus: 26.3 g/kg,0.5,Yes,
AGR-23697,MF22-9750A,2024-01-30,Off-Season,Northern Province,Hayleys Agriculture Holdings,NPK 12-12-17,Germany,"Horticulture, Fruit Crops",Broadcast,500.0,290.0,145000.0,100,11.8,12.0,16.68,Magnesium: 1.95 % | Boron: 25.3 g/100g,1.0,Yes,
AGR-96038,CR23-7424B,2023-06-29,Off-Season,Southern Province,Abans Agri Supplies,Ammonium Sulfate (SOA),China,"Tea, Vegetables",Top Dressing,50.0,132.61,6630.5,100,20.59,0.0,0.0,Sulfur: 0.74 %,3.7,Yes,Sample from bulk storage
AGR-25933,AG22-6306A,2022-06-07,Maha,Northern Province,Kandy Farm Supplies,Compost / Organic,Sri Lanka,"All Crops, Soil Health",Incorporation,25.0,29.46,736.5,100,1.6,1.0,1.5,Organic Carbon: 14.0 g/kg | Humus: 11.1 g/kg,2.9,Yes,
AGR-54551,MF24-3132A,2023-12-13,Maha,Central Province,Jaffna Fertilizer Depot,NPK 12-12-17,Germany,"Horticulture, Fruit Crops",Broadcast,1.0,257.79,257.79,100,12.2,11.9,16.2,Magnesium: 1.41 % | Boron: 17.5 g/kg,0.5,No,Imported directly
AGR-56925,BT24-5668B,2022-09-02,Yala,Central Province,CIC Agri Businesses,Compost / Organic,Sri Lanka,"All Crops, Soil Health",Incorporation,1000.0,24.95,24950.0,100,1.3,0.9,1.4,Organic Carbon: 18.4 g/100g | Humus: 6.7 g/kg,0.9,No,Retest recommended
AGR-68652,AG22-3315C,2022-01-18,Maha,Central Province,Jaffna Fertilizer Depot,Urea,Sri Lanka,"Paddy, Maize, Vegetables",Broadcast / Soil Incorporation,503.0,120.0,60360.0,100,46.2,0.0,0.0,Not Detected,2.2,Yes,Imported directly
AGR-57431,CR24-5146,2022-06-13,Maha,Northern Province,CIC Agri Businesses,Urea,Sri Lanka,"Paddy, Maize, Vegetables",Broadcast / Soil Incorporation,98.0,124.88,12238.24,100,46.6,0.0,0.0,Not Detected,4.0,No,
AGR-71322,LT23-1498,2023-07-20,Maha,North Central Province,Pettah Agro Traders,NPK 15-15-15,Sri Lanka,"General Crops, Horticulture",Broadcast / Foliar,200.0,265.0,53000.0,100,14.4,15.2,15.47,Sulfur: 18.7 g/100g | Boron: 0.66 %,2.5,Yes,Sample from bulk storage
AGR-93753,LT23-2308B,2022-06-27,Maha,Central Province,Matara Farm Solutions,TSP (Triple Super Phosphate),India,"Vegetables, Root Crops",Basal Application,5.0,185.0,925.0,100,0.03,46.3,0.0,Calcium: 1.22 %,2.9,Yes,Local production batch
AGR-80144,BT23-5031B,2024-08-11,Yala,Eastern Province,Eastern Agrochem Depot,Dolomite,Sri Lanka,"Tea, Vegetables, Acidic Soils",Soil Amendment,5.0,70.68,353.4,100,0.0,0.01,0.0,Calcium: 0.76 % | Magnesium: 27.0 g/kg,0.7,No,
AGR-55734,CR24-6934B,2022-12-30,Yala,Uva Province,Pettah Agro Traders,NPK 15-15-15,Sri Lanka,"General Crops, Horticulture",Broadcast / Foliar,25.0,240.0,6000.0,100,15.1,15.4,15.5,Sulfur: 6.5 g/100g | Boron: 9.0 g/100g,2.4,Yes,Local production batch
AGR-95953,BT22-5734A,2022-04-01,Maha,Western Province,Browns Agricultural Products,Ammonium Sulfate (SOA),China,"Tea, Vegetables",Top Dressing,53.0,142.0,7526.0,100,21.7,0.0,0.0,Sulfur: 9.1 g/kg,1.6,Yes,Slight clumping observed
AGR-52177,BT22-7771,2022-11-07,Maha,North Western Province,Abans Agri Supplies,Dolomite,Sri Lanka,"Tea, Vegetables, Acidic Soils",Soil Amendment,500.0,62.28,31140.0,100,0.0,0.05,0.0,Calcium: 23.1 g/kg | Magnesium: 1.03 %,1.6,Yes,Opened bag — partial quantity
AGR-70037,CR24-7104B,2022-02-05,Off-Season,North Central Province,Kurunegala Agri Centre,Dolomite,Sri Lanka,"Tea, Vegetables, Acidic Soils",Soil Amendment,2.0,60.0,120.0,100,0.0,0.14,0.0,Calcium: 1.92 % | Magnesium: 1.74 %,4.2,Yes,
AGR-83261,BT24-8081C,2024-02-28,Yala,Eastern Province,Kandy Farm Supplies,MOP (Muriate of Potash),Canada,"Paddy, Banana, Tea",Top Dressing,13.0,195.0,2535.0,100,0.0,0.0,60.2,Chlorine: 2.75 %,1.5,Yes,Sample from bulk storage
AGR-32089,CR23-5103C,2024-08-08,Off-Season,Western Province,Anuradhapura Agro Mart,NPK 15-15-15,Sri Lanka,"General Crops, Horticulture",Broadcast / Foliar,1.0,253.88,253.88,100,15.0,14.8,14.66,Sulfur: 22.0 g/kg | Boron: 1.35 %,1.6,No,Retest recommended
AGR-41395,LT23-7946B,2024-02-05,Maha,Sabaragamuwa Province,Colombo Pesticide Warehouse,Ammonium Sulfate (SOA),China,"Tea, Vegetables",Top Dressing,100.0,120.0,12000.0,100,20.7,0.0,0.0,Sulfur: 10.5 g/kg,0.5,Yes,Imported directly
AGR-45942,CR22-8240,2023-11-15,Off-Season,Central Province,Pettah Agro Traders,Ammonium Sulfate (SOA),China,"Tea, Vegetables",Top Dressing,200.0,110.0,22000.0,100,21.3,0.0,0.0,Sulfur: 27.3 g/100g,3.7,Yes,Retest recommended
AGR-27585,BT22-6804C,2023-06-04,Yala,Sabaragamuwa Province,Hayleys Agriculture Holdings,Compost / Organic,Sri Lanka,"All Crops, Soil Health",Incorporation,25.0,40.0,1000.0,100,1.4,0.9,1.4,Organic Carbon: 26.9 g/kg | Humus: 11.6 g/100g,2.1,No,Retest recommended
AGR-19858,AG23-3429,2023-11-14,Maha,Western Province,Pettah Agro Traders,MOP (Muriate of Potash),Canada,"Paddy, Banana, Tea",Top Dressing,203.0,215.0,43645.0,100,0.0,0.23,59.5,Chlorine: 15.6 g/100g,2.1,Yes,Expired stock — discounted
AGR-41040,AG24-5767A,2023-04-20,Off-Season,Southern Province,Agromart Ltd,NPK 15-15-15,Sri Lanka,"General Crops, Horticulture",Broadcast / Foliar,50.0,223.35,11167.5,100,15.17,14.8,14.72,Sulfur: 13.2 g/100g | Boron: 11.6 g/kg,4.0,Yes,
AGR-14698,LT22-8635C,2022-08-26,Off-Season,Sabaragamuwa Province,Eastern Agrochem Depot,Eppawala Rock Phosphate (ERP),Sri Lanka,"Tea, Rubber, Coconut",Basal Application,50.0,55.0,2750.0,100,0.0,28.0,0.0,Calcium: 24.2 g/kg,1.5,Yes,
AGR-98092,BT24-2290B,2022-10-30,Maha,Western Province,Kurunegala Agri Centre,Dolomite,Sri Lanka,"Tea, Vegetables, Acidic Soils",Soil Amendment,4.0,56.88,227.52,100,0.0,0.0,0.03,Calcium: 13.5 g/100g | Magnesium: 10.3 g/kg,1.2,Yes,
AGR-89693,LT23-5946B,2022-01-11,Off-Season,Western Province,CIC Agri Businesses,Eppawala Rock Phosphate (ERP),Sri Lanka,"Tea, Rubber, Coconut",Basal Application,53.0,35.0,1855.0,100,0.1,27.5,0.25,Calcium: 20.9 g/100g,0.5,No,
AGR-98389,BT24-1654C,2022-06-11,Off-Season,Sabaragamuwa Province,Kurunegala Agri Centre,Dolomite,Sri Lanka,"Tea, Vegetables, Acidic Soils",Soil Amendment,500.0,71.69,35845.0,100,0.0,0.19,0.0,Calcium: 15.2 g/100g | Magnesium: 20.6 g/100g,0.9,Yes,Opened bag — partial quantity
AGR-12003,LT22-2194,2024-06-06,Yala,Northern Province,CIC Agri Businesses,NPK 12-12-17,Germany,"Horticulture, Fruit Crops",Broadcast,5.0,312.28,1561.4,100,11.6,11.5,17.5,Magnesium: 6.5 g/kg | Boron: 1.17 %,0.4,Yes,
AGR-76192,CR23-3499C,2022-11-19,Off-Season,North Western Province,Anuradhapura Agro Mart,Eppawala Rock Phosphate (ERP),Sri Lanka,"Tea, Rubber, Coconut",Basal Application,100.0,30.33,3033.0,100,0.0,29.0,0.04,Calcium: 18.4 g/kg,0.3,Yes,Retest recommended
AGR-90887,LT22-6453C,2024-07-20,Off-Season,Western Province,Eastern Agrochem Depot,Dolomite,Sri Lanka,"Tea, Vegetables, Acidic Soils",Soil Amendment,200.0,60.0,12000.0,100,0.0,0.0,0.0,Calcium: 27.4 g/100g | Magnesium: 1.07 %,2.4,Yes,Retest recommended
AGR-75694,MF22-6617,2024-01-26,Maha,Northern Province,CIC Agri Businesses,Ammonium Sulfate (SOA),China,"Tea, Vegetables",Top Dressing,4.0,140.0,560.0,100,20.2,0.0,0.0,Sulfur: 8.9 g/kg,2.8,Yes,Local production batch
AGR-76538,MF24-7178C,2024-02-27,Yala,Eastern Province,Galle Agrochemical Stores,Compost / Organic,Sri Lanka,"All Crops, Soil Health",Incorporation,50.0,21.23,1061.5,100,1.37,1.1,1.3,Organic Carbon: 24.3 g/kg | Humus: 1.64 %,1.8,Yes,Sample from bulk storage
AGR-22861,BT24-4291A,2023-07-13,Off-Season,Northern Province,Abans Agri Supplies,Compost / Organic,Sri Lanka,"All Crops, Soil Health",Incorporation,27.0,39.85,1075.95,100,1.4,0.9,1.46,Organic Carbon: 26.8 g/100g | Humus: 1.67 %,1.0,Yes,Sample from bulk storage
AGR-79626,CR22-1162B,2024-07-14,Yala,North Central Province,Anuradhapura Agro Mart,Dolomite,Sri Lanka,"Tea, Vegetables, Acidic Soils",Soil Amendment,100.0,73.15,7315.0,100,0.16,0.0,0.0,Calcium: 18.2 g/kg | Magnesium: 20.9 g/100g,2.6,No,
AGR-90458,AG23-5878C,2022-01-22,Off-Season,Western Province,Agromart Ltd,NPK 12-12-17,Germany,"Horticulture, Fruit Crops",Broadcast,1.0,272.3,272.3,100,12.2,12.36,17.1,Magnesium: 19.4 g/kg | Boron: 14.6 g/100g,3.4,No,
AGR-74528,MF23-9039,2022-01-16,Maha,Sabaragamuwa Province,Anuradhapura Agro Mart,Dolomite,Sri Lanka,"Tea, Vegetables, Acidic Soils",Soil Amendment,1000.0,60.37,60370.0,100,0.13,0.07,0.13,Calcium: 25.9 g/kg | Magnesium: 26.5 g/kg,3.5,No,
AGR-85622,BT22-2079,2024-08-01,Off-Season,Northern Province,Lankem Ceylon PLC,Urea,Sri Lanka,"Paddy, Maize, Vegetables",Broadcast / Soil Incorporation,49.0,112.07,5491.43,100,45.8,0.0,0.16,Not Detected,1.5,No,
AGR-14700,MF22-2508A,2024-05-06,Off-Season,North Central Province,Galle Agrochemical Stores,Urea,Sri Lanka,"Paddy, Maize, Vegetables",Broadcast / Soil Incorporation,500.0,115.0,57500.0,100,45.7,0.0,0.0,Not Detected,1.3,Yes,Opened bag — partial quantity
AGR-70442,LT24-5436B,2022-08-04,Off-Season,North Central Province,Browns Agricultural Products,Urea,Sri Lanka,"Paddy, Maize, Vegetables",Broadcast / Soil Incorporation,25.0,125.0,3125.0,100,46.6,0.21,0.0,Not Detected,2.1,No,Slight clumping observed
AGR-69982,MF24-9052B,2024-10-18,Maha,Uva Province,Colombo Pesticide Warehouse,Dolomite,Sri Lanka,"Tea, Vegetables, Acidic Soils",Soil Amendment,100.5,58.76,5905.38,100,0.0,0.1,0.0,Calcium: 21.7 g/100g | Magnesium: 10.3 g/kg,2.5,Yes,
AGR-18253,CR23-3900A,2024-10-03,Off-Season,Eastern Province,Eastern Agrochem Depot,MOP (Muriate of Potash),Canada,"Paddy, Banana, Tea",Top Dressing,5.0,209.84,1049.2,100,0.05,0.0,59.3,Chlorine: 2.29 %,0.9,Yes,
AGR-75231,BT22-5950B,2022-02-05,Maha,Southern Province,Colombo Pesticide Warehouse,NPK 12-12-17,Germany,"Horticulture, Fruit Crops",Broadcast,5.0,292.5,1462.5,100,11.5,11.5,17.5,Magnesium: 26.5 g/100g | Boron: 24.2 g/100g,3.9,Yes,Opened bag — partial quantity
AGR-24085,MF23-8057,2022-10-24,Yala,Central Province,Colombo Pesticide Warehouse,NPK 15-15-15,Sri Lanka,"General Crops, Horticulture",Broadcast / Foliar,26.0,275.0,7150.0,100,14.9,15.4,15.5,Sulfur: 16.4 g/kg | Boron: 0.92 %,2.0,Yes,Retest recommended
AGR-83202,MF22-7291C,2024-09-17,Off-Season,Sabaragamuwa Province,Pettah Agro Traders,TSP (Triple Super Phosphate),India,"Vegetables, Root Crops",Basal Application,49.0,180.0,8820.0,100,0.0,46.7,0.0,Calcium: 1.97 %,4.1,Yes,
AGR-19270,LT24-3192C,2022-11-20,Yala,Western Province,Kurunegala Agri Centre,NPK 15-15-15,Sri Lanka,"General Crops, Horticulture",Broadcast / Foliar,1.0,260.0,260.0,100,15.3,14.0,15.6,Sulfur: 0.95 % | Boron: 25.7 g/kg,2.4,Yes,
AGR-14816,AG23-7972A,2022-10-14,Yala,Uva Province,Browns Agricultural Products,Compost / Organic,Sri Lanka,"All Crops, Soil Health",Incorporation,500.0,23.16,11580.0,100,1.5,0.9,1.3,Organic Carbon: 21.5 g/kg | Humus: 9.0 g/kg,1.7,Yes,Sample from bulk storage
AGR-98160,LT24-9373B,2024-09-21,Maha,North Western Province,Browns Agricultural Products,Dolomite,Sri Lanka,"Tea, Vegetables, Acidic Soils",Soil Amendment,101.5,70.0,7105.0,100,0.0,0.0,0.0,Calcium: 1.84 % | Magnesium: 10.5 g/100g,3.5,Yes,
AGR-15082,AG23-8272,2023-05-19,Off-Season,North Central Province,Jaffna Fertilizer Depot,Dolomite,Sri Lanka,"Tea, Vegetables, Acidic Soils",Soil Amendment,1.0,51.07,51.07,100,0.16,0.0,0.0,Calcium: 11.1 g/kg | Magnesium: 2.77 %,4.2,Yes,Imported directly
AGR-41625,AG23-7110B,2024-11-04,Yala,Sabaragamuwa Province,Kandy Farm Supplies,Urea,Sri Lanka,"Paddy, Maize, Vegetables",Broadcast / Soil Incorporation,503.0,125.0,62875.0,100,45.8,0.11,0.01,Not Detected,4.3,No,Sample from bulk storage
AGR-11330,LT24-3174C,2023-08-10,Maha,Eastern Province,CIC Agri Businesses,NPK 12-12-17,Germany,"Horticulture, Fruit Crops",Broadcast,52.0,280.0,14560.0,100,12.1,12.0,17.6,Magnesium: 1.28 % | Boron: 11.9 g/kg,2.6,Yes,
AGR-73746,BT22-3408,2024-06-06,Off-Season,North Western Province,Eastern Agrochem Depot,Ammonium Sulfate (SOA),China,"Tea, Vegetables",Top Dressing,500.0,138.07,69035.0,100,21.0,0.0,0.21,Sulfur: 2.77 %,3.1,Yes,Slight clumping observed
AGR-75100,MF22-8426B,2022-03-25,Yala,Uva Province,Galle Agrochemical Stores,Eppawala Rock Phosphate (ERP),Sri Lanka,"Tea, Rubber, Coconut",Basal Application,5.0,34.72,173.6,100,0.0,28.0,0.0,Calcium: 12.6 g/100g,1.1,Yes,
AGR-68849,CR23-7075,2024-11-11,Maha,Southern Province,Lankem Ceylon PLC,Compost / Organic,Sri Lanka,"All Crops, Soil Health",Incorporation,1000.0,32.31,32310.0,100,1.3,1.0,1.5,Organic Carbon: 1.32 % | Humus: 6.4 g/kg,3.1,Yes,
AGR-91033,MF23-1507,2022-12-02,Yala,Northern Province,Browns Agricultural Products,Compost / Organic,Sri Lanka,"All Crops, Soil Health",Incorporation,5.0,30.24,151.2,100,1.5,0.89,1.4,Organic Carbon: 2.37 % | Humus: 18.9 g/100g,1.2,No,Local production batch
AGR-18864,BT24-5168,2023-05-01,Maha,Sabaragamuwa Province,Agromart Ltd,NPK 12-12-17,Germany,"Horticulture, Fruit Crops",Broadcast,3.0,280.0,840.0,100,11.7,11.61,16.43,Magnesium: 20.5 g/100g | Boron: 19.4 g/kg,3.0,Yes,Sample from bulk storage
AGR-18124,AG24-5232B,2023-08-09,Off-Season,Northern Province,Abans Agri Supplies,Urea,Sri Lanka,"Paddy, Maize, Vegetables",Broadcast / Soil Incorporation,500.0,112.28,56140.0,100,45.9,0.0,0.1,Not Detected,2.8,Yes,Local production batch
AGR-63605,CR23-7071B,2024-06-05,Maha,Eastern Province,Colombo Pesticide Warehouse,Urea,Sri Lanka,"Paddy, Maize, Vegetables",Broadcast / Soil Incorporation,50.0,103.69,5184.5,100,46.6,0.0,0.0,Not Detected,4.2,No,
AGR-83483,MF24-6244C,2024-06-23,Yala,North Central Province,Kandy Farm Supplies,NPK 15-15-15,Sri Lanka,"General Crops, Horticulture",Broadcast / Foliar,11.0,285.93,3145.23,100,14.5,14.32,14.6,Sulfur: 27.9 g/100g | Boron: 26.7 g/kg,3.1,Yes,
AGR-98223,LT24-3939A,2023-06-24,Yala,North Western Province,Agromart Ltd,Ammonium Sulfate (SOA),China,"Tea, Vegetables",Top Dressing,2.5,125.0,312.5,100,20.1,0.0,0.0,Sulfur: 21.5 g/100g,3.9,Yes,Local production batch
AGR-49724,BT24-5090C,2022-03-29,Yala,North Western Province,Colombo Pesticide Warehouse,Compost / Organic,Sri Lanka,"All Crops, Soil Health",Incorporation,100.0,25.0,2500.0,100,1.5,0.9,1.5,Organic Carbon: 14.7 g/100g | Humus: 8.3 g/100g,1.4,Yes,Imported directly
AGR-93849,AG24-8048A,2023-06-01,Maha,Sabaragamuwa Province,CIC Agri Businesses,NPK 12-12-17,Germany,"Horticulture, Fruit Crops",Broadcast,25.0,293.14,7328.5,100,12.09,11.9,16.28,Magnesium: 1.52 % | Boron: 19.8 g/100g,1.2,Yes,
AGR-17262,CR23-1927A,2024-07-18,Maha,Western Province,Galle Agrochemical Stores,NPK 12-12-17,Germany,"Horticulture, Fruit Crops",Broadcast,0.5,275.16,137.58,100,11.5,11.62,17.4,Magnesium: 24.0 g/kg | Boron: 2.09 %,3.9,Yes,
AGR-73296,AG22-6978C,2024-07-31,Maha,Uva Province,Lankem Ceylon PLC,Compost / Organic,Sri Lanka,"All Crops, Soil Health",Incorporation,100.5,22.82,2293.41,100,1.5,1.0,1.3,Organic Carbon: 19.2 g/100g | Humus: 1.14 %,1.8,No,Expired stock — discounted
AGR-96790,CR23-1608,2023-07-31,Off-Season,Uva Province,Pettah Agro Traders,TSP (Triple Super Phosphate),India,"Vegetables, Root Crops",Basal Application,198.0,195.59,38726.82,100,0.0,46.2,0.0,Calcium: 2.53 %,2.5,Yes,
AGR-53297,LT23-9411C,2022-11-24,Yala,North Central Province,Matara Farm Solutions,TSP (Triple Super Phosphate),India,"Vegetables, Root Crops",Basal Application,3.0,153.53,460.59,100,0.02,45.4,0.0,Calcium: 14.6 g/100g,1.5,No,Retest recommended
AGR-61915,MF22-9457A,2024-02-23,Off-Season,North Western Province,Colombo Pesticide Warehouse,Dolomite,Sri Lanka,"Tea, Vegetables, Acidic Soils",Soil Amendment,25.0,70.0,1750.0,100,0.0,0.0,0.0,Calcium: 8.6 g/kg | Magnesium: 21.5 g/100g,3.3,Yes,Retest recommended
AGR-79434,AG24-5289C,2022-12-11,Yala,Northern Province,Browns Agricultural Products,Dolomite,Sri Lanka,"Tea, Vegetables, Acidic Soils",Soil Amendment,502.0,70.0,35140.0,100,0.0,0.0,0.0,Calcium: 13.1 g/kg | Magnesium: 25.0 g/kg,2.3,Yes,
AGR-36919,MF22-1475B,2022-03-24,Maha,Central Province,Kurunegala Agri Centre,NPK 15-15-15,Sri Lanka,"General Crops, Horticulture",Broadcast / Foliar,1002.0,225.0,225450.0,100,15.0,14.4,14.79,Sulfur: 1.64 % | Boron: 1.77 %,3.7,No,Expired stock — discounted
AGR-86615,CR24-9209,2022-02-10,Off-Season,Eastern Province,Matara Farm Solutions,Eppawala Rock Phosphate (ERP),Sri Lanka,"Tea, Rubber, Coconut",Basal Application,5.0,54.47,272.35,100,0.0,29.0,0.0,Calcium: 19.7 g/kg,0.5,Yes,Local production batch
AGR-71761,CR24-7839B,2024-04-15,Maha,Central Province,Lankem Ceylon PLC,NPK 12-12-17,Germany,"Horticulture, Fruit Crops",Broadcast,26.0,259.12,6737.12,100,12.0,12.0,16.7,Magnesium: 2.52 % | Boron: 9.8 g/100g,2.5,Yes,
AGR-63242,MF22-6483,2023-03-24,Yala,North Western Province,Kurunegala Agri Centre,Dolomite,Sri Lanka,"Tea, Vegetables, Acidic Soils",Soil Amendment,1.0,47.7,47.7,100,0.0,0.0,0.25,Calcium: 16.3 g/kg | Magnesium: 16.0 g/kg,1.5,No,Slight clumping observed
AGR-51293,BT24-3159A,2023-02-11,Maha,Western Province,Galle Agrochemical Stores,Dolomite,Sri Lanka,"Tea, Vegetables, Acidic Soils",Soil Amendment,23.0,63.48,1460.04,100,0.0,0.04,0.15,Calcium: 2.25 % | Magnesium: 2.35 %,1.4,Yes,Local production batch
AGR-50422,MF23-6679B,2024-06-10,Maha,Sabaragamuwa Province,Anuradhapura Agro Mart,Ammonium Sulfate (SOA),China,"Tea, Vegetables",Top Dressing,9.0,112.21,1009.89,100,20.3,0.0,0.04,Sulfur: 27.0 g/kg,2.0,Yes,Slight clumping observed
AGR-41782,MF22-2162A,2024-10-05,Maha,Central Province,Kandy Farm Supplies,Eppawala Rock Phosphate (ERP),Sri Lanka,"Tea, Rubber, Coconut",Basal Application,51.0,33.65,1716.15,100,0.0,28.64,0.21,Calcium: 8.2 g/100g,4.3,No,Retest recommended
AGR-79041,BT23-8130,2023-03-23,Yala,Western Province,Hayleys Agriculture Holdings,NPK 12-12-17,Germany,"Horticulture, Fruit Crops",Broadcast,1003.0,277.74,278573.22,100,12.0,11.8,17.3,Magnesium: 13.6 g/kg | Boron: 18.1 g/100g,3.4,Yes,Expired stock — discounted
AGR-79018,CR22-6894A,2022-11-25,Off-Season,Uva Province,Browns Agricultural Products,NPK 12-12-17,Germany,"Horticulture, Fruit Crops",Broadcast,53.0,282.81,14988.93,100,11.7,12.27,17.5,Magnesium: 23.7 g/kg | Boron: 1.68 %,1.6,Yes,Retest recommended
AGR-58687,LT22-1234B,2023-12-26,Maha,North Central Province,Kandy Farm Supplies,TSP (Triple Super Phosphate),India,"Vegetables, Root Crops",Basal Application,100.0,170.56,17056.0,100,0.21,45.25,0.0,Calcium: 22.8 g/100g,1.2,Yes,Expired stock — discounted
AGR-62214,AG23-5813,2023-03-08,Off-Season,Eastern Province,Kandy Farm Supplies,TSP (Triple Super Phosphate),India,"Vegetables, Root Crops",Basal Application,1.0,161.21,161.21,100,0.0,45.8,0.0,Calcium: 1.61 %,0.5,Yes,
AGR-33707,BT24-3893A,2023-03-27,Maha,Sabaragamuwa Province,Galle Agrochemical Stores,Urea,Sri Lanka,"Paddy, Maize, Vegetables",Broadcast / Soil Incorporation,10.0,100.0,1000.0,100,45.41,0.0,0.01,Not Detected,0.5,No,
AGR-96010,MF23-6444,2024-12-05,Off-Season,Eastern Province,Matara Farm Solutions,TSP (Triple Super Phosphate),India,"Vegetables, Root Crops",Basal Application,1003.0,198.93,199526.79,100,0.0,45.3,0.19,Calcium: 2.19 %,0.9,Yes,Imported directly
AGR-79409,LT23-3245,2022-12-30,Maha,Central Province,Jaffna Fertilizer Depot,TSP (Triple Super Phosphate),India,"Vegetables, Root Crops",Basal Application,10.0,188.44,1884.4,100,0.0,45.4,0.08,Calcium: 13.7 g/kg,2.1,Yes,Retest recommended
AGR-70693,BT23-1808A,2024-05-14,Off-Season,North Central Province,Jaffna Fertilizer Depot,Urea,Sri Lanka,"Paddy, Maize, Vegetables",Broadcast / Soil Incorporation,1000.0,95.24,95240.0,100,46.2,0.0,0.17,Not Detected,3.3,Yes,Sample from bulk storage
AGR-33933,LT22-4723A,2023-11-29,Off-Season,North Central Province,Agromart Ltd,NPK 12-12-17,Germany,"Horticulture, Fruit Crops",Broadcast,200.0,315.33,63066.0,100,11.7,11.55,17.0,Magnesium: 1.86 % | Boron: 2.69 %,3.1,Yes,Slight clumping observed
AGR-74715,BT22-2029A,2024-07-24,Off-Season,Northern Province,Eastern Agrochem Depot,NPK 15-15-15,Sri Lanka,"General Crops, Horticulture",Broadcast / Foliar,10.5,249.48,2619.54,100,15.6,15.16,15.49,Sulfur: 28.0 g/kg | Boron: 26.7 g/kg,4.3,Yes,Sample from bulk storage
AGR-82644,MF24-9283B,2024-01-18,Yala,Sabaragamuwa Province,Browns Agricultural Products,NPK 12-12-17,Germany,"Horticulture, Fruit Crops",Broadcast,4.0,273.95,1095.8,100,12.3,12.3,16.4,Magnesium: 7.7 g/100g | Boron: 26.2 g/kg,1.6,No,Imported directly
AGR-27604,CR23-9371,2023-03-23,Maha,Southern Province,Colombo Pesticide Warehouse,Dolomite,Sri Lanka,"Tea, Vegetables, Acidic Soils",Soil Amendment,200.0,45.0,9000.0,100,0.0,0.19,0.0,Calcium: 22.8 g/100g | Magnesium: 24.2 g/kg,3.1,Yes,Local production batch
AGR-15457,BT23-7386B,2022-12-18,Yala,North Western Province,Abans Agri Supplies,MOP (Muriate of Potash),Canada,"Paddy, Banana, Tea",Top Dressing,10.0,194.22,1942.2,100,0.22,0.0,60.75,Chlorine: 2.53 %,2.8,Yes,Opened bag — partial quantity
AGR-85773,AG24-7856C,2023-11-23,Maha,Northern Province,Hayleys Agriculture Holdings,TSP (Triple Super Phosphate),India,"Vegetables, Root Crops",Basal Application,500.0,148.63,74315.0,100,0.05,46.1,0.0,Calcium: 21.3 g/kg,3.1,No,Imported directly
AGR-79739,LT23-1319C,2022-02-24,Off-Season,North Central Province,Browns Agricultural Products,NPK 12-12-17,Germany,"Horticulture, Fruit Crops",Broadcast,26.0,290.0,7540.0,100,11.8,12.0,16.9,Magnesium: 21.1 g/kg | Boron: 25.1 g/100g,2.4,Yes,
AGR-33832,MF23-8984B,2024-12-07,Maha,Sabaragamuwa Province,Eastern Agrochem Depot,Ammonium Sulfate (SOA),China,"Tea, Vegetables",Top Dressing,25.0,146.71,3667.75,100,20.4,0.0,0.0,Sulfur: 10.3 g/kg,1.7,Yes,Expired stock — discounted
AGR-85890,BT23-4992C,2023-09-01,Maha,Eastern Province,Jaffna Fertilizer Depot,MOP (Muriate of Potash),Canada,"Paddy, Banana, Tea",Top Dressing,203.0,186.28,37814.84,100,0.0,0.0,60.9,Chlorine: 6.1 g/kg,1.7,Yes,Local production batch
AGR-80154,LT24-8109B,2024-02-12,Yala,Uva Province,Abans Agri Supplies,Ammonium Sulfate (SOA),China,"Tea, Vegetables",Top Dressing,25.0,121.11,3027.75,100,21.5,0.0,0.0,Sulfur: 21.1 g/kg,3.2,Yes,
AGR-44803,BT24-1294B,2022-10-13,Yala,Northern Province,Galle Agrochemical Stores,NPK 12-12-17,Germany,"Horticulture, Fruit Crops",Broadcast,2.0,265.0,530.0,100,12.2,11.91,17.5,Magnesium: 8.0 g/kg | Boron: 18.1 g/kg,1.7,Yes,Expired stock — discounted
AGR-62024,MF24-3574,2024-01-12,Off-Season,North Central Province,Lankem Ceylon PLC,Dolomite,Sri Lanka,"Tea, Vegetables, Acidic Soils",Soil Amendment,1001.0,57.32,57377.32,100,0.0,0.0,0.21,Calcium: 2.36 % | Magnesium: 0.61 %,3.1,Yes,
AGR-63440,BT22-8697B,2022-01-14,Off-Season,Sabaragamuwa Province,Matara Farm Solutions,MOP (Muriate of Potash),Canada,"Paddy, Banana, Tea",Top Dressing,25.0,180.0,4500.0,100,0.0,0.0,59.0,Chlorine: 27.9 g/100g,3.5,Yes,
AGR-99397,BT22-4173,2024-01-19,Off-Season,North Central Province,Hayleys Agriculture Holdings,MOP (Muriate of Potash),Canada,"Paddy, Banana, Tea",Top Dressing,26.0,167.32,4350.32,100,0.0,0.0,61.1,Chlorine: 19.0 g/kg,0.8,Yes,Sample from bulk storage
AGR-37038,LT23-5724C,2024-05-11,Yala,Western Province,Matara Farm Solutions,Ammonium Sulfate (SOA),China,"Tea, Vegetables",Top Dressing,50.5,120.0,6060.0,100,21.5,0.0,0.0,Sulfur: 0.77 %,3.7,Yes,Opened bag — partial quantity
AGR-77972,LT23-7423B,2022-10-09,Yala,Western Province,Eastern Agrochem Depot,Compost / Organic,Sri Lanka,"All Crops, Soil Health",Incorporation,11.5,22.43,257.94,100,1.5,0.9,1.3,Organic Carbon: 2.38 % | Humus: 17.1 g/kg,3.2,Yes,Retest recommended
AGR-54939,MF24-9804A,2024-06-26,Off-Season,North Western Province,Lankem Ceylon PLC,MOP (Muriate of Potash),Canada,"Paddy, Banana, Tea",Top Dressing,50.5,187.46,9466.73,100,0.1,0.0,59.0,Chlorine: 24.2 g/100g,2.2,Yes,Local production batch
AGR-82103,LT22-4988A,2024-08-22,Maha,Northern Province,Eastern Agrochem Depot,Compost / Organic,Sri Lanka,"All Crops, Soil Health",Incorporation,23.0,30.0,690.0,100,1.54,0.9,1.5,Organic Carbon: 2.46 % | Humus: 18.8 g/100g,2.7,Yes,Opened bag — partial quantity
AGR-49421,CR23-3791,2022-07-12,Off-Season,Eastern Province,Colombo Pesticide Warehouse,Compost / Organic,Sri Lanka,"All Crops, Soil Health",Incorporation,1000.0,36.9,36900.0,100,1.3,1.1,1.3,Organic Carbon: 2.7 % | Humus: 24.1 g/kg,1.6,Yes,
AGR-52222,AG23-3549B,2023-04-16,Yala,Northern Province,Anuradhapura Agro Mart,NPK 12-12-17,Germany,"Horticulture, Fruit Crops",Broadcast,6.0,305.0,1830.0,100,11.9,12.0,17.5,Magnesium: 1.25 % | Boron: 7.0 g/100g,3.6,Yes,Opened bag — partial quantity
AGR-69863,BT23-3914,2023-03-28,Yala,Northern Province,Agromart Ltd,MOP (Muriate of Potash),Canada,"Paddy, Banana, Tea",Top Dressing,25.0,184.26,4606.5,100,0.0,0.14,60.0,Chlorine: 12.9 g/100g,1.4,Yes,
AGR-65192,LT24-5496B,2024-02-11,Off-Season,Sabaragamuwa Province,Kandy Farm Supplies,NPK 12-12-17,Germany,"Horticulture, Fruit Crops",Broadcast,500.0,295.99,147995.0,100,11.8,11.8,17.6,Magnesium: 1.37 % | Boron: 6.8 g/kg,4.2,No,Sample from bulk storage
AGR-45013,MF23-1904,2023-07-27,Off-Season,Southern Province,Colombo Pesticide Warehouse,Dolomite,Sri Lanka,"Tea, Vegetables, Acidic Soils",Soil Amendment,6.0,53.76,322.56,100,0.0,0.0,0.0,Calcium: 8.5 g/100g | Magnesium: 6.2 g/kg,1.3,Yes,
AGR-19872,LT23-9869,2024-02-29,Yala,North Western Province,Anuradhapura Agro Mart,NPK 12-12-17,Germany,"Horticulture, Fruit Crops",Broadcast,0.5,285.0,142.5,100,12.0,12.2,16.4,Magnesium: 1.67 % | Boron: 2.01 %,1.7,Yes,
AGR-28186,BT22-3630B,2022-12-27,Off-Season,Uva Province,Jaffna Fertilizer Depot,MOP (Muriate of Potash),Canada,"Paddy, Banana, Tea",Top Dressing,2.0,168.28,336.56,100,0.0,0.0,60.2,Chlorine: 2.4 %,1.8,Yes,
AGR-18723,MF23-7044C,2024-08-07,Maha,Sabaragamuwa Province,Eastern Agrochem Depot,NPK 12-12-17,Germany,"Horticulture, Fruit Crops",Broadcast,1000.0,304.79,304790.0,100,11.7,12.0,17.18,Magnesium: 1.92 % | Boron: 0.92 %,4.0,Yes,Retest recommended
AGR-72824,MF24-1502B,2022-10-17,Yala,North Western Province,Jaffna Fertilizer Depot,NPK 15-15-15,Sri Lanka,"General Crops, Horticulture",Broadcast / Foliar,500.5,225.72,112972.86,100,15.1,15.45,14.8,Sulfur: 2.12 % | Boron: 12.7 g/kg,3.3,Yes,Local production batch
AGR-79745,AG24-1148A,2024-05-11,Off-Season,Northern Province,Colombo Pesticide Warehouse,Ammonium Sulfate (SOA),China,"Tea, Vegetables",Top Dressing,202.0,144.58,29205.16,100,20.7,0.0,0.0,Sulfur: 20.6 g/kg,1.0,Yes,Sample from bulk storage
AGR-32726,CR22-9904A,2023-04-20,Yala,Central Province,Anuradhapura Agro Mart,Ammonium Sulfate (SOA),China,"Tea, Vegetables",Top Dressing,1.0,127.95,127.95,100,20.7,0.09,0.1,Sulfur: 8.8 g/kg,3.6,No,
AGR-92035,AG24-2848B,2023-03-27,Maha,Sabaragamuwa Province,Hayleys Agriculture Holdings,Ammonium Sulfate (SOA),China,"Tea, Vegetables",Top Dressing,1.0,145.0,145.0,100,20.3,0.0,0.0,Sulfur: 11.2 g/100g,4.3,Yes,
AGR-23551,AG23-8575C,2023-03-11,Maha,Sabaragamuwa Province,Lankem Ceylon PLC,Urea,Sri Lanka,"Paddy, Maize, Vegetables",Broadcast / Soil Incorporation,50.0,107.32,5366.0,100,45.7,0.0,0.0,Not Detected,1.7,No,Local production batch
AGR-93902,BT22-8296,2024-11-11,Maha,Eastern Province,Galle Agrochemical Stores,TSP (Triple Super Phosphate),India,"Vegetables, Root Crops",Basal Application,2.5,180.0,450.0,100,0.04,46.4,0.0,Calcium: 0.97 %,0.6,Yes,
AGR-81066,LT23-3434,2023-08-01,Off-Season,Sabaragamuwa Province,Pettah Agro Traders,TSP (Triple Super Phosphate),India,"Vegetables, Root Crops",Basal Application,5.0,185.44,927.2,100,0.0,46.1,0.0,Calcium: 0.68 %,2.7,No,
AGR-56022,LT22-5069A,2024-05-23,Off-Season,Western Province,Colombo Pesticide Warehouse,NPK 15-15-15,Sri Lanka,"General Crops, Horticulture",Broadcast / Foliar,203.0,265.61,53918.83,100,14.82,14.41,15.0,Sulfur: 22.9 g/kg | Boron: 1.02 %,2.4,Yes,Expired stock — discounted
AGR-95764,BT22-9120B,2022-11-22,Off-Season,North Western Province,Anuradhapura Agro Mart,NPK 15-15-15,Sri Lanka,"General Crops, Horticulture",Broadcast / Foliar,200.0,265.57,53114.0,100,14.4,14.7,14.7,Sulfur: 25.5 g/kg | Boron: 9.7 g/kg,4.0,Yes,Retest recommended
AGR-78065,AG23-7620B,2023-09-17,Off-Season,Southern Province,Galle Agrochemical Stores,NPK 15-15-15,Sri Lanka,"General Crops, Horticulture",Broadcast / Foliar,25.0,280.0,7000.0,100,14.8,15.6,15.2,Sulfur: 22.7 g/kg | Boron: 7.5 g/kg,0.6,Yes,
AGR-24900,CR23-2568B,2024-07-27,Maha,Uva Province,Colombo Pesticide Warehouse,Eppawala Rock Phosphate (ERP),Sri Lanka,"Tea, Rubber, Coconut",Basal Application,1.0,45.37,45.37,100,0.0,27.0,0.1,Calcium: 17.6 g/kg,2.9,Yes,
AGR-46360,CR23-1562,2022-11-07,Maha,Sabaragamuwa Province,Hayleys Agriculture Holdings,NPK 15-15-15,Sri Lanka,"General Crops, Horticulture",Broadcast / Foliar,50.0,260.0,13000.0,100,15.1,14.4,15.1,Sulfur: 21.3 g/100g | Boron: 16.6 g/100g,0.8,Yes,
AGR-28812,MF23-4507C,2024-03-04,Off-Season,Eastern Province,Lankem Ceylon PLC,Urea,Sri Lanka,"Paddy, Maize, Vegetables",Broadcast / Soil Incorporation,5.0,120.0,600.0,100,45.5,0.07,0.0,Not Detected,3.1,No,Local production batch
AGR-59863,CR23-6450,2024-02-17,Yala,Sabaragamuwa Province,Lankem Ceylon PLC,NPK 12-12-17,Germany,"Horticulture, Fruit Crops",Broadcast,7.0,290.0,2030.0,100,11.7,11.5,16.8,Magnesium: 1.27 % | Boron: 2.47 %,2.4,Yes,Imported directly
AGR-21097,CR22-6624,2024-02-14,Maha,Uva Province,Abans Agri Supplies,Ammonium Sulfate (SOA),China,"Tea, Vegetables",Top Dressing,500.0,139.17,69585.0,100,21.6,0.0,0.23,Sulfur: 15.2 g/100g,4.3,Yes,Imported directly
AGR-84726,CR22-6859B,2024-02-23,Yala,Uva Province,Matara Farm Solutions,Ammonium Sulfate (SOA),China,"Tea, Vegetables",Top Dressing,1000.0,146.53,146530.0,100,21.3,0.0,0.0,Sulfur: 12.3 g/100g,1.6,Yes,Local production batch
AGR-53949,CR23-2243B,2024-11-18,Maha,Central Province,Agromart Ltd,TSP (Triple Super Phosphate),India,"Vegetables, Root Crops",Basal Application,1001.5,198.4,198697.6,100,0.08,46.5,0.0,Calcium: 14.3 g/kg,3.3,Yes,Opened bag — partial quantity
AGR-11077,BT23-2753,2022-02-08,Maha,Eastern Province,Lankem Ceylon PLC,Dolomite,Sri Lanka,"Tea, Vegetables, Acidic Soils",Soil Amendment,100.0,59.53,5953.0,100,0.14,0.06,0.22,Calcium: 23.7 g/kg | Magnesium: 18.9 g/100g,4.1,Yes,Expired stock — discounted
AGR-72260,MF24-5684,2024-10-04,Maha,Sabaragamuwa Province,Abans Agri Supplies,TSP (Triple Super Phosphate),India,"Vegetables, Root Crops",Basal Application,50.5,192.8,9736.4,100,0.0,45.9,0.0,Calcium: 1.03 %,1.2,Yes,
AGR-21868,BT24-8533A,2023-04-05,Yala,Eastern Province,Anuradhapura Agro Mart,Urea,Sri Lanka,"Paddy, Maize, Vegetables",Broadcast / Soil Incorporation,10.5,95.0,997.5,100,45.3,0.0,0.0,Not Detected,2.9,Yes,Imported directly
AGR-30630,BT24-1918,2023-11-26,Maha,Uva Province,Matara Farm Solutions,NPK 12-12-17,Germany,"Horticulture, Fruit Crops",Broadcast,4.0,275.0,1100.0,100,12.3,12.2,16.89,Magnesium: 11.7 g/kg | Boron: 22.9 g/100g,0.8,Yes,Sample from bulk storage
AGR-17752,LT22-7241B,2022-03-24,Off-Season,Western Province,Matara Farm Solutions,TSP (Triple Super Phosphate),India,"Vegetables, Root Crops",Basal Application,98.0,172.11,16866.78,100,0.18,46.4,0.0,Calcium: 2.3 %,3.2,Yes,Slight clumping observed
AGR-37009,CR22-3180B,2023-02-21,Yala,Southern Province,Anuradhapura Agro Mart,Dolomite,Sri Lanka,"Tea, Vegetables, Acidic Soils",Soil Amendment,1.0,49.85,49.85,100,0.08,0.0,0.0,Calcium: 23.7 g/100g | Magnesium: 7.6 g/kg,2.2,Yes,Local production batch
AGR-83723,LT24-4331A,2023-10-20,Off-Season,Uva Province,Galle Agrochemical Stores,Eppawala Rock Phosphate (ERP),Sri Lanka,"Tea, Rubber, Coconut",Basal Application,8.0,50.0,400.0,100,0.0,28.42,0.0,Calcium: 1.25 %,3.4,Yes,Retest recommended
AGR-42127,MF24-3534,2024-12-03,Off-Season,Uva Province,Colombo Pesticide Warehouse,Urea,Sri Lanka,"Paddy, Maize, Vegetables",Broadcast / Soil Incorporation,501.0,120.13,60185.13,100,47.0,0.0,0.0,Not Detected,3.9,Yes,
AGR-76272,LT24-7214C,2023-08-18,Yala,North Western Province,CIC Agri Businesses,TSP (Triple Super Phosphate),India,"Vegetables, Root Crops",Basal Application,102.0,180.0,18360.0,100,0.0,45.2,0.08,Calcium: 26.3 g/100g,0.7,Yes,Expired stock — discounted
AGR-43873,MF23-2085B,2023-04-07,Maha,Eastern Province,Kurunegala Agri Centre,NPK 12-12-17,Germany,"Horticulture, Fruit Crops",Broadcast,102.0,285.0,29070.0,100,11.41,11.5,17.0,Magnesium: 16.8 g/100g | Boron: 16.4 g/100g,3.2,Yes,
AGR-70032,MF23-9540A,2023-06-09,Off-Season,Sabaragamuwa Province,Kandy Farm Supplies,Dolomite,Sri Lanka,"Tea, Vegetables, Acidic Soils",Soil Amendment,200.0,60.0,12000.0,100,0.0,0.08,0.14,Calcium: 2.06 % | Magnesium: 1.43 %,3.0,Yes,Sample from bulk storage
AGR-39897,LT23-3104A,2022-02-01,Off-Season,Uva Province,Kurunegala Agri Centre,NPK 15-15-15,Sri Lanka,"General Crops, Horticulture",Broadcast / Foliar,200.0,260.0,52000.0,100,15.0,15.5,15.0,Sulfur: 1.45 % | Boron: 0.85 %,1.5,No,Opened bag — partial quantity
AGR-19740,CR24-5593C,2022-06-22,Maha,Northern Province,Matara Farm Solutions,NPK 12-12-17,Germany,"Horticulture, Fruit Crops",Broadcast,8.0,301.61,2412.88,100,12.1,12.1,17.48,Magnesium: 24.7 g/100g | Boron: 11.0 g/kg,1.6,Yes,
AGR-61896,CR22-8454B,2023-07-03,Off-Season,North Western Province,Colombo Pesticide Warehouse,MOP (Muriate of Potash),Canada,"Paddy, Banana, Tea",Top Dressing,1.0,210.0,210.0,100,0.05,0.0,59.2,Chlorine: 14.5 g/kg,1.7,Yes,
AGR-82442,MF24-8433,2024-07-12,Maha,Sabaragamuwa Province,Galle Agrochemical Stores,NPK 12-12-17,Germany,"Horticulture, Fruit Crops",Broadcast,25.0,316.74,7918.5,100,12.0,12.3,16.46,Magnesium: 1.53 % | Boron: 19.1 g/100g,4.4,Yes,
AGR-60720,BT22-8081A,2023-08-09,Maha,Sabaragamuwa Province,Anuradhapura Agro Mart,MOP (Muriate of Potash),Canada,"Paddy, Banana, Tea",Top Dressing,8.0,173.66,1389.28,100,0.0,0.0,61.4,Chlorine: 8.6 g/100g,2.0,Yes,Retest recommended
AGR-18139,LT23-1403,2023-11-02,Maha,Eastern Province,Eastern Agrochem Depot,NPK 12-12-17,Germany,"Horticulture, Fruit Crops",Broadcast,100.0,260.0,26000.0,100,11.7,11.7,16.5,Magnesium: 19.5 g/kg | Boron: 2.79 %,3.4,Yes,
AGR-27511,CR23-2927C,2023-06-07,Off-Season,North Western Province,Jaffna Fertilizer Depot,MOP (Muriate of Potash),Canada,"Paddy, Banana, Tea",Top Dressing,500.0,226.86,113430.0,100,0.0,0.0,58.51,Chlorine: 21.0 g/100g,0.7,Yes,Expired stock — discounted
AGR-44358,MF23-9602A,2024-08-17,Yala,Central Province,Anuradhapura Agro Mart,NPK 12-12-17,Germany,"Horticulture, Fruit Crops",Broadcast,10.0,250.0,2500.0,100,11.8,12.5,16.86,Magnesium: 1.15 % | Boron: 2.41 %,4.1,Yes,Retest recommended
AGR-85488,AG23-3891B,2023-12-15,Maha,Eastern Province,Matara Farm Solutions,Ammonium Sulfate (SOA),China,"Tea, Vegetables",Top Dressing,5.0,125.0,625.0,100,21.6,0.0,0.14,Sulfur: 12.9 g/100g,1.1,Yes,
AGR-45084,AG22-1071,2023-05-01,Off-Season,North Central Province,Pettah Agro Traders,Eppawala Rock Phosphate (ERP),Sri Lanka,"Tea, Rubber, Coconut",Basal Application,3.5,60.0,210.0,100,0.1,27.69,0.0,Calcium: 21.0 g/kg,4.1,Yes,Imported directly
AGR-83921,CR24-5872A,2022-01-10,Maha,Sabaragamuwa Province,Browns Agricultural Products,TSP (Triple Super Phosphate),India,"Vegetables, Root Crops",Basal Application,25.0,185.29,4632.25,100,0.0,46.0,0.0,Calcium: 1.15 %,1.1,Yes,Expired stock — discounted
AGR-99703,AG23-1317,2024-04-02,Maha,Sabaragamuwa Province,Anuradhapura Agro Mart,MOP (Muriate of Potash),Canada,"Paddy, Banana, Tea",Top Dressing,1000.0,192.16,192160.0,100,0.0,0.0,58.0,Chlorine: 2.47 %,3.2,Yes,Local production batch
AGR-68680,CR24-5786C,2024-12-17,Off-Season,North Central Province,Jaffna Fertilizer Depot,Urea,Sri Lanka,"Paddy, Maize, Vegetables",Broadcast / Soil Incorporation,1000.0,100.0,100000.0,100,45.2,0.0,0.0,Not Detected,1.8,Yes,Expired stock — discounted
AGR-84676,MF24-9763B,2023-09-04,Maha,North Western Province,Lankem Ceylon PLC,NPK 12-12-17,Germany,"Horticulture, Fruit Crops",Broadcast,1000.5,297.68,297828.84,100,11.6,11.5,16.59,Magnesium: 17.2 g/kg | Boron: 14.0 g/100g,1.4,Yes,Slight clumping observed
AGR-97049,AG22-8225C,2022-05-21,Yala,Northern Province,Kandy Farm Supplies,MOP (Muriate of Potash),Canada,"Paddy, Banana, Tea",Top Dressing,1000.0,220.0,220000.0,100,0.0,0.0,62.1,Chlorine: 25.9 g/kg,2.4,Yes,Imported directly
AGR-83186,CR23-3371A,2023-12-05,Maha,Eastern Province,Eastern Agrochem Depot,MOP (Muriate of Potash),Canada,"Paddy, Banana, Tea",Top Dressing,25.0,210.0,5250.0,100,0.0,0.0,62.4,Chlorine: 23.7 g/100g,2.0,Yes,Expired stock — discounted
AGR-22091,BT22-3110A,2024-02-12,Maha,North Western Province,CIC Agri Businesses,Ammonium Sulfate (SOA),China,"Tea, Vegetables",Top Dressing,201.5,140.65,28340.98,100,21.8,0.0,0.0,Sulfur: 24.7 g/kg,2.7,No,Slight clumping observed
AGR-67229,LT23-9140C,2024-10-25,Off-Season,Northern Province,Kandy Farm Supplies,MOP (Muriate of Potash),Canada,"Paddy, Banana, Tea",Top Dressing,200.0,160.0,32000.0,100,0.0,0.0,58.43,Chlorine: 16.4 g/100g,3.4,No,Opened bag — partial quantity
AGR-64968,CR22-7969B,2022-01-24,Yala,Northern Province,Browns Agricultural Products,NPK 15-15-15,Sri Lanka,"General Crops, Horticulture",Broadcast / Foliar,3.0,269.43,808.29,100,15.0,15.1,14.7,Sulfur: 1.61 % | Boron: 24.3 g/100g,1.3,Yes,
AGR-98056,BT22-6898A,2023-01-26,Off-Season,Northern Province,Abans Agri Supplies,TSP (Triple Super Phosphate),India,"Vegetables, Root Crops",Basal Application,202.0,140.0,28280.0,100,0.14,46.32,0.0,Calcium: 1.71 %,2.0,Yes,Imported directly
AGR-35802,CR23-5256B,2023-11-07,Yala,Uva Province,Hayleys Agriculture Holdings,Compost / Organic,Sri Lanka,"All Crops, Soil Health",Incorporation,1000.0,37.71,37710.0,100,1.3,1.0,1.6,Organic Carbon: 0.94 % | Humus: 2.52 %,3.8,No,
AGR-17800,AG23-6428A,2024-10-23,Off-Season,Southern Province,Pettah Agro Traders,Eppawala Rock Phosphate (ERP),Sri Lanka,"Tea, Rubber, Coconut",Basal Application,1000.0,55.0,55000.0,100,0.0,26.6,0.0,Calcium: 20.4 g/100g,1.7,Yes,
AGR-20143,AG24-2482B,2022-06-23,Off-Season,Central Province,Matara Farm Solutions,Compost / Organic,Sri Lanka,"All Crops, Soil Health",Incorporation,1.0,24.35,24.35,100,1.3,0.9,1.3,Organic Carbon: 12.6 g/100g | Humus: 1.94 %,0.5,Yes,
AGR-35371,CR24-2568A,2024-05-04,Maha,Sabaragamuwa Province,Galle Agrochemical Stores,Ammonium Sulfate (SOA),China,"Tea, Vegetables",Top Dressing,50.0,115.64,5782.0,100,20.21,0.0,0.0,Sulfur: 2.55 %,3.1,No,Retest recommended
AGR-55540,BT22-2416A,2024-07-30,Maha,Western Province,Anuradhapura Agro Mart,Compost / Organic,Sri Lanka,"All Crops, Soil Health",Incorporation,5.0,27.23,136.15,100,1.3,1.0,1.5,Organic Carbon: 2.45 % | Humus: 15.4 g/100g,2.8,No,Retest recommended
AGR-71199,LT23-2710A,2022-06-15,Yala,Western Province,CIC Agri Businesses,NPK 12-12-17,Germany,"Horticulture, Fruit Crops",Broadcast,2.5,315.0,787.5,100,12.0,11.83,16.4,Magnesium: 2.09 % | Boron: 12.1 g/kg,2.8,Yes,
AGR-79124,AG22-3061C,2024-03-28,Off-Season,Western Province,Kandy Farm Supplies,MOP (Muriate of Potash),Canada,"Paddy, Banana, Tea",Top Dressing,1000.0,195.0,195000.0,100,0.0,0.15,60.9,Chlorine: 18.7 g/kg,1.7,Yes,Expired stock — discounted
AGR-13363,CR23-8159,2023-08-30,Yala,Sabaragamuwa Province,Kurunegala Agri Centre,Urea,Sri Lanka,"Paddy, Maize, Vegetables",Broadcast / Soil Incorporation,50.0,100.16,5008.0,100,45.6,0.04,0.0,Not Detected,1.6,No,
AGR-21276,CR23-3475A,2023-12-30,Yala,North Central Province,Matara Farm Solutions,MOP (Muriate of Potash),Canada,"Paddy, Banana, Tea",Top Dressing,25.0,160.0,4000.0,100,0.13,0.0,62.3,Chlorine: 2.18 %,3.1,Yes,Imported directly
AGR-86832,BT24-5456,2022-06-22,Yala,Northern Province,Agromart Ltd,Dolomite,Sri Lanka,"Tea, Vegetables, Acidic Soils",Soil Amendment,501.0,45.33,22710.33,100,0.0,0.0,0.0,Calcium: 7.7 g/kg | Magnesium: 15.2 g/kg,1.4,Yes,
AGR-11713,CR22-9037A,2024-05-08,Off-Season,Eastern Province,Kandy Farm Supplies,TSP (Triple Super Phosphate),India,"Vegetables, Root Crops",Basal Application,25.0,178.56,4464.0,100,0.0,45.2,0.0,Calcium: 0.62 %,3.7,No,
AGR-89842,CR24-3738,2024-07-18,Maha,Eastern Province,Abans Agri Supplies,TSP (Triple Super Phosphate),India,"Vegetables, Root Crops",Basal Application,200.0,147.49,29498.0,100,0.0,45.2,0.0,Calcium: 13.6 g/kg,2.5,Yes,Imported directly
AGR-11800,MF23-2190A,2024-04-14,Yala,Sabaragamuwa Province,Browns Agricultural Products,TSP (Triple Super Phosphate),India,"Vegetables, Root Crops",Basal Application,199.0,185.17,36848.83,100,0.15,46.0,0.08,Calcium: 1.68 %,0.4,No,
AGR-99333,CR23-6915B,2023-11-06,Yala,Central Province,Matara Farm Solutions,MOP (Muriate of Potash),Canada,"Paddy, Banana, Tea",Top Dressing,200.0,210.0,42000.0,100,0.0,0.0,59.02,Chlorine: 2.23 %,1.2,No,Imported directly
AGR-69801,MF24-2994C,2024-11-20,Off-Season,Central Province,Abans Agri Supplies,Dolomite,Sri Lanka,"Tea, Vegetables, Acidic Soils",Soil Amendment,50.0,45.0,2250.0,100,0.0,0.0,0.0,Calcium: 12.2 g/kg | Magnesium: 19.9 g/100g,1.7,Yes,Opened bag — partial quantity
AGR-42307,BT22-6825C,2024-11-06,Yala,Sabaragamuwa Province,Kandy Farm Supplies,NPK 12-12-17,Germany,"Horticulture, Fruit Crops",Broadcast,1.0,262.31,262.31,100,12.3,11.9,16.8,Magnesium: 18.0 g/100g | Boron: 1.14 %,3.2,Yes,Slight clumping observed
AGR-58553,LT24-1237A,2023-02-06,Maha,North Western Province,Anuradhapura Agro Mart,NPK 15-15-15,Sri Lanka,"General Crops, Horticulture",Broadcast / Foliar,2.0,284.83,569.66,100,15.4,14.84,14.9,Sulfur: 1.0 % | Boron: 24.5 g/100g,3.7,Yes,Imported directly
AGR-36490,LT24-5376A,2022-03-02,Maha,Uva Province,Abans Agri Supplies,Compost / Organic,Sri Lanka,"All Crops, Soil Health",Incorporation,1.0,25.0,25.0,100,1.0,0.94,1.3,Organic Carbon: 18.1 g/kg | Humus: 2.06 %,3.7,Yes,
AGR-34256,MF22-1478C,2022-04-19,Off-Season,North Western Province,Colombo Pesticide Warehouse,NPK 15-15-15,Sri Lanka,"General Crops, Horticulture",Broadcast / Foliar,1001.0,267.75,268017.75,100,14.9,14.7,14.3,Sulfur: 23.1 g/100g | Boron: 10.2 g/kg,2.6,Yes,
AGR-67778,BT24-1780C,2024-02-27,Maha,North Western Province,Browns Agricultural Products,NPK 12-12-17,Germany,"Horticulture, Fruit Crops",Broadcast,500.0,270.0,135000.0,100,12.4,11.49,16.59,Magnesium: 20.1 g/kg | Boron: 8.2 g/100g,4.4,Yes,Opened bag — partial quantity
AGR-65547,MF23-9356C,2022-09-17,Yala,Central Province,Colombo Pesticide Warehouse,MOP (Muriate of Potash),Canada,"Paddy, Banana, Tea",Top Dressing,200.0,220.56,44112.0,100,0.0,0.0,59.1,Chlorine: 1.58 %,2.0,Yes,Local production batch
AGR-39594,LT23-4598B,2022-07-28,Yala,Eastern Province,Eastern Agrochem Depot,Urea,Sri Lanka,"Paddy, Maize, Vegetables",Broadcast / Soil Incorporation,1001.5,112.93,113099.4,100,46.8,0.0,0.16,Not Detected,1.8,No,Imported directly
AGR-59624,AG24-3357,2022-03-08,Off-Season,Eastern Province,Eastern Agrochem Depot,Ammonium Sulfate (SOA),China,"Tea, Vegetables",Top Dressing,50.0,112.98,5649.0,100,21.0,0.0,0.0,Sulfur: 25.7 g/100g,4.0,No,Slight clumping observed
AGR-92290,MF23-7635A,2023-07-02,Off-Season,Eastern Province,Anuradhapura Agro Mart,Urea,Sri Lanka,"Paddy, Maize, Vegetables",Broadcast / Soil Incorporation,1.0,124.79,124.79,100,46.7,0.12,0.0,Not Detected,0.4,Yes,Expired stock — discounted
AGR-74408,LT24-2298A,2024-03-08,Yala,Western Province,Pettah Agro Traders,NPK 15-15-15,Sri Lanka,"General Crops, Horticulture",Broadcast / Foliar,2.0,230.6,461.2,100,15.3,15.6,15.5,Sulfur: 0.8 % | Boron: 2.76 %,2.2,Yes,
AGR-93110,MF22-2924B,2024-04-18,Yala,Central Province,Agromart Ltd,Urea,Sri Lanka,"Paddy, Maize, Vegetables",Broadcast / Soil Incorporation,25.0,124.28,3107.0,100,46.2,0.0,0.0,Not Detected,0.9,Yes,Sample from bulk storage
AGR-39301,CR23-3146A,2023-06-27,Yala,North Western Province,Galle Agrochemical Stores,NPK 12-12-17,Germany,"Horticulture, Fruit Crops",Broadcast,53.0,274.05,14524.65,100,11.4,11.5,16.5,Magnesium: 1.9 % | Boron: 13.8 g/100g,1.7,Yes,
AGR-83282,LT23-4736B,2024-08-25,Off-Season,Central Province,Jaffna Fertilizer Depot,MOP (Muriate of Potash),Canada,"Paddy, Banana, Tea",Top Dressing,5.0,218.24,1091.2,100,0.25,0.0,62.2,Chlorine: 20.7 g/100g,2.6,Yes,Expired stock — discounted
AGR-74191,CR23-6812C,2024-07-01,Maha,North Western Province,Eastern Agrochem Depot,MOP (Muriate of Potash),Canada,"Paddy, Banana, Tea",Top Dressing,1003.0,198.05,198644.15,100,0.07,0.0,59.3,Chlorine: 25.4 g/kg,0.5,Yes,Expired stock — discounted
AGR-24088,MF22-4329A,2022-07-16,Off-Season,Central Province,Agromart Ltd,TSP (Triple Super Phosphate),India,"Vegetables, Root Crops",Basal Application,201.0,185.0,37185.0,100,0.0,46.3,0.06,Calcium: 1.84 %,1.2,Yes,Slight clumping observed
AGR-45321,MF24-3570B,2022-02-07,Yala,Northern Province,Pettah Agro Traders,TSP (Triple Super Phosphate),India,"Vegetables, Root Crops",Basal Application,202.0,155.0,31310.0,100,0.0,46.2,0.0,Calcium: 1.22 %,2.7,Yes,Slight clumping observed
AGR-90597,BT23-4023C,2022-11-15,Maha,Sabaragamuwa Province,Anuradhapura Agro Mart,TSP (Triple Super Phosphate),India,"Vegetables, Root Crops",Basal Application,1000.0,185.0,185000.0,100,0.0,45.8,0.0,Calcium: 2.03 %,2.2,Yes,Local production batch
AGR-18375,MF23-7959A,2024-11-07,Off-Season,Western Province,Anuradhapura Agro Mart,MOP (Muriate of Potash),Canada,"Paddy, Banana, Tea",Top Dressing,1.0,162.35,162.35,100,0.0,0.0,62.2,Chlorine: 13.0 g/100g,0.7,Yes,Sample from bulk storage
AGR-48235,CR24-4682B,2024-12-03,Maha,Southern Province,Anuradhapura Agro Mart,Compost / Organic,Sri Lanka,"All Crops, Soil Health",Incorporation,51.0,19.84,1011.84,100,1.6,1.0,1.5,Organic Carbon: 1.42 % | Humus: 23.4 g/kg,1.5,No,Sample from bulk storage
AGR-26253,AG24-5166,2022-12-01,Off-Season,Northern Province,Kandy Farm Supplies,Ammonium Sulfate (SOA),China,"Tea, Vegetables",Top Dressing,2.0,115.0,230.0,100,21.0,0.21,0.13,Sulfur: 15.2 g/kg,3.5,Yes,
AGR-20267,AG23-8915B,2024-05-31,Maha,Central Province,Lankem Ceylon PLC,Urea,Sri Lanka,"Paddy, Maize, Vegetables",Broadcast / Soil Incorporation,502.0,120.0,60240.0,100,45.87,0.0,0.21,Not Detected,1.9,Yes,Imported directly
AGR-32852,AG22-5485A,2024-07-22,Maha,Western Province,Kandy Farm Supplies,Eppawala Rock Phosphate (ERP),Sri Lanka,"Tea, Rubber, Coconut",Basal Application,1000.5,55.0,55027.5,100,0.0,29.0,0.0,Calcium: 18.3 g/kg,2.0,Yes,
AGR-77433,BT23-8060C,2024-04-08,Off-Season,North Central Province,Matara Farm Solutions,NPK 15-15-15,Sri Lanka,"General Crops, Horticulture",Broadcast / Foliar,5.0,289.92,1449.6,100,14.7,15.1,14.7,Sulfur: 2.47 % | Boron: 13.0 g/100g,2.6,Yes,Slight clumping observed
AGR-83109,LT22-4161B,2022-08-20,Yala,Central Province,Colombo Pesticide Warehouse,Dolomite,Sri Lanka,"Tea, Vegetables, Acidic Soils",Soil Amendment,1.5,56.42,84.63,100,0.0,0.0,0.0,Calcium: 1.81 % | Magnesium: 0.91 %,3.4,Yes,
AGR-13719,AG23-5047B,2023-08-16,Off-Season,Central Province,Jaffna Fertilizer Depot,Compost / Organic,Sri Lanka,"All Crops, Soil Health",Incorporation,25.0,34.74,868.5,100,1.4,0.87,1.0,Organic Carbon: 1.31 % | Humus: 21.8 g/kg,4.1,Yes,Sample from bulk storage
AGR-40709,CR24-1999A,2023-04-19,Maha,North Western Province,Pettah Agro Traders,Dolomite,Sri Lanka,"Tea, Vegetables, Acidic Soils",Soil Amendment,199.0,75.0,14925.0,100,0.0,0.01,0.0,Calcium: 22.1 g/kg | Magnesium: 1.87 %,4.0,Yes,
AGR-89576,AG23-1270A,2024-07-08,Yala,North Central Province,Agromart Ltd,Dolomite,Sri Lanka,"Tea, Vegetables, Acidic Soils",Soil Amendment,500.0,60.7,30350.0,100,0.0,0.06,0.08,Calcium: 26.3 g/100g | Magnesium: 12.1 g/100g,0.7,Yes,Slight clumping observed
AGR-35212,MF23-1632A,2022-07-23,Off-Season,Uva Province,Eastern Agrochem Depot,Eppawala Rock Phosphate (ERP),Sri Lanka,"Tea, Rubber, Coconut",Basal Application,200.0,30.88,6176.0,100,0.25,28.0,0.0,Calcium: 15.8 g/kg,3.5,Yes,
AGR-40124,LT22-6953,2024-12-10,Yala,Southern Province,Agromart Ltd,Compost / Organic,Sri Lanka,"All Crops, Soil Health",Incorporation,200.0,18.96,3792.0,100,1.5,1.1,1.3,Organic Carbon: 9.9 g/100g | Humus: 1.0 %,2.5,No,Retest recommended
AGR-44371,LT23-2387B,2024-02-08,Maha,North Central Province,Abans Agri Supplies,NPK 12-12-17,Germany,"Horticulture, Fruit Crops",Broadcast,1.0,312.36,312.36,100,12.4,11.4,16.5,Magnesium: 0.97 % | Boron: 18.7 g/100g,1.7,Yes,Imported directly
AGR-67511,CR24-9476,2022-07-24,Maha,Sabaragamuwa Province,Eastern Agrochem Depot,Dolomite,Sri Lanka,"Tea, Vegetables, Acidic Soils",Soil Amendment,200.0,62.74,12548.0,100,0.0,0.0,0.21,Calcium: 0.65 % | Magnesium: 7.0 g/100g,1.4,No,
AGR-55900,MF24-1568,2023-06-14,Maha,North Western Province,Agromart Ltd,Eppawala Rock Phosphate (ERP),Sri Lanka,"Tea, Rubber, Coconut",Basal Application,1.0,34.9,34.9,100,0.0,27.0,0.0,Calcium: 1.01 %,2.0,Yes,Imported directly
AGR-42644,MF24-8295A,2023-07-13,Off-Season,North Western Province,Jaffna Fertilizer Depot,NPK 15-15-15,Sri Lanka,"General Crops, Horticulture",Broadcast / Foliar,10.0,260.62,2606.2,100,15.5,14.4,14.3,Sulfur: 25.0 g/100g | Boron: 1.16 %,1.8,Yes,
AGR-87948,AG24-2363B,2023-04-16,Maha,Western Province,Matara Farm Solutions,TSP (Triple Super Phosphate),India,"Vegetables, Root Crops",Basal Application,4.0,145.0,580.0,100,0.0,45.5,0.0,Calcium: 1.58 %,3.7,Yes,
AGR-24418,LT24-6346,2022-04-25,Off-Season,North Western Province,Kandy Farm Supplies,Ammonium Sulfate (SOA),China,"Tea, Vegetables",Top Dressing,10.0,115.0,1150.0,100,21.3,0.0,0.0,Sulfur: 16.0 g/kg,2.0,No,Imported directly
AGR-86127,CR24-2597A,2024-04-23,Maha,Northern Province,Kandy Farm Supplies,MOP (Muriate of Potash),Canada,"Paddy, Banana, Tea",Top Dressing,50.0,205.85,10292.5,100,0.0,0.0,58.6,Chlorine: 13.8 g/100g,1.4,Yes,Expired stock — discounted
AGR-49217,AG22-9491C,2023-10-18,Yala,Southern Province,Colombo Pesticide Warehouse,Compost / Organic,Sri Lanka,"All Crops, Soil Health",Incorporation,200.0,20.0,4000.0,100,1.45,1.0,1.3,Organic Carbon: 1.1 % | Humus: 1.35 %,4.0,Yes,
AGR-94857,CR24-2800,2024-10-14,Yala,Western Province,Pettah Agro Traders,TSP (Triple Super Phosphate),India,"Vegetables, Root Crops",Basal Application,2.0,181.74,363.48,100,0.09,46.8,0.0,Calcium: 1.91 %,1.2,No,
AGR-18194,BT22-4140A,2023-12-11,Maha,Western Province,Pettah Agro Traders,Urea,Sri Lanka,"Paddy, Maize, Vegetables",Broadcast / Soil Incorporation,27.0,117.92,3183.84,100,45.4,0.0,0.1,Not Detected,1.2,Yes,Local production batch
AGR-43053,CR23-8858B,2022-11-19,Maha,Eastern Province,Agromart Ltd,Eppawala Rock Phosphate (ERP),Sri Lanka,"Tea, Rubber, Coconut",Basal Application,200.0,52.89,10578.0,100,0.22,28.4,0.0,Calcium: 2.55 %,1.2,Yes,Imported directly
AGR-89891,MF24-3599C,2023-01-25,Yala,Eastern Province,CIC Agri Businesses,Ammonium Sulfate (SOA),China,"Tea, Vegetables",Top Dressing,999.0,145.76,145614.24,100,20.3,0.0,0.0,Sulfur: 25.9 g/100g,1.0,Yes,
AGR-22767,MF23-4905,2022-01-20,Yala,Western Province,Galle Agrochemical Stores,Urea,Sri Lanka,"Paddy, Maize, Vegetables",Broadcast / Soil Incorporation,50.5,100.0,5050.0,100,46.71,0.0,0.16,Not Detected,0.6,Yes,
AGR-22172,CR23-3082C,2024-08-30,Off-Season,North Western Province,Browns Agricultural Products,MOP (Muriate of Potash),Canada,"Paddy, Banana, Tea",Top Dressing,500.5,210.0,105105.0,100,0.08,0.0,62.4,Chlorine: 23.1 g/kg,2.2,Yes,Opened bag — partial quantity
AGR-48436,CR24-1546A,2023-11-12,Maha,Eastern Province,Lankem Ceylon PLC,Dolomite,Sri Lanka,"Tea, Vegetables, Acidic Soils",Soil Amendment,1000.0,53.96,53960.0,100,0.0,0.0,0.0,Calcium: 7.0 g/100g | Magnesium: 1.23 %,1.4,Yes,
AGR-13653,MF22-2110A,2023-03-08,Yala,Western Province,Lankem Ceylon PLC,Eppawala Rock Phosphate (ERP),Sri Lanka,"Tea, Rubber, Coconut",Basal Application,5.0,56.23,281.15,100,0.0,28.2,0.0,Calcium: 0.63 %,1.3,Yes,
AGR-16564,LT24-1685C,2024-02-25,Yala,Central Province,CIC Agri Businesses,Urea,Sri Lanka,"Paddy, Maize, Vegetables",Broadcast / Soil Incorporation,5.0,127.86,639.3,100,46.9,0.13,0.0,Not Detected,3.9,No,Sample from bulk storage
AGR-15586,CR24-9259C,2023-08-26,Maha,Eastern Province,Kurunegala Agri Centre,Eppawala Rock Phosphate (ERP),Sri Lanka,"Tea, Rubber, Coconut",Basal Application,1001.5,54.49,54571.74,100,0.0,28.6,0.0,Calcium: 1.77 %,1.9,Yes,
AGR-10448,BT23-6200,2022-01-09,Off-Season,Western Province,Hayleys Agriculture Holdings,Urea,Sri Lanka,"Paddy, Maize, Vegetables",Broadcast / Soil Incorporation,25.0,104.12,2603.0,100,45.6,0.0,0.16,Not Detected,3.4,Yes,
AGR-54464,AG24-7094B,2024-04-17,Yala,Southern Province,Anuradhapura Agro Mart,Urea,Sri Lanka,"Paddy, Maize, Vegetables",Broadcast / Soil Incorporation,500.0,105.54,52770.0,100,46.7,0.0,0.0,Not Detected,1.8,Yes,Retest recommended
AGR-41936,LT22-1608B,2024-12-31,Off-Season,Central Province,Hayleys Agriculture Holdings,Ammonium Sulfate (SOA),China,"Tea, Vegetables",Top Dressing,200.0,137.18,27436.0,100,20.4,0.0,0.0,Sulfur: 12.6 g/kg,2.4,No,Sample from bulk storage
AGR-39868,MF23-6535,2023-05-26,Off-Season,Southern Province,Lankem Ceylon PLC,Compost / Organic,Sri Lanka,"All Crops, Soil Health",Incorporation,5.0,25.0,125.0,100,1.3,1.1,1.5,Organic Carbon: 1.58 % | Humus: 22.4 g/kg,3.5,Yes,Local production batch
AGR-86927,CR23-4118A,2024-11-20,Yala,Southern Province,Agromart Ltd,Eppawala Rock Phosphate (ERP),Sri Lanka,"Tea, Rubber, Coconut",Basal Application,500.5,45.0,22522.5,100,0.0,27.66,0.23,Calcium: 16.0 g/kg,1.2,No,
AGR-99982,AG24-3434B,2023-06-10,Yala,Southern Province,Abans Agri Supplies,TSP (Triple Super Phosphate),India,"Vegetables, Root Crops",Basal Application,500.0,180.0,90000.0,100,0.0,45.2,0.0,Calcium: 1.39 %,2.5,Yes,
AGR-61873,LT23-1760C,2022-12-21,Yala,North Central Province,Galle Agrochemical Stores,MOP (Muriate of Potash),Canada,"Paddy, Banana, Tea",Top Dressing,23.0,162.61,3740.03,100,0.0,0.03,62.2,Chlorine: 17.1 g/100g,2.0,No,Slight clumping observed
AGR-25453,BT24-5312,2022-06-07,Yala,Western Province,Kurunegala Agri Centre,NPK 12-12-17,Germany,"Horticulture, Fruit Crops",Broadcast,4.0,278.03,1112.12,100,12.15,11.9,16.8,Magnesium: 0.78 % | Boron: 10.5 g/100g,0.8,Yes,Slight clumping observed
AGR-15690,LT24-6872,2024-03-23,Off-Season,Northern Province,Eastern Agrochem Depot,NPK 12-12-17,Germany,"Horticulture, Fruit Crops",Broadcast,5.0,290.0,1450.0,100,12.0,11.8,17.2,Magnesium: 9.4 g/100g | Boron: 21.6 g/100g,4.2,Yes,Retest recommended
AGR-24074,CR23-7925C,2024-11-15,Off-Season,Sabaragamuwa Province,Jaffna Fertilizer Depot,Ammonium Sulfate (SOA),China,"Tea, Vegetables",Top Dressing,100.0,130.01,13001.0,100,20.8,0.04,0.0,Sulfur: 21.1 g/100g,4.4,Yes,
AGR-96167,BT22-3231,2022-03-11,Yala,North Western Province,Hayleys Agriculture Holdings,TSP (Triple Super Phosphate),India,"Vegetables, Root Crops",Basal Application,4.0,190.0,760.0,100,0.0,45.6,0.03,Calcium: 1.42 %,2.0,Yes,
AGR-76120,BT23-3316C,2022-08-18,Maha,Northern Province,Matara Farm Solutions,NPK 15-15-15,Sri Lanka,"General Crops, Horticulture",Broadcast / Foliar,200.0,265.13,53026.0,100,15.21,14.5,14.9,Sulfur: 20.2 g/kg | Boron: 19.9 g/100g,1.8,No,Retest recommended
AGR-32662,AG23-6027,2022-10-11,Maha,Western Province,Pettah Agro Traders,Dolomite,Sri Lanka,"Tea, Vegetables, Acidic Soils",Soil Amendment,100.0,49.29,4929.0,100,0.0,0.0,0.0,Calcium: 27.5 g/100g | Magnesium: 17.2 g/100g,3.3,No,Imported directly
AGR-14297,BT23-7850C,2022-05-01,Maha,Sabaragamuwa Province,Kurunegala Agri Centre,NPK 12-12-17,Germany,"Horticulture, Fruit Crops",Broadcast,1000.0,268.06,268060.0,100,11.5,12.0,16.67,Magnesium: 9.8 g/kg | Boron: 2.47 %,2.8,Yes,Imported directly
AGR-87783,MF23-2040B,2024-01-23,Maha,Northern Province,Eastern Agrochem Depot,NPK 12-12-17,Germany,"Horticulture, Fruit Crops",Broadcast,500.0,295.0,147500.0,100,11.6,12.0,17.5,Magnesium: 25.0 g/100g | Boron: 19.5 g/kg,0.7,Yes,Local production batch
AGR-69409,AG24-7824,2023-02-07,Yala,Sabaragamuwa Province,Abans Agri Supplies,TSP (Triple Super Phosphate),India,"Vegetables, Root Crops",Basal Application,50.5,146.36,7391.18,100,0.0,45.4,0.02,Calcium: 2.19 %,3.6,No,Expired stock — discounted
AGR-14405,AG24-6614C,2023-11-02,Maha,Western Province,Galle Agrochemical Stores,NPK 15-15-15,Sri Lanka,"General Crops, Horticulture",Broadcast / Foliar,10.0,228.99,2289.9,100,14.4,14.5,15.5,Sulfur: 0.83 % | Boron: 8.9 g/kg,0.4,Yes,
AGR-35143,LT23-5134,2024-09-12,Maha,Uva Province,Galle Agrochemical Stores,Ammonium Sulfate (SOA),China,"Tea, Vegetables",Top Dressing,25.0,120.0,3000.0,100,20.6,0.0,0.22,Sulfur: 27.5 g/kg,3.0,Yes,Expired stock — discounted
AGR-78126,BT23-8381B,2023-03-22,Yala,Uva Province,Kurunegala Agri Centre,Eppawala Rock Phosphate (ERP),Sri Lanka,"Tea, Rubber, Coconut",Basal Application,100.0,52.27,5227.0,100,0.0,28.8,0.11,Calcium: 2.49 %,3.5,Yes,
AGR-72866,AG23-7693A,2024-02-21,Off-Season,North Western Province,Agromart Ltd,NPK 12-12-17,Germany,"Horticulture, Fruit Crops",Broadcast,5.0,279.45,1397.25,100,11.8,12.4,16.8,Magnesium: 1.09 % | Boron: 10.9 g/kg,3.7,Yes,Expired stock — discounted
AGR-28416,BT24-6191C,2024-04-17,Yala,North Western Province,Kandy Farm Supplies,Compost / Organic,Sri Lanka,"All Crops, Soil Health",Incorporation,500.0,24.07,12035.0,100,1.4,0.9,1.3,Organic Carbon: 1.22 % | Humus: 23.2 g/100g,3.7,Yes,
AGR-63143,AG24-3568A,2022-08-12,Off-Season,Northern Province,CIC Agri Businesses,Ammonium Sulfate (SOA),China,"Tea, Vegetables",Top Dressing,50.0,133.7,6685.0,100,20.0,0.0,0.0,Sulfur: 13.5 g/100g,1.7,Yes,Imported directly
AGR-99851,LT22-8413,2022-04-15,Off-Season,Southern Province,Abans Agri Supplies,MOP (Muriate of Potash),Canada,"Paddy, Banana, Tea",Top Dressing,502.0,180.0,90360.0,100,0.0,0.0,59.8,Chlorine: 1.36 %,2.1,Yes,Local production batch
AGR-59368,BT24-1244A,2022-07-09,Yala,Western Province,Galle Agrochemical Stores,Urea,Sri Lanka,"Paddy, Maize, Vegetables",Broadcast / Soil Incorporation,202.0,120.0,24240.0,100,46.8,0.24,0.0,Not Detected,0.7,Yes,Expired stock — discounted
AGR-24960,BT23-8795C,2022-07-18,Maha,Southern Province,Colombo Pesticide Warehouse,Compost / Organic,Sri Lanka,"All Crops, Soil Health",Incorporation,25.0,20.18,504.5,100,1.3,1.0,1.47,Organic Carbon: 11.6 g/100g | Humus: 13.1 g/kg,3.0,No,Imported directly
AGR-24916,AG24-5137A,2024-11-20,Maha,Eastern Province,Hayleys Agriculture Holdings,Ammonium Sulfate (SOA),China,"Tea, Vegetables",Top Dressing,50.0,127.26,6363.0,100,21.5,0.0,0.08,Sulfur: 16.2 g/100g,4.0,Yes,
AGR-98293,BT24-1563,2023-11-13,Off-Season,Western Province,CIC Agri Businesses,NPK 15-15-15,Sri Lanka,"General Crops, Horticulture",Broadcast / Foliar,25.0,275.0,6875.0,100,15.2,14.8,14.4,Sulfur: 21.6 g/kg | Boron: 22.3 g/100g,3.3,Yes,
AGR-38728,BT22-1266C,2022-04-30,Yala,Western Province,Lankem Ceylon PLC,NPK 15-15-15,Sri Lanka,"General Crops, Horticulture",Broadcast / Foliar,200.0,226.57,45314.0,100,14.6,14.7,15.3,Sulfur: 24.2 g/100g | Boron: 17.7 g/kg,2.0,Yes,Slight clumping observed
AGR-76241,CR23-8911A,2023-07-16,Off-Season,Southern Province,Colombo Pesticide Warehouse,Eppawala Rock Phosphate (ERP),Sri Lanka,"Tea, Rubber, Coconut",Basal Application,1.0,50.77,50.77,100,0.0,29.1,0.0,Calcium: 0.82 %,1.7,No,
AGR-64972,AG23-5081C,2023-07-02,Yala,Eastern Province,Galle Agrochemical Stores,Urea,Sri Lanka,"Paddy, Maize, Vegetables",Broadcast / Soil Incorporation,49.0,108.17,5300.33,100,46.2,0.0,0.13,Not Detected,0.7,Yes,Retest recommended
AGR-12678,BT24-2353A,2022-05-11,Maha,Sabaragamuwa Province,Kurunegala Agri Centre,MOP (Muriate of Potash),Canada,"Paddy, Banana, Tea",Top Dressing,5.0,200.0,1000.0,100,0.15,0.0,59.2,Chlorine: 1.09 %,3.9,Yes,Slight clumping observed
AGR-25184,AG22-6247A,2023-06-30,Yala,Sabaragamuwa Province,Pettah Agro Traders,Eppawala Rock Phosphate (ERP),Sri Lanka,"Tea, Rubber, Coconut",Basal Application,998.0,50.0,49900.0,100,0.0,27.29,0.12,Calcium: 8.1 g/kg,4.4,No,Slight clumping observed
AGR-24195,BT24-9210A,2024-07-06,Yala,Eastern Province,Pettah Agro Traders,NPK 12-12-17,Germany,"Horticulture, Fruit Crops",Broadcast,1.0,301.58,301.58,100,11.6,11.99,17.1,Magnesium: 12.4 g/kg | Boron: 24.9 g/kg,3.7,Yes,Local production batch
AGR-38281,BT24-5605B,2022-02-17,Maha,North Western Province,Lankem Ceylon PLC,NPK 15-15-15,Sri Lanka,"General Crops, Horticulture",Broadcast / Foliar,1001.0,226.82,227046.82,100,15.4,15.3,14.91,Sulfur: 18.2 g/kg | Boron: 8.2 g/100g,1.3,Yes,
AGR-15739,MF22-4185C,2024-06-03,Yala,Central Province,Pettah Agro Traders,Compost / Organic,Sri Lanka,"All Crops, Soil Health",Incorporation,5.0,29.4,147.0,100,1.5,0.88,1.3,Organic Carbon: 6.1 g/100g | Humus: 26.4 g/kg,1.4,No,Retest recommended
AGR-93664,LT23-8639,2023-10-29,Yala,North Western Province,Hayleys Agriculture Holdings,Ammonium Sulfate (SOA),China,"Tea, Vegetables",Top Dressing,500.0,121.2,60600.0,100,20.4,0.0,0.0,Sulfur: 20.2 g/100g,2.3,No,Imported directly
AGR-20350,LT22-4896C,2024-03-31,Off-Season,Western Province,Kandy Farm Supplies,TSP (Triple Super Phosphate),India,"Vegetables, Root Crops",Basal Application,5.0,157.89,789.45,100,0.22,46.2,0.16,Calcium: 1.83 %,4.4,Yes,
AGR-94666,LT22-7978B,2023-12-14,Yala,North Central Province,Colombo Pesticide Warehouse,NPK 12-12-17,Germany,"Horticulture, Fruit Crops",Broadcast,1.0,313.52,313.52,100,12.1,11.9,16.3,Magnesium: 10.6 g/100g | Boron: 1.97 %,4.2,No,Opened bag — partial quantity
AGR-82188,AG22-7840,2022-12-03,Maha,Central Province,CIC Agri Businesses,Ammonium Sulfate (SOA),China,"Tea, Vegetables",Top Dressing,2.0,112.81,225.62,100,20.2,0.0,0.18,Sulfur: 11.9 g/100g,3.1,No,
AGR-62969,CR24-8243A,2024-12-23,Maha,Central Province,Jaffna Fertilizer Depot,MOP (Muriate of Potash),Canada,"Paddy, Banana, Tea",Top Dressing,53.0,197.45,10464.85,100,0.07,0.0,61.2,Chlorine: 24.8 g/100g,1.7,Yes,
AGR-77698,BT23-5171B,2022-08-19,Yala,Uva Province,Matara Farm Solutions,NPK 12-12-17,Germany,"Horticulture, Fruit Crops",Broadcast,10.0,260.0,2600.0,100,12.1,12.1,17.4,Magnesium: 17.1 g/100g | Boron: 2.38 %,0.6,Yes,
AGR-46879,BT24-3132C,2024-06-30,Yala,North Western Province,Pettah Agro Traders,Ammonium Sulfate (SOA),China,"Tea, Vegetables",Top Dressing,10.0,125.0,1250.0,100,20.6,0.0,0.04,Sulfur: 11.0 g/100g,1.8,Yes,Sample from bulk storage
AGR-54003,BT24-5736B,2023-07-17,Off-Season,Eastern Province,Kandy Farm Supplies,NPK 12-12-17,Germany,"Horticulture, Fruit Crops",Broadcast,100.0,300.0,30000.0,100,12.1,11.9,16.9,Magnesium: 13.9 g/kg | Boron: 16.8 g/kg,2.6,No,Imported directly
AGR-10741,AG23-2708A,2024-10-23,Yala,Uva Province,Hayleys Agriculture Holdings,Ammonium Sulfate (SOA),China,"Tea, Vegetables",Top Dressing,500.0,138.31,69155.0,100,20.4,0.06,0.0,Sulfur: 25.9 g/100g,2.7,No,
AGR-12842,LT23-2386B,2023-09-17,Maha,Sabaragamuwa Province,Lankem Ceylon PLC,Ammonium Sulfate (SOA),China,"Tea, Vegetables",Top Dressing,25.0,145.0,3625.0,100,20.9,0.0,0.0,Sulfur: 25.8 g/100g,3.9,Yes,
AGR-69330,LT22-3748B,2023-01-04,Yala,Southern Province,Hayleys Agriculture Holdings,TSP (Triple Super Phosphate),India,"Vegetables, Root Crops",Basal Application,11.0,197.97,2177.67,100,0.0,45.6,0.0,Calcium: 1.04 %,1.2,No,Imported directly
AGR-44058,LT23-2996C,2022-12-19,Yala,Western Province,Browns Agricultural Products,Compost / Organic,Sri Lanka,"All Crops, Soil Health",Incorporation,200.0,18.66,3732.0,100,1.4,0.9,1.44,Organic Carbon: 27.7 g/kg | Humus: 14.4 g/kg,1.9,Yes,
AGR-86084,BT24-1956A,2023-10-03,Maha,Sabaragamuwa Province,Eastern Agrochem Depot,NPK 12-12-17,Germany,"Horticulture, Fruit Crops",Broadcast,98.0,288.32,28255.36,100,12.34,12.4,16.89,Magnesium: 19.1 g/100g | Boron: 15.1 g/100g,4.0,Yes,Imported directly
AGR-50815,LT23-4652C,2022-09-07,Yala,Northern Province,Jaffna Fertilizer Depot,NPK 12-12-17,Germany,"Horticulture, Fruit Crops",Broadcast,25.5,289.97,7394.24,100,12.0,12.2,17.3,Magnesium: 25.4 g/kg | Boron: 6.4 g/100g,3.9,No,Opened bag — partial quantity
AGR-65954,CR23-3366C,2023-08-26,Maha,Uva Province,Lankem Ceylon PLC,Ammonium Sulfate (SOA),China,"Tea, Vegetables",Top Dressing,2.5,145.0,362.5,100,21.16,0.0,0.07,Sulfur: 2.1 %,3.8,Yes,Slight clumping observed
AGR-12735,LT24-7203C,2022-07-28,Maha,North Central Province,Eastern Agrochem Depot,NPK 12-12-17,Germany,"Horticulture, Fruit Crops",Broadcast,1000.0,315.0,315000.0,100,12.1,11.7,17.5,Magnesium: 2.6 % | Boron: 17.5 g/kg,3.5,Yes,Local production batch
AGR-61960,BT23-2422B,2022-03-22,Off-Season,Northern Province,Matara Farm Solutions,TSP (Triple Super Phosphate),India,"Vegetables, Root Crops",Basal Application,5.0,162.7,813.5,100,0.0,46.0,0.0,Calcium: 26.8 g/kg,3.3,Yes,
AGR-88603,CR22-5359A,2024-07-21,Off-Season,Uva Province,Hayleys Agriculture Holdings,Compost / Organic,Sri Lanka,"All Crops, Soil Health",Incorporation,50.0,24.73,1236.5,100,1.6,1.0,1.4,Organic Carbon: 0.7 % | Humus: 1.64 %,1.2,Yes,Opened bag — partial quantity
AGR-37632,CR22-3312,2024-10-25,Off-Season,Uva Province,Hayleys Agriculture Holdings,NPK 12-12-17,Germany,"Horticulture, Fruit Crops",Broadcast,3.0,260.0,780.0,100,12.5,12.0,16.2,Magnesium: 21.6 g/kg | Boron: 12.6 g/100g,1.4,No,
AGR-41374,MF22-8567A,2023-10-12,Off-Season,Western Province,Pettah Agro Traders,NPK 15-15-15,Sri Lanka,"General Crops, Horticulture",Broadcast / Foliar,1002.0,245.0,245490.0,100,14.4,14.9,15.1,Sulfur: 26.5 g/kg | Boron: 7.5 g/kg,1.0,Yes,Sample from bulk storage
AGR-99912,BT24-3304C,2024-12-20,Yala,Eastern Province,Abans Agri Supplies,NPK 12-12-17,Germany,"Horticulture, Fruit Crops",Broadcast,200.0,302.24,60448.0,100,11.7,11.5,16.8,Magnesium: 15.6 g/kg | Boron: 7.2 g/kg,4.0,Yes,
AGR-99175,CR24-5982C,2023-03-17,Off-Season,Eastern Province,Kandy Farm Supplies,Compost / Organic,Sri Lanka,"All Crops, Soil Health",Incorporation,52.0,30.0,1560.0,100,1.6,1.08,1.5,Organic Carbon: 7.4 g/100g | Humus: 16.0 g/100g,1.9,No,Local production batch
AGR-20101,CR23-9360C,2022-02-07,Off-Season,Northern Province,CIC Agri Businesses,MOP (Muriate of Potash),Canada,"Paddy, Banana, Tea",Top Dressing,1.0,178.81,178.81,100,0.1,0.0,59.1,Chlorine: 14.7 g/100g,2.0,Yes,
AGR-45253,CR23-4120A,2023-07-26,Maha,Eastern Province,Pettah Agro Traders,NPK 15-15-15,Sri Lanka,"General Crops, Horticulture",Broadcast / Foliar,203.0,252.46,51249.38,100,15.4,15.58,15.0,Sulfur: 6.9 g/kg | Boron: 2.6 %,0.9,No,Retest recommended
AGR-30778,CR24-1384,2022-12-23,Off-Season,North Western Province,Matara Farm Solutions,NPK 12-12-17,Germany,"Horticulture, Fruit Crops",Broadcast,1000.0,254.18,254180.0,100,11.65,12.4,17.66,Magnesium: 1.45 % | Boron: 2.72 %,2.4,Yes,
AGR-79330,AG23-3905,2024-01-25,Maha,Sabaragamuwa Province,CIC Agri Businesses,Eppawala Rock Phosphate (ERP),Sri Lanka,"Tea, Rubber, Coconut",Basal Application,50.0,60.0,3000.0,100,0.0,28.87,0.0,Calcium: 2.54 %,3.3,Yes,Retest recommended
AGR-79808,AG23-4998,2024-02-06,Yala,Southern Province,Browns Agricultural Products,Eppawala Rock Phosphate (ERP),Sri Lanka,"Tea, Rubber, Coconut",Basal Application,5.0,35.17,175.85,100,0.0,28.8,0.0,Calcium: 9.4 g/kg,3.0,No,Opened bag — partial quantity
AGR-38432,LT22-3777C,2024-03-28,Maha,Northern Province,Jaffna Fertilizer Depot,NPK 12-12-17,Germany,"Horticulture, Fruit Crops",Broadcast,25.0,270.05,6751.25,100,11.6,12.2,17.2,Magnesium: 10.8 g/kg | Boron: 17.8 g/kg,1.5,Yes,Retest recommended
AGR-65968,BT24-9014,2023-03-01,Off-Season,Southern Province,Agromart Ltd,Dolomite,Sri Lanka,"Tea, Vegetables, Acidic Soils",Soil Amendment,100.0,75.0,7500.0,100,0.0,0.16,0.0,Calcium: 12.1 g/kg | Magnesium: 19.3 g/100g,1.9,Yes,Slight clumping observed
AGR-85745,AG23-8156C,2023-04-19,Maha,Central Province,Agromart Ltd,NPK 12-12-17,Germany,"Horticulture, Fruit Crops",Broadcast,10.0,250.25,2502.5,100,11.9,12.0,17.39,Magnesium: 27.5 g/kg | Boron: 24.4 g/kg,3.0,Yes,Imported directly
AGR-21002,CR24-6624A,2022-03-12,Off-Season,Southern Province,Jaffna Fertilizer Depot,NPK 15-15-15,Sri Lanka,"General Crops, Horticulture",Broadcast / Foliar,3.0,240.56,721.68,100,14.8,14.9,14.8,Sulfur: 8.3 g/kg | Boron: 0.79 %,3.8,No,
AGR-91389,AG24-3667B,2023-06-08,Off-Season,Sabaragamuwa Province,Matara Farm Solutions,Urea,Sri Lanka,"Paddy, Maize, Vegetables",Broadcast / Soil Incorporation,1.0,105.0,105.0,100,46.5,0.05,0.16,Not Detected,1.2,Yes,Sample from bulk storage
AGR-19015,BT23-6447,2022-02-12,Maha,Uva Province,Lankem Ceylon PLC,NPK 15-15-15,Sri Lanka,"General Crops, Horticulture",Broadcast / Foliar,5.0,281.76,1408.8,100,15.25,14.3,14.8,Sulfur: 13.1 g/kg | Boron: 14.6 g/kg,3.0,Yes,
AGR-82686,BT23-4184,2023-09-05,Yala,Uva Province,Anuradhapura Agro Mart,NPK 12-12-17,Germany,"Horticulture, Fruit Crops",Broadcast,500.0,303.35,151675.0,100,11.6,12.0,16.4,Magnesium: 1.62 % | Boron: 15.8 g/kg,2.9,No,
AGR-24728,CR23-3421A,2024-06-25,Yala,North Central Province,Anuradhapura Agro Mart,NPK 12-12-17,Germany,"Horticulture, Fruit Crops",Broadcast,1003.0,286.52,287379.56,100,12.09,12.4,17.0,Magnesium: 21.8 g/kg | Boron: 16.5 g/kg,3.0,No,Opened bag — partial quantity
AGR-16281,MF24-1724C,2023-11-02,Yala,North Central Province,CIC Agri Businesses,Dolomite,Sri Lanka,"Tea, Vegetables, Acidic Soils",Soil Amendment,52.0,68.14,3543.28,100,0.0,0.0,0.12,Calcium: 17.5 g/100g | Magnesium: 1.47 %,0.6,Yes,
AGR-42269,BT24-7430,2022-06-18,Off-Season,Eastern Province,CIC Agri Businesses,TSP (Triple Super Phosphate),India,"Vegetables, Root Crops",Basal Application,5.0,155.0,775.0,100,0.0,45.8,0.18,Calcium: 11.0 g/100g,3.3,Yes,Sample from bulk storage
AGR-54261,CR23-1652C,2022-07-03,Off-Season,North Central Province,Kurunegala Agri Centre,NPK 12-12-17,Germany,"Horticulture, Fruit Crops",Broadcast,1.0,270.0,270.0,100,12.0,11.6,16.22,Magnesium: 1.59 % | Boron: 0.92 %,4.5,No,
AGR-45369,AG22-7757B,2024-01-12,Maha,North Western Province,Galle Agrochemical Stores,NPK 15-15-15,Sri Lanka,"General Crops, Horticulture",Broadcast / Foliar,999.0,269.25,268980.75,100,15.4,14.5,15.51,Sulfur: 7.5 g/kg | Boron: 16.3 g/kg,1.3,Yes,Sample from bulk storage
AGR-84963,AG24-8836C,2023-05-17,Yala,Northern Province,Colombo Pesticide Warehouse,Eppawala Rock Phosphate (ERP),Sri Lanka,"Tea, Rubber, Coconut",Basal Application,1.0,50.0,50.0,100,0.16,28.0,0.11,Calcium: 23.6 g/kg,2.0,No,Local production batch
AGR-93832,LT23-2354,2022-11-28,Yala,North Central Province,Jaffna Fertilizer Depot,Ammonium Sulfate (SOA),China,"Tea, Vegetables",Top Dressing,1000.5,135.0,135067.5,100,20.9,0.1,0.0,Sulfur: 1.15 %,4.0,Yes,Sample from bulk storage
AGR-31056,BT22-8034C,2023-02-04,Maha,Northern Province,Matara Farm Solutions,MOP (Muriate of Potash),Canada,"Paddy, Banana, Tea",Top Dressing,1.0,172.91,172.91,100,0.0,0.12,61.4,Chlorine: 2.55 %,1.1,Yes,
AGR-29642,BT24-2441,2024-03-01,Off-Season,Northern Province,Pettah Agro Traders,Ammonium Sulfate (SOA),China,"Tea, Vegetables",Top Dressing,51.0,135.0,6885.0,100,20.99,0.02,0.2,Sulfur: 24.7 g/100g,0.8,No,Expired stock — discounted
AGR-87368,LT24-2957,2022-06-14,Off-Season,North Central Province,Matara Farm Solutions,Dolomite,Sri Lanka,"Tea, Vegetables, Acidic Soils",Soil Amendment,51.0,70.43,3591.93,100,0.03,0.0,0.0,Calcium: 23.7 g/100g | Magnesium: 0.97 %,2.8,Yes,Local production batch
AGR-70527,AG24-4008C,2022-03-07,Off-Season,North Central Province,Jaffna Fertilizer Depot,NPK 12-12-17,Germany,"Horticulture, Fruit Crops",Broadcast,1.0,270.0,270.0,100,11.9,12.0,17.14,Magnesium: 8.6 g/100g | Boron: 10.9 g/kg,1.8,No,Local production batch
AGR-35883,AG22-4303,2022-01-19,Yala,Northern Province,Pettah Agro Traders,Dolomite,Sri Lanka,"Tea, Vegetables, Acidic Soils",Soil Amendment,48.0,50.0,2400.0,100,0.0,0.0,0.0,Calcium: 15.2 g/100g | Magnesium: 19.8 g/kg,0.9,Yes,
AGR-54966,MF22-6367A,2022-05-28,Yala,Southern Province,Pettah Agro Traders,TSP (Triple Super Phosphate),India,"Vegetables, Root Crops",Basal Application,498.0,180.0,89640.0,100,0.0,45.8,0.0,Calcium: 6.7 g/kg,0.7,Yes,Opened bag — partial quantity
AGR-69380,CR24-4782C,2023-02-01,Off-Season,Southern Province,Eastern Agrochem Depot,Eppawala Rock Phosphate (ERP),Sri Lanka,"Tea, Rubber, Coconut",Basal Application,2.5,35.0,87.5,100,0.0,27.5,0.0,Calcium: 23.7 g/kg,1.6,Yes,
AGR-15143,AG24-3103,2022-12-08,Maha,Western Province,Galle Agrochemical Stores,Eppawala Rock Phosphate (ERP),Sri Lanka,"Tea, Rubber, Coconut",Basal Application,10.0,55.0,550.0,100,0.0,28.21,0.0,Calcium: 23.1 g/100g,1.9,Yes,Slight clumping observed
AGR-61004,MF24-9177,2023-10-03,Off-Season,Northern Province,Galle Agrochemical Stores,TSP (Triple Super Phosphate),India,"Vegetables, Root Crops",Basal Application,2.0,175.87,351.74,100,0.0,45.73,0.0,Calcium: 2.62 %,1.8,Yes,
AGR-28273,LT23-8012B,2023-11-01,Maha,Eastern Province,CIC Agri Businesses,Urea,Sri Lanka,"Paddy, Maize, Vegetables",Broadcast / Soil Incorporation,50.0,126.3,6315.0,100,46.1,0.2,0.16,Not Detected,4.2,Yes,Local production batch
AGR-56218,CR22-2264C,2023-06-16,Maha,Uva Province,Agromart Ltd,NPK 15-15-15,Sri Lanka,"General Crops, Horticulture",Broadcast / Foliar,1001.0,290.0,290290.0,100,14.94,15.53,15.5,Sulfur: 7.8 g/kg | Boron: 25.6 g/100g,1.4,Yes,Retest recommended
AGR-72527,AG22-1652C,2023-09-06,Maha,North Western Province,Lankem Ceylon PLC,TSP (Triple Super Phosphate),India,"Vegetables, Root Crops",Basal Application,25.0,165.15,4128.75,100,0.0,45.18,0.0,Calcium: 2.76 %,1.9,No,Sample from bulk storage
AGR-35217,CR24-4814C,2022-09-20,Off-Season,Northern Province,Browns Agricultural Products,Compost / Organic,Sri Lanka,"All Crops, Soil Health",Incorporation,198.0,40.0,7920.0,100,1.5,1.0,2.0,Organic Carbon: 1.08 % | Humus: 19.3 g/kg,2.2,Yes,Expired stock — discounted
AGR-15884,BT24-3593B,2022-03-18,Maha,Central Province,Jaffna Fertilizer Depot,Eppawala Rock Phosphate (ERP),Sri Lanka,"Tea, Rubber, Coconut",Basal Application,1.0,32.56,32.56,100,0.0,27.4,0.0,Calcium: 16.0 g/kg,1.9,No,Slight clumping observed
AGR-22072,MF24-7366C,2022-10-17,Off-Season,Sabaragamuwa Province,Jaffna Fertilizer Depot,NPK 12-12-17,Germany,"Horticulture, Fruit Crops",Broadcast,23.0,253.96,5841.08,100,12.0,11.4,17.0,Magnesium: 16.5 g/kg | Boron: 16.0 g/100g,0.8,Yes,
AGR-56373,CR24-2389C,2024-04-20,Maha,Northern Province,Hayleys Agriculture Holdings,Ammonium Sulfate (SOA),China,"Tea, Vegetables",Top Dressing,5.0,128.31,641.55,100,21.0,0.0,0.03,Sulfur: 2.33 %,2.6,Yes,Opened bag — partial quantity
AGR-30393,LT22-8426,2022-06-03,Yala,North Central Province,CIC Agri Businesses,NPK 12-12-17,Germany,"Horticulture, Fruit Crops",Broadcast,1000.0,255.0,255000.0,100,11.7,12.3,17.5,Magnesium: 17.5 g/kg | Boron: 24.3 g/kg,1.9,No,
AGR-93720,AG22-8007C,2023-12-09,Yala,Uva Province,Lankem Ceylon PLC,NPK 12-12-17,Germany,"Horticulture, Fruit Crops",Broadcast,1001.5,299.94,300389.91,100,11.5,11.4,16.8,Magnesium: 1.47 % | Boron: 25.2 g/100g,4.1,Yes,
AGR-36971,BT22-1244B,2024-12-19,Maha,North Central Province,Pettah Agro Traders,NPK 15-15-15,Sri Lanka,"General Crops, Horticulture",Broadcast / Foliar,500.0,250.0,125000.0,100,15.15,15.0,14.9,Sulfur: 2.3 % | Boron: 26.9 g/100g,1.5,No,
AGR-85725,MF22-3839,2022-03-10,Yala,Sabaragamuwa Province,Colombo Pesticide Warehouse,Dolomite,Sri Lanka,"Tea, Vegetables, Acidic Soils",Soil Amendment,50.0,73.61,3680.5,100,0.03,0.0,0.0,Calcium: 8.6 g/kg | Magnesium: 1.07 %,3.2,No,
AGR-92241,AG22-1443,2024-11-01,Yala,Western Province,Hayleys Agriculture Holdings,NPK 15-15-15,Sri Lanka,"General Crops, Horticulture",Broadcast / Foliar,1000.0,265.0,265000.0,100,14.3,15.6,14.51,Sulfur: 7.7 g/kg | Boron: 0.93 %,0.9,Yes,Local production batch
AGR-55170,LT23-4737,2022-04-09,Yala,Eastern Province,Pettah Agro Traders,NPK 15-15-15,Sri Lanka,"General Crops, Horticulture",Broadcast / Foliar,1001.5,223.64,223975.46,100,15.2,15.1,14.9,Sulfur: 1.65 % | Boron: 2.37 %,4.2,No,Expired stock — discounted
AGR-23273,AG24-3107C,2024-12-02,Maha,Northern Province,Hayleys Agriculture Holdings,Compost / Organic,Sri Lanka,"All Crops, Soil Health",Incorporation,5.0,34.55,172.75,100,1.4,1.04,1.5,Organic Carbon: 1.24 % | Humus: 7.9 g/kg,1.7,Yes,Local production batch
AGR-97252,MF22-6472A,2023-10-20,Yala,North Central Province,Matara Farm Solutions,NPK 12-12-17,Germany,"Horticulture, Fruit Crops",Broadcast,2.0,296.18,592.36,100,12.12,11.78,17.3,Magnesium: 11.4 g/100g | Boron: 22.0 g/kg,2.0,Yes,
AGR-76599,AG24-6093A,2022-03-25,Off-Season,Eastern Province,CIC Agri Businesses,TSP (Triple Super Phosphate),India,"Vegetables, Root Crops",Basal Application,1000.5,167.39,167473.69,100,0.0,46.0,0.05,Calcium: 11.6 g/100g,2.6,No,
AGR-39270,BT23-4139A,2023-06-24,Yala,North Central Province,Jaffna Fertilizer Depot,Urea,Sri Lanka,"Paddy, Maize, Vegetables",Broadcast / Soil Incorporation,3.0,120.0,360.0,100,46.4,0.0,0.0,Not Detected,4.2,Yes,
AGR-73761,LT24-9397C,2022-10-19,Off-Season,North Western Province,Colombo Pesticide Warehouse,Dolomite,Sri Lanka,"Tea, Vegetables, Acidic Soils",Soil Amendment,10.5,56.83,596.72,100,0.0,0.0,0.22,Calcium: 23.8 g/kg | Magnesium: 10.1 g/kg,0.5,Yes,Imported directly
AGR-10357,LT22-8934B,2024-07-08,Off-Season,Western Province,Galle Agrochemical Stores,Eppawala Rock Phosphate (ERP),Sri Lanka,"Tea, Rubber, Coconut",Basal Application,1.0,55.0,55.0,100,0.0,28.0,0.0,Calcium: 23.9 g/kg,3.2,Yes,
AGR-68954,CR23-3591C,2022-02-01,Off-Season,Southern Province,Lankem Ceylon PLC,TSP (Triple Super Phosphate),India,"Vegetables, Root Crops",Basal Application,501.5,180.0,90270.0,100,0.0,46.1,0.0,Calcium: 0.82 %,0.7,No,Local production batch
AGR-25743,LT24-4617A,2024-01-16,Maha,Southern Province,Kurunegala Agri Centre,NPK 15-15-15,Sri Lanka,"General Crops, Horticulture",Broadcast / Foliar,5.0,270.34,1351.7,100,15.5,15.3,14.4,Sulfur: 2.16 % | Boron: 0.95 %,2.2,Yes,Imported directly
AGR-15807,AG23-7865C,2024-06-15,Yala,Central Province,Matara Farm Solutions,Compost / Organic,Sri Lanka,"All Crops, Soil Health",Incorporation,5.0,24.24,121.2,100,1.3,1.1,1.4,Organic Carbon: 21.0 g/100g | Humus: 14.8 g/kg,2.2,Yes,
AGR-70955,LT24-9459,2022-11-21,Yala,Sabaragamuwa Province,Agromart Ltd,MOP (Muriate of Potash),Canada,"Paddy, Banana, Tea",Top Dressing,50.0,222.57,11128.5,100,0.13,0.0,57.8,Chlorine: 2.72 %,4.5,Yes,Slight clumping observed
AGR-74268,MF22-7768A,2023-11-07,Off-Season,Sabaragamuwa Province,Browns Agricultural Products,Ammonium Sulfate (SOA),China,"Tea, Vegetables",Top Dressing,50.0,127.99,6399.5,100,20.3,0.21,0.0,Sulfur: 7.3 g/100g,2.2,No,Expired stock — discounted
AGR-53555,AG23-7140C,2024-01-29,Off-Season,Uva Province,Agromart Ltd,Urea,Sri Lanka,"Paddy, Maize, Vegetables",Broadcast / Soil Incorporation,25.0,110.06,2751.5,100,45.0,0.0,0.0,Not Detected,0.5,Yes,Sample from bulk storage
AGR-62431,LT22-2635B,2023-05-16,Maha,Uva Province,Anuradhapura Agro Mart,MOP (Muriate of Potash),Canada,"Paddy, Banana, Tea",Top Dressing,26.5,163.0,4319.5,100,0.08,0.0,62.2,Chlorine: 7.3 g/kg,0.9,Yes,Sample from bulk storage
AGR-38437,LT24-3787C,2022-04-26,Maha,Sabaragamuwa Province,Matara Farm Solutions,Dolomite,Sri Lanka,"Tea, Vegetables, Acidic Soils",Soil Amendment,8.0,65.0,520.0,100,0.0,0.19,0.0,Calcium: 15.9 g/100g | Magnesium: 18.7 g/kg,1.9,Yes,Imported directly
AGR-36727,LT23-7495A,2022-09-20,Off-Season,Southern Province,Jaffna Fertilizer Depot,Compost / Organic,Sri Lanka,"All Crops, Soil Health",Incorporation,503.0,40.0,20120.0,100,1.0,1.0,1.6,Organic Carbon: 26.8 g/kg | Humus: 9.7 g/kg,1.2,Yes,
AGR-84558,BT23-9383,2023-01-07,Maha,North Western Province,Pettah Agro Traders,Ammonium Sulfate (SOA),China,"Tea, Vegetables",Top Dressing,4.0,115.0,460.0,100,20.0,0.0,0.0,Sulfur: 21.1 g/100g,1.7,Yes,
AGR-50703,CR23-9311B,2023-10-14,Off-Season,Northern Province,CIC Agri Businesses,MOP (Muriate of Potash),Canada,"Paddy, Banana, Tea",Top Dressing,1.0,172.31,172.31,100,0.0,0.08,58.9,Chlorine: 22.1 g/100g,4.3,Yes,
AGR-56829,BT24-2524,2023-12-05,Maha,Southern Province,Galle Agrochemical Stores,NPK 15-15-15,Sri Lanka,"General Crops, Horticulture",Broadcast / Foliar,502.0,240.48,120720.96,100,15.5,15.5,15.0,Sulfur: 18.9 g/100g | Boron: 14.4 g/kg,0.9,Yes,Expired stock — discounted
AGR-58478,BT24-2835B,2023-12-08,Maha,Eastern Province,CIC Agri Businesses,MOP (Muriate of Potash),Canada,"Paddy, Banana, Tea",Top Dressing,12.0,198.64,2383.68,100,0.0,0.0,57.6,Chlorine: 1.05 %,2.6,Yes,Imported directly
AGR-29615,BT24-3527,2024-05-07,Off-Season,Sabaragamuwa Province,Hayleys Agriculture Holdings,MOP (Muriate of Potash),Canada,"Paddy, Banana, Tea",Top Dressing,8.0,226.07,1808.56,100,0.18,0.0,59.2,Chlorine: 24.6 g/100g,2.0,Yes,Expired stock — discounted
AGR-74975,MF23-9556C,2022-05-13,Yala,Western Province,Colombo Pesticide Warehouse,Dolomite,Sri Lanka,"Tea, Vegetables, Acidic Soils",Soil Amendment,10.0,49.25,492.5,100,0.07,0.23,0.0,Calcium: 10.0 g/100g | Magnesium: 7.2 g/kg,2.9,Yes,
AGR-38270,LT23-9451C,2022-09-21,Maha,Uva Province,Galle Agrochemical Stores,Urea,Sri Lanka,"Paddy, Maize, Vegetables",Broadcast / Soil Incorporation,12.0,110.0,1320.0,100,46.0,0.0,0.0,Not Detected,0.7,Yes,
AGR-74059,CR23-5507,2024-01-16,Maha,North Central Province,Matara Farm Solutions,TSP (Triple Super Phosphate),India,"Vegetables, Root Crops",Basal Application,10.0,170.16,1701.6,100,0.0,45.2,0.0,Calcium: 0.95 %,1.8,Yes,Opened bag — partial quantity
AGR-77085,AG22-4369,2022-10-27,Maha,North Western Province,Matara Farm Solutions,Eppawala Rock Phosphate (ERP),Sri Lanka,"Tea, Rubber, Coconut",Basal Application,25.0,49.48,1237.0,100,0.15,27.0,0.0,Calcium: 24.1 g/kg,3.4,Yes,Imported directly
AGR-11287,LT24-1004,2024-05-08,Off-Season,Sabaragamuwa Province,Lankem Ceylon PLC,NPK 15-15-15,Sri Lanka,"General Crops, Horticulture",Broadcast / Foliar,2.0,244.31,488.62,100,14.4,15.0,14.8,Sulfur: 1.03 % | Boron: 10.6 g/kg,1.4,Yes,
AGR-93866,AG24-7862,2024-06-02,Maha,North Central Province,Lankem Ceylon PLC,NPK 15-15-15,Sri Lanka,"General Crops, Horticulture",Broadcast / Foliar,25.0,275.77,6894.25,100,14.3,14.7,14.94,Sulfur: 12.3 g/kg | Boron: 16.5 g/kg,2.2,Yes,Imported directly
AGR-10690,BT24-5650,2024-03-08,Maha,Central Province,Galle Agrochemical Stores,Ammonium Sulfate (SOA),China,"Tea, Vegetables",Top Dressing,2.0,132.79,265.58,100,20.54,0.14,0.0,Sulfur: 17.6 g/100g,2.1,No,Sample from bulk storage
AGR-19323,CR24-5827,2024-08-28,Off-Season,Central Province,Jaffna Fertilizer Depot,Dolomite,Sri Lanka,"Tea, Vegetables, Acidic Soils",Soil Amendment,3.5,72.63,254.2,100,0.0,0.0,0.0,Calcium: 0.88 % | Magnesium: 8.8 g/100g,3.7,Yes,
AGR-90084,MF23-5352C,2024-05-10,Maha,Central Province,Agromart Ltd,NPK 15-15-15,Sri Lanka,"General Crops, Horticulture",Broadcast / Foliar,200.0,261.59,52318.0,100,15.5,14.3,14.4,Sulfur: 14.3 g/kg | Boron: 15.4 g/kg,3.9,Yes,Slight clumping observed
AGR-23814,AG23-6149,2024-07-20,Yala,Uva Province,Jaffna Fertilizer Depot,Eppawala Rock Phosphate (ERP),Sri Lanka,"Tea, Rubber, Coconut",Basal Application,25.0,51.11,1277.75,100,0.12,27.3,0.0,Calcium: 14.1 g/kg,3.6,Yes,
AGR-98215,LT23-7912,2022-08-07,Maha,Eastern Province,CIC Agri Businesses,NPK 15-15-15,Sri Lanka,"General Crops, Horticulture",Broadcast / Foliar,25.0,280.47,7011.75,100,15.1,14.4,15.0,Sulfur: 24.0 g/100g | Boron: 1.46 %,4.5,Yes,Slight clumping observed
AGR-16162,MF22-1157A,2022-12-23,Off-Season,Sabaragamuwa Province,Colombo Pesticide Warehouse,Ammonium Sulfate (SOA),China,"Tea, Vegetables",Top Dressing,1003.0,115.0,115345.0,100,21.1,0.0,0.11,Sulfur: 20.6 g/100g,3.0,No,
AGR-92352,BT24-9259C,2022-02-15,Off-Season,Western Province,Jaffna Fertilizer Depot,Eppawala Rock Phosphate (ERP),Sri Lanka,"Tea, Rubber, Coconut",Basal Application,1.0,48.05,48.05,100,0.03,26.82,0.24,Calcium: 2.68 %,0.4,Yes,Expired stock — discounted
AGR-71470,AG23-8173B,2023-07-03,Maha,Northern Province,Hayleys Agriculture Holdings,TSP (Triple Super Phosphate),India,"Vegetables, Root Crops",Basal Application,3.0,161.39,484.17,100,0.0,46.9,0.0,Calcium: 9.1 g/100g,4.2,Yes,Sample from bulk storage
AGR-34762,MF24-5452A,2024-04-26,Yala,North Western Province,Galle Agrochemical Stores,MOP (Muriate of Potash),Canada,"Paddy, Banana, Tea",Top Dressing,1.0,229.41,229.41,100,0.08,0.2,57.0,Chlorine: 11.7 g/kg,3.9,Yes,Opened bag — partial quantity
AGR-85741,AG23-8921A,2023-10-12,Off-Season,Eastern Province,Anuradhapura Agro Mart,Compost / Organic,Sri Lanka,"All Crops, Soil Health",Incorporation,1.0,18.58,18.58,100,1.58,1.02,1.4,Organic Carbon: 9.6 g/100g | Humus: 15.8 g/kg,2.1,Yes,
AGR-48566,LT23-8341A,2022-11-09,Maha,Sabaragamuwa Province,Agromart Ltd,Eppawala Rock Phosphate (ERP),Sri Lanka,"Tea, Rubber, Coconut",Basal Application,1000.0,31.4,31400.0,100,0.0,26.7,0.08,Calcium: 2.55 %,2.0,Yes,
AGR-93589,AG24-6812,2022-10-24,Maha,North Central Province,Kurunegala Agri Centre,Eppawala Rock Phosphate (ERP),Sri Lanka,"Tea, Rubber, Coconut",Basal Application,1001.0,39.03,39069.03,100,0.0,27.7,0.0,Calcium: 23.9 g/100g,2.2,Yes,Retest recommended
AGR-17241,CR23-8343C,2024-07-22,Yala,Sabaragamuwa Province,Jaffna Fertilizer Depot,Dolomite,Sri Lanka,"Tea, Vegetables, Acidic Soils",Soil Amendment,103.0,52.53,5410.59,100,0.0,0.0,0.19,Calcium: 0.67 % | Magnesium: 13.6 g/100g,3.9,Yes,
AGR-76399,BT22-2460B,2024-11-09,Yala,Western Province,Pettah Agro Traders,Dolomite,Sri Lanka,"Tea, Vegetables, Acidic Soils",Soil Amendment,200.0,58.94,11788.0,100,0.0,0.0,0.0,Calcium: 13.8 g/100g | Magnesium: 16.9 g/100g,2.4,No,
AGR-19382,LT22-7164B,2024-04-03,Yala,Uva Province,Browns Agricultural Products,Urea,Sri Lanka,"Paddy, Maize, Vegetables",Broadcast / Soil Incorporation,5.0,118.71,593.55,100,45.2,0.0,0.0,Not Detected,4.2,Yes,Slight clumping observed
AGR-93127,CR23-4183A,2022-09-24,Off-Season,Northern Province,Lankem Ceylon PLC,Ammonium Sulfate (SOA),China,"Tea, Vegetables",Top Dressing,1000.0,138.83,138830.0,100,20.6,0.03,0.0,Sulfur: 2.7 %,3.8,Yes,Expired stock — discounted
AGR-87633,LT22-6509C,2023-04-13,Yala,Southern Province,Anuradhapura Agro Mart,MOP (Muriate of Potash),Canada,"Paddy, Banana, Tea",Top Dressing,3.0,205.0,615.0,100,0.0,0.0,61.61,Chlorine: 8.0 g/100g,3.7,Yes,Imported directly
AGR-22561,BT23-3807,2023-09-05,Yala,Western Province,Agromart Ltd,Eppawala Rock Phosphate (ERP),Sri Lanka,"Tea, Rubber, Coconut",Basal Application,50.0,57.18,2859.0,100,0.0,26.8,0.14,Calcium: 1.38 %,1.8,Yes,
AGR-68759,BT23-8926C,2023-01-16,Maha,Sabaragamuwa Province,Kandy Farm Supplies,NPK 12-12-17,Germany,"Horticulture, Fruit Crops",Broadcast,25.0,318.71,7967.75,100,11.7,12.4,18.0,Magnesium: 13.5 g/100g | Boron: 27.2 g/100g,1.1,Yes,Sample from bulk storage
AGR-29957,MF22-9871C,2022-01-27,Maha,Western Province,Kurunegala Agri Centre,Dolomite,Sri Lanka,"Tea, Vegetables, Acidic Soils",Soil Amendment,100.5,75.0,7537.5,100,0.0,0.0,0.0,Calcium: 6.3 g/100g | Magnesium: 20.7 g/kg,2.3,Yes,Sample from bulk storage
AGR-13929,LT22-8801A,2022-11-16,Maha,North Central Province,Abans Agri Supplies,Compost / Organic,Sri Lanka,"All Crops, Soil Health",Incorporation,2.0,20.93,41.86,100,1.4,1.0,1.5,Organic Carbon: 20.3 g/kg | Humus: 27.2 g/kg,1.9,Yes,Local production batch
AGR-16468,MF22-9439C,2023-11-12,Off-Season,Eastern Province,CIC Agri Businesses,NPK 15-15-15,Sri Lanka,"General Crops, Horticulture",Broadcast / Foliar,202.0,253.11,51128.22,100,14.6,15.1,14.5,Sulfur: 13.3 g/100g | Boron: 27.4 g/100g,3.7,Yes,
AGR-50478,LT23-9404A,2024-03-25,Maha,Northern Province,Matara Farm Solutions,TSP (Triple Super Phosphate),India,"Vegetables, Root Crops",Basal Application,6.0,170.0,1020.0,100,0.21,46.4,0.0,Calcium: 1.54 %,2.8,No,Sample from bulk storage
AGR-38232,LT24-3137B,2023-03-03,Yala,Eastern Province,Abans Agri Supplies,NPK 12-12-17,Germany,"Horticulture, Fruit Crops",Broadcast,2.0,288.34,576.68,100,12.23,12.3,16.2,Magnesium: 18.2 g/kg | Boron: 2.19 %,3.5,Yes,
AGR-25069,AG22-7560A,2024-10-21,Maha,Eastern Province,Browns Agricultural Products,Compost / Organic,Sri Lanka,"All Crops, Soil Health",Incorporation,5.0,23.29,116.45,100,1.6,1.1,1.4,Organic Carbon: 0.75 % | Humus: 20.5 g/100g,0.8,No,Opened bag — partial quantity
AGR-61455,AG22-7578C,2023-10-17,Maha,Southern Province,Hayleys Agriculture Holdings,Ammonium Sulfate (SOA),China,"Tea, Vegetables",Top Dressing,50.0,135.0,6750.0,100,20.9,0.2,0.0,Sulfur: 0.93 %,2.7,Yes,
AGR-33327,MF23-2854,2024-05-07,Maha,North Central Province,Hayleys Agriculture Holdings,Urea,Sri Lanka,"Paddy, Maize, Vegetables",Broadcast / Soil Incorporation,1003.0,110.62,110951.86,100,45.89,0.0,0.08,Not Detected,0.7,Yes,
AGR-99032,CR24-2281A,2023-05-14,Yala,North Western Province,Galle Agrochemical Stores,Ammonium Sulfate (SOA),China,"Tea, Vegetables",Top Dressing,5.0,120.0,600.0,100,21.13,0.0,0.0,Sulfur: 21.3 g/kg,3.8,Yes,Retest recommended
AGR-52130,MF22-3287C,2023-02-07,Maha,North Central Province,Jaffna Fertilizer Depot,Ammonium Sulfate (SOA),China,"Tea, Vegetables",Top Dressing,1.5,135.0,202.5,100,21.2,0.0,0.0,Sulfur: 19.2 g/100g,3.8,No,Sample from bulk storage
AGR-28446,LT23-6346A,2023-04-16,Yala,Southern Province,Abans Agri Supplies,Ammonium Sulfate (SOA),China,"Tea, Vegetables",Top Dressing,1.0,110.0,110.0,100,20.2,0.13,0.0,Sulfur: 2.58 %,3.9,Yes,Opened bag — partial quantity
AGR-78155,CR22-8844C,2022-08-08,Off-Season,Eastern Province,Jaffna Fertilizer Depot,Dolomite,Sri Lanka,"Tea, Vegetables, Acidic Soils",Soil Amendment,5.0,49.62,248.1,100,0.0,0.0,0.0,Calcium: 20.0 g/100g | Magnesium: 14.8 g/kg,3.2,Yes,Expired stock — discounted
AGR-10724,AG22-6178A,2022-04-03,Off-Season,North Western Province,Lankem Ceylon PLC,MOP (Muriate of Potash),Canada,"Paddy, Banana, Tea",Top Dressing,200.0,219.37,43874.0,100,0.0,0.19,59.9,Chlorine: 20.4 g/100g,2.0,Yes,
AGR-42845,BT23-2508C,2024-05-07,Maha,North Western Province,Eastern Agrochem Depot,Eppawala Rock Phosphate (ERP),Sri Lanka,"Tea, Rubber, Coconut",Basal Application,12.0,36.4,436.8,100,0.0,27.6,0.0,Calcium: 8.3 g/100g,1.4,Yes,
AGR-60523,BT23-8219B,2024-01-10,Off-Season,Uva Province,Agromart Ltd,Compost / Organic,Sri Lanka,"All Crops, Soil Health",Incorporation,198.0,25.81,5110.38,100,1.36,1.1,2.0,Organic Carbon: 25.8 g/100g | Humus: 17.1 g/100g,2.3,Yes,Local production batch
AGR-97427,AG23-8695,2024-01-14,Off-Season,North Western Province,Browns Agricultural Products,Eppawala Rock Phosphate (ERP),Sri Lanka,"Tea, Rubber, Coconut",Basal Application,50.0,50.0,2500.0,100,0.0,27.9,0.0,Calcium: 1.93 %,3.6,Yes,
AGR-80254,LT24-5170B,2022-09-06,Yala,North Central Province,Hayleys Agriculture Holdings,NPK 15-15-15,Sri Lanka,"General Crops, Horticulture",Broadcast / Foliar,500.0,253.23,126615.0,100,15.6,15.5,15.4,Sulfur: 26.7 g/100g | Boron: 20.0 g/kg,0.6,No,
AGR-89837,MF22-5141,2022-03-18,Yala,Eastern Province,Agromart Ltd,NPK 15-15-15,Sri Lanka,"General Crops, Horticulture",Broadcast / Foliar,51.5,260.0,13390.0,100,14.5,15.16,15.2,Sulfur: 1.78 % | Boron: 1.96 %,2.9,Yes,Retest recommended
AGR-99733,LT22-8893C,2024-06-09,Off-Season,North Western Province,Galle Agrochemical Stores,NPK 12-12-17,Germany,"Horticulture, Fruit Crops",Broadcast,48.0,290.0,13920.0,100,11.0,11.7,16.3,Magnesium: 2.29 % | Boron: 9.6 g/100g,2.8,Yes,
AGR-35724,LT24-4332B,2024-01-07,Off-Season,Western Province,Agromart Ltd,Dolomite,Sri Lanka,"Tea, Vegetables, Acidic Soils",Soil Amendment,501.0,60.0,30060.0,100,0.0,0.0,0.0,Calcium: 18.8 g/kg | Magnesium: 8.0 g/kg,1.6,No,
AGR-33148,BT22-1700B,2024-07-29,Yala,Uva Province,Jaffna Fertilizer Depot,Eppawala Rock Phosphate (ERP),Sri Lanka,"Tea, Rubber, Coconut",Basal Application,10.0,41.87,418.7,100,0.0,28.7,0.0,Calcium: 21.7 g/kg,1.7,Yes,Local production batch
AGR-23356,LT24-4687A,2023-02-03,Maha,Central Province,Kurunegala Agri Centre,MOP (Muriate of Potash),Canada,"Paddy, Banana, Tea",Top Dressing,1000.0,170.0,170000.0,100,0.0,0.0,60.3,Chlorine: 26.9 g/kg,3.4,Yes,
AGR-79824,MF22-1888B,2024-06-27,Off-Season,Central Province,Pettah Agro Traders,TSP (Triple Super Phosphate),India,"Vegetables, Root Crops",Basal Application,2.0,140.07,280.14,100,0.0,46.3,0.0,Calcium: 12.1 g/100g,0.7,No,Expired stock — discounted
AGR-79580,MF24-1760,2023-04-19,Maha,Northern Province,Colombo Pesticide Warehouse,NPK 12-12-17,Germany,"Horticulture, Fruit Crops",Broadcast,48.0,265.91,12763.68,100,11.8,12.3,17.22,Magnesium: 12.5 g/100g | Boron: 13.9 g/kg,3.8,No,Opened bag — partial quantity
AGR-96478,AG23-6842A,2023-11-03,Off-Season,North Central Province,Hayleys Agriculture Holdings,NPK 12-12-17,Germany,"Horticulture, Fruit Crops",Broadcast,5.0,258.05,1290.25,100,11.6,12.3,16.5,Magnesium: 0.63 % | Boron: 16.2 g/kg,3.8,Yes,Imported directly
AGR-12885,AG24-2944B,2022-05-13,Off-Season,Uva Province,CIC Agri Businesses,Ammonium Sulfate (SOA),China,"Tea, Vegetables",Top Dressing,10.5,145.0,1522.5,100,20.5,0.0,0.0,Sulfur: 1.55 %,4.1,No,
AGR-60240,CR22-1057B,2023-02-19,Maha,North Central Province,Browns Agricultural Products,Compost / Organic,Sri Lanka,"All Crops, Soil Health",Incorporation,26.0,25.0,650.0,100,1.3,1.0,1.6,Organic Carbon: 23.2 g/kg | Humus: 1.26 %,0.7,No,
AGR-97326,AG24-7518,2023-09-14,Maha,Western Province,Colombo Pesticide Warehouse,Eppawala Rock Phosphate (ERP),Sri Lanka,"Tea, Rubber, Coconut",Basal Application,1.0,45.0,45.0,100,0.0,27.62,0.0,Calcium: 7.1 g/100g,0.4,Yes,
AGR-59948,LT22-4196C,2022-02-04,Off-Season,Southern Province,Jaffna Fertilizer Depot,MOP (Muriate of Potash),Canada,"Paddy, Banana, Tea",Top Dressing,13.0,217.72,2830.36,100,0.0,0.0,59.0,Chlorine: 16.3 g/100g,3.1,Yes,
AGR-86750,BT22-2801C,2024-08-08,Yala,Southern Province,Pettah Agro Traders,Dolomite,Sri Lanka,"Tea, Vegetables, Acidic Soils",Soil Amendment,2.0,56.33,112.66,100,0.0,0.0,0.13,Calcium: 0.77 % | Magnesium: 0.91 %,2.9,Yes,
AGR-36930,BT24-2351B,2022-02-01,Off-Season,Eastern Province,Agromart Ltd,Ammonium Sulfate (SOA),China,"Tea, Vegetables",Top Dressing,500.0,125.0,62500.0,100,21.0,0.0,0.06,Sulfur: 20.7 g/100g,2.5,Yes,
AGR-42646,LT23-3545A,2022-11-20,Yala,North Western Province,Matara Farm Solutions,NPK 15-15-15,Sri Lanka,"General Crops, Horticulture",Broadcast / Foliar,2.5,286.81,717.02,100,15.1,15.52,14.8,Sulfur: 1.58 % | Boron: 20.8 g/100g,2.4,Yes,
AGR-55773,BT23-2912B,2023-06-04,Off-Season,Sabaragamuwa Province,Kurunegala Agri Centre,Dolomite,Sri Lanka,"Tea, Vegetables, Acidic Soils",Soil Amendment,12.0,74.71,896.52,100,0.0,0.0,0.0,Calcium: 1.28 % | Magnesium: 1.1 %,3.8,Yes,Slight clumping observed
AGR-19877,CR24-7760,2023-12-12,Yala,Central Province,Kurunegala Agri Centre,NPK 15-15-15,Sri Lanka,"General Crops, Horticulture",Broadcast / Foliar,3.0,225.0,675.0,100,14.4,15.4,14.4,Sulfur: 1.72 % | Boron: 9.8 g/kg,2.3,Yes,Retest recommended
AGR-32375,CR22-3578C,2024-11-03,Maha,Southern Province,Colombo Pesticide Warehouse,NPK 12-12-17,Germany,"Horticulture, Fruit Crops",Broadcast,1.0,255.0,255.0,100,11.7,12.2,17.3,Magnesium: 1.99 % | Boron: 27.5 g/100g,4.2,Yes,
AGR-29515,LT24-3847A,2023-03-09,Off-Season,Eastern Province,Agromart Ltd,Ammonium Sulfate (SOA),China,"Tea, Vegetables",Top Dressing,9.0,111.26,1001.34,100,21.2,0.0,0.0,Sulfur: 1.53 %,1.3,No,Local production batch
AGR-23239,MF23-8669B,2022-04-13,Off-Season,North Western Province,Pettah Agro Traders,Dolomite,Sri Lanka,"Tea, Vegetables, Acidic Soils",Soil Amendment,2.5,66.84,167.1,100,0.0,0.0,0.0,Calcium: 21.7 g/kg | Magnesium: 11.9 g/kg,2.7,Yes,
AGR-29320,AG24-3360C,2023-11-05,Yala,North Western Province,Kandy Farm Supplies,Urea,Sri Lanka,"Paddy, Maize, Vegetables",Broadcast / Soil Incorporation,10.0,105.0,1050.0,100,46.1,0.2,0.0,Not Detected,1.2,Yes,Opened bag — partial quantity
AGR-79297,MF24-3091C,2023-03-30,Off-Season,Uva Province,Browns Agricultural Products,Dolomite,Sri Lanka,"Tea, Vegetables, Acidic Soils",Soil Amendment,10.0,68.91,689.1,100,0.0,0.2,0.0,Calcium: 28.0 g/100g | Magnesium: 0.61 %,4.1,No,
AGR-92028,MF24-9937B,2023-06-02,Maha,Uva Province,Kurunegala Agri Centre,MOP (Muriate of Potash),Canada,"Paddy, Banana, Tea",Top Dressing,100.0,170.74,17074.0,100,0.0,0.09,59.06,Chlorine: 11.3 g/100g,1.8,No,Imported directly
AGR-56982,AG22-6319A,2024-01-06,Off-Season,Southern Province,Colombo Pesticide Warehouse,Ammonium Sulfate (SOA),China,"Tea, Vegetables",Top Dressing,6.0,135.0,810.0,100,20.2,0.0,0.12,Sulfur: 2.47 %,1.7,Yes,
AGR-59027,CR24-1755,2022-05-27,Off-Season,Eastern Province,Anuradhapura Agro Mart,Urea,Sri Lanka,"Paddy, Maize, Vegetables",Broadcast / Soil Incorporation,200.0,108.86,21772.0,100,45.3,0.12,0.0,Not Detected,0.3,Yes,
AGR-31896,MF23-6444B,2023-06-25,Maha,North Western Province,Abans Agri Supplies,Dolomite,Sri Lanka,"Tea, Vegetables, Acidic Soils",Soil Amendment,2.0,50.01,100.02,100,0.18,0.0,0.0,Calcium: 23.8 g/100g | Magnesium: 9.0 g/100g,3.4,Yes,Local production batch
AGR-24996,MF23-4685,2023-07-03,Yala,Western Province,Jaffna Fertilizer Depot,Compost / Organic,Sri Lanka,"All Crops, Soil Health",Incorporation,10.0,20.0,200.0,100,1.5,0.94,1.5,Organic Carbon: 21.8 g/100g | Humus: 24.8 g/kg,0.9,Yes,
AGR-41022,LT23-4526,2023-07-15,Yala,North Central Province,Hayleys Agriculture Holdings,NPK 12-12-17,Germany,"Horticulture, Fruit Crops",Broadcast,4.0,302.23,1208.92,100,12.1,12.1,17.2,Magnesium: 1.07 % | Boron: 14.6 g/kg,2.1,Yes,Sample from bulk storage
AGR-46811,MF23-4127,2022-07-04,Yala,Northern Province,Anuradhapura Agro Mart,NPK 15-15-15,Sri Lanka,"General Crops, Horticulture",Broadcast / Foliar,200.0,265.97,53194.0,100,14.6,14.8,15.16,Sulfur: 21.6 g/100g | Boron: 0.62 %,1.9,No,Retest recommended
AGR-41517,BT23-3548,2022-10-17,Yala,Uva Province,Kandy Farm Supplies,TSP (Triple Super Phosphate),India,"Vegetables, Root Crops",Basal Application,5.0,173.86,869.3,100,0.12,46.14,0.0,Calcium: 15.7 g/100g,2.9,Yes,Sample from bulk storage
AGR-24717,BT23-6045A,2024-07-04,Off-Season,Eastern Province,Browns Agricultural Products,MOP (Muriate of Potash),Canada,"Paddy, Banana, Tea",Top Dressing,100.5,215.0,21607.5,100,0.0,0.0,60.0,Chlorine: 7.8 g/100g,0.5,Yes,Expired stock — discounted
AGR-27346,BT23-7824C,2022-05-13,Off-Season,Northern Province,Anuradhapura Agro Mart,TSP (Triple Super Phosphate),India,"Vegetables, Root Crops",Basal Application,500.0,195.0,97500.0,100,0.0,47.0,0.0,Calcium: 0.84 %,3.2,Yes,
AGR-63479,AG23-7957,2023-10-07,Maha,Southern Province,Kurunegala Agri Centre,NPK 12-12-17,Germany,"Horticulture, Fruit Crops",Broadcast,25.0,260.0,6500.0,100,12.0,11.5,16.8,Magnesium: 1.23 % | Boron: 7.2 g/100g,4.2,Yes,Retest recommended
AGR-56660,AG23-4144B,2023-10-14,Off-Season,Northern Province,Abans Agri Supplies,MOP (Muriate of Potash),Canada,"Paddy, Banana, Tea",Top Dressing,500.0,162.85,81425.0,100,0.0,0.0,59.9,Chlorine: 21.2 g/100g,2.4,Yes,
AGR-29424,AG24-4685C,2024-01-01,Yala,Northern Province,Kurunegala Agri Centre,NPK 12-12-17,Germany,"Horticulture, Fruit Crops",Broadcast,100.0,306.03,30603.0,100,12.34,12.3,16.9,Magnesium: 1.73 % | Boron: 1.29 %,1.9,Yes,
AGR-94573,MF23-2326C,2023-07-26,Off-Season,Uva Province,Kurunegala Agri Centre,NPK 12-12-17,Germany,"Horticulture, Fruit Crops",Broadcast,26.0,295.25,7676.5,100,12.4,12.2,16.7,Magnesium: 11.4 g/kg | Boron: 8.3 g/kg,4.5,Yes,
AGR-22560,CR23-8783B,2024-02-12,Yala,Eastern Province,Anuradhapura Agro Mart,Eppawala Rock Phosphate (ERP),Sri Lanka,"Tea, Rubber, Coconut",Basal Application,11.5,59.39,682.99,100,0.0,26.6,0.0,Calcium: 20.8 g/kg,0.4,Yes,
AGR-51247,AG22-8855A,2024-08-14,Off-Season,Western Province,Pettah Agro Traders,MOP (Muriate of Potash),Canada,"Paddy, Banana, Tea",Top Dressing,500.0,200.0,100000.0,100,0.23,0.16,61.5,Chlorine: 0.75 %,2.7,Yes,Slight clumping observed
AGR-10864,MF23-6978A,2024-12-01,Off-Season,Uva Province,Abans Agri Supplies,TSP (Triple Super Phosphate),India,"Vegetables, Root Crops",Basal Application,3.0,185.0,555.0,100,0.08,45.32,0.0,Calcium: 1.15 %,3.6,No,Retest recommended
AGR-63634,MF22-1223,2022-11-27,Off-Season,North Central Province,Pettah Agro Traders,Compost / Organic,Sri Lanka,"All Crops, Soil Health",Incorporation,25.0,36.71,917.75,100,1.5,0.9,1.5,Organic Carbon: 21.0 g/kg | Humus: 14.1 g/100g,2.1,Yes,
AGR-12121,BT22-2998C,2023-04-12,Off-Season,Western Province,Kurunegala Agri Centre,NPK 15-15-15,Sri Lanka,"General Crops, Horticulture",Broadcast / Foliar,4.0,255.95,1023.8,100,14.3,15.4,15.0,Sulfur: 1.01 % | Boron: 22.4 g/kg,0.3,No,Retest recommended
AGR-84750,BT22-1916A,2023-08-22,Yala,Uva Province,Hayleys Agriculture Holdings,Eppawala Rock Phosphate (ERP),Sri Lanka,"Tea, Rubber, Coconut",Basal Application,500.0,30.21,15105.0,100,0.0,28.6,0.0,Calcium: 8.8 g/kg,1.7,Yes,Slight clumping observed
AGR-32771,CR24-4655A,2023-08-22,Off-Season,Northern Province,Browns Agricultural Products,NPK 15-15-15,Sri Lanka,"General Crops, Horticulture",Broadcast / Foliar,11.5,283.1,3255.65,100,14.6,15.2,14.8,Sulfur: 2.28 % | Boron: 2.58 %,1.4,Yes,Retest recommended
AGR-63833,LT23-6712B,2023-03-13,Maha,North Western Province,Abans Agri Supplies,Urea,Sri Lanka,"Paddy, Maize, Vegetables",Broadcast / Soil Incorporation,5.0,105.0,525.0,100,46.0,0.0,0.0,Not Detected,4.3,Yes,Imported directly
AGR-86038,AG22-4338A,2022-09-27,Off-Season,Southern Province,Pettah Agro Traders,Dolomite,Sri Lanka,"Tea, Vegetables, Acidic Soils",Soil Amendment,200.5,60.0,12030.0,100,0.14,0.0,0.0,Calcium: 1.63 % | Magnesium: 23.5 g/kg,3.5,Yes,
AGR-67793,CR22-8402C,2023-01-28,Off-Season,Sabaragamuwa Province,Agromart Ltd,Dolomite,Sri Lanka,"Tea, Vegetables, Acidic Soils",Soil Amendment,100.0,67.07,6707.0,100,0.0,0.0,0.0,Calcium: 27.6 g/100g | Magnesium: 2.1 %,4.2,No,Opened bag — partial quantity
AGR-10463,LT22-7471A,2022-05-20,Yala,North Western Province,Kurunegala Agri Centre,Ammonium Sulfate (SOA),China,"Tea, Vegetables",Top Dressing,25.0,129.5,3237.5,100,20.5,0.0,0.0,Sulfur: 1.65 %,0.8,Yes,
AGR-73826,MF22-2914C,2023-02-25,Yala,Southern Province,Kurunegala Agri Centre,NPK 15-15-15,Sri Lanka,"General Crops, Horticulture",Broadcast / Foliar,10.0,276.05,2760.5,100,15.2,14.6,14.4,Sulfur: 24.2 g/kg | Boron: 15.3 g/kg,3.2,No,Retest recommended
AGR-33961,CR24-7417C,2024-01-13,Yala,Uva Province,Lankem Ceylon PLC,Ammonium Sulfate (SOA),China,"Tea, Vegetables",Top Dressing,1003.0,148.24,148684.72,100,20.1,0.0,0.0,Sulfur: 23.3 g/100g,3.9,No,Retest recommended
AGR-30367,LT24-4039,2023-10-16,Maha,Sabaragamuwa Province,Kurunegala Agri Centre,TSP (Triple Super Phosphate),India,"Vegetables, Root Crops",Basal Application,100.0,151.94,15194.0,100,0.2,46.7,0.16,Calcium: 20.8 g/100g,2.6,Yes,Slight clumping observed
AGR-38877,CR22-6639C,2023-08-24,Off-Season,North Central Province,Colombo Pesticide Warehouse,Urea,Sri Lanka,"Paddy, Maize, Vegetables",Broadcast / Soil Incorporation,100.0,100.0,10000.0,100,45.8,0.17,0.17,Not Detected,3.4,No,
AGR-79926,LT23-3556C,2024-04-14,Yala,North Central Province,Kandy Farm Supplies,TSP (Triple Super Phosphate),India,"Vegetables, Root Crops",Basal Application,10.0,162.63,1626.3,100,0.0,46.4,0.0,Calcium: 26.1 g/kg,3.6,Yes,Imported directly
AGR-62512,BT22-1710C,2023-10-09,Off-Season,Southern Province,Anuradhapura Agro Mart,NPK 12-12-17,Germany,"Horticulture, Fruit Crops",Broadcast,5.0,265.0,1325.0,100,11.77,11.9,16.6,Magnesium: 16.5 g/100g | Boron: 24.5 g/100g,1.9,Yes,Slight clumping observed
AGR-46656,AG22-3564C,2024-06-23,Off-Season,Northern Province,Lankem Ceylon PLC,NPK 15-15-15,Sri Lanka,"General Crops, Horticulture",Broadcast / Foliar,25.0,283.57,7089.25,100,14.3,15.2,14.6,Sulfur: 27.4 g/100g | Boron: 17.8 g/kg,2.1,Yes,Opened bag — partial quantity
AGR-37039,MF22-3738,2024-07-15,Off-Season,Eastern Province,Hayleys Agriculture Holdings,MOP (Muriate of Potash),Canada,"Paddy, Banana, Tea",Top Dressing,0.5,201.42,100.71,100,0.0,0.0,57.3,Chlorine: 9.5 g/kg,1.6,Yes,Expired stock — discounted
AGR-33237,LT23-6788B,2024-02-27,Off-Season,Western Province,Browns Agricultural Products,MOP (Muriate of Potash),Canada,"Paddy, Banana, Tea",Top Dressing,10.0,175.0,1750.0,100,0.0,0.0,59.0,Chlorine: 1.02 %,1.0,Yes,
AGR-23710,BT23-7421A,2022-03-22,Off-Season,Uva Province,Pettah Agro Traders,NPK 12-12-17,Germany,"Horticulture, Fruit Crops",Broadcast,50.0,261.22,13061.0,100,12.0,12.0,16.7,Magnesium: 16.4 g/100g | Boron: 13.6 g/100g,2.8,No,Slight clumping observed
AGR-38265,CR22-4836B,2022-07-25,Maha,Sabaragamuwa Province,CIC Agri Businesses,TSP (Triple Super Phosphate),India,"Vegetables, Root Crops",Basal Application,100.5,151.2,15195.6,100,0.0,45.4,0.04,Calcium: 22.0 g/kg,0.9,Yes,Slight clumping observed
AGR-67875,MF23-7077A,2024-09-01,Yala,Northern Province,Matara Farm Solutions,Urea,Sri Lanka,"Paddy, Maize, Vegetables",Broadcast / Soil Incorporation,11.0,115.0,1265.0,100,45.9,0.0,0.07,Not Detected,2.5,Yes,Expired stock — discounted
AGR-44387,AG22-2330A,2022-10-04,Off-Season,Central Province,Hayleys Agriculture Holdings,Urea,Sri Lanka,"Paddy, Maize, Vegetables",Broadcast / Soil Incorporation,200.0,125.0,25000.0,100,45.5,0.0,0.0,Not Detected,4.2,Yes,Local production batch
AGR-18675,BT23-3847C,2024-04-22,Yala,Southern Province,Matara Farm Solutions,NPK 15-15-15,Sri Lanka,"General Crops, Horticulture",Broadcast / Foliar,198.0,259.34,51349.32,100,14.3,15.1,14.5,Sulfur: 21.4 g/kg | Boron: 12.8 g/kg,3.0,Yes,
AGR-21296,LT22-5465,2023-07-13,Maha,Uva Province,Lankem Ceylon PLC,NPK 15-15-15,Sri Lanka,"General Crops, Horticulture",Broadcast / Foliar,500.5,220.0,110110.0,100,14.3,15.4,14.3,Sulfur: 1.45 % | Boron: 18.7 g/kg,4.0,Yes,
AGR-90065,BT24-7688C,2023-08-18,Off-Season,Western Province,Jaffna Fertilizer Depot,MOP (Muriate of Potash),Canada,"Paddy, Banana, Tea",Top Dressing,500.0,160.0,80000.0,100,0.0,0.0,57.4,Chlorine: 16.4 g/100g,4.2,Yes,Local production batch
AGR-52054,MF23-4852,2024-06-07,Yala,Western Province,Kurunegala Agri Centre,MOP (Muriate of Potash),Canada,"Paddy, Banana, Tea",Top Dressing,200.0,220.0,44000.0,100,0.0,0.0,58.1,Chlorine: 16.4 g/100g,2.3,Yes,
AGR-45329,CR22-8552,2023-09-08,Off-Season,Western Province,Hayleys Agriculture Holdings,Ammonium Sulfate (SOA),China,"Tea, Vegetables",Top Dressing,200.0,130.48,26096.0,100,20.2,0.09,0.0,Sulfur: 1.17 %,0.5,Yes,
AGR-58504,CR22-3268,2023-07-06,Yala,Southern Province,Jaffna Fertilizer Depot,Dolomite,Sri Lanka,"Tea, Vegetables, Acidic Soils",Soil Amendment,100.0,63.95,6395.0,100,0.12,0.0,0.0,Calcium: 1.95 % | Magnesium: 0.85 %,0.7,No,Opened bag — partial quantity
AGR-23968,BT22-3566A,2024-10-29,Maha,Southern Province,Hayleys Agriculture Holdings,NPK 15-15-15,Sri Lanka,"General Crops, Horticulture",Broadcast / Foliar,1000.0,243.82,243820.0,100,15.2,15.0,15.0,Sulfur: 10.3 g/kg | Boron: 2.52 %,4.4,Yes,Slight clumping observed
AGR-58951,MF23-3142C,2023-06-20,Yala,Eastern Province,Pettah Agro Traders,NPK 15-15-15,Sri Lanka,"General Crops, Horticulture",Broadcast / Foliar,200.0,288.94,57788.0,100,15.2,14.4,15.4,Sulfur: 15.0 g/kg | Boron: 0.79 %,1.2,No,Slight clumping observed
AGR-54569,CR23-1534C,2024-12-23,Yala,Western Province,Pettah Agro Traders,NPK 12-12-17,Germany,"Horticulture, Fruit Crops",Broadcast,201.5,279.12,56242.68,100,11.0,11.4,16.76,Magnesium: 1.76 % | Boron: 13.1 g/100g,3.8,Yes,
AGR-31104,CR22-2670C,2024-01-30,Yala,Uva Province,Agromart Ltd,Ammonium Sulfate (SOA),China,"Tea, Vegetables",Top Dressing,501.5,112.8,56569.2,100,20.4,0.0,0.11,Sulfur: 25.5 g/kg,3.9,No,Slight clumping observed
AGR-69125,MF22-9957A,2022-06-28,Off-Season,Sabaragamuwa Province,Matara Farm Solutions,Urea,Sri Lanka,"Paddy, Maize, Vegetables",Broadcast / Soil Incorporation,0.5,120.0,60.0,100,45.4,0.23,0.06,Not Detected,3.3,Yes,Slight clumping observed
AGR-14829,MF24-5310B,2023-08-07,Off-Season,Sabaragamuwa Province,Hayleys Agriculture Holdings,MOP (Muriate of Potash),Canada,"Paddy, Banana, Tea",Top Dressing,200.0,228.55,45710.0,100,0.05,0.0,59.8,Chlorine: 21.6 g/100g,3.7,No,
AGR-54726,MF23-7236C,2022-10-16,Yala,Sabaragamuwa Province,Lankem Ceylon PLC,NPK 15-15-15,Sri Lanka,"General Crops, Horticulture",Broadcast / Foliar,5.0,221.6,1108.0,100,14.9,14.97,15.5,Sulfur: 0.75 % | Boron: 24.0 g/kg,1.2,Yes,
AGR-64680,BT23-2683C,2024-06-23,Yala,Southern Province,CIC Agri Businesses,Ammonium Sulfate (SOA),China,"Tea, Vegetables",Top Dressing,23.0,145.0,3335.0,100,20.12,0.0,0.0,Sulfur: 26.9 g/100g,1.1,No,Imported directly
AGR-97034,BT22-6911A,2023-09-30,Maha,Northern Province,Eastern Agrochem Depot,TSP (Triple Super Phosphate),India,"Vegetables, Root Crops",Basal Application,502.0,166.47,83567.94,100,0.0,46.9,0.0,Calcium: 25.7 g/100g,1.5,Yes,
AGR-71544,MF22-1631B,2023-12-13,Yala,North Western Province,Colombo Pesticide Warehouse,NPK 15-15-15,Sri Lanka,"General Crops, Horticulture",Broadcast / Foliar,100.0,245.0,24500.0,100,15.2,14.6,15.2,Sulfur: 2.42 % | Boron: 1.96 %,0.4,Yes,Slight clumping observed
AGR-63820,AG24-7558,2023-01-19,Yala,Western Province,Hayleys Agriculture Holdings,Urea,Sri Lanka,"Paddy, Maize, Vegetables",Broadcast / Soil Incorporation,5.5,109.02,599.61,100,46.7,0.08,0.0,Not Detected,1.3,No,
AGR-22279,AG24-7189B,2022-05-19,Maha,Western Province,Jaffna Fertilizer Depot,Eppawala Rock Phosphate (ERP),Sri Lanka,"Tea, Rubber, Coconut",Basal Application,2.0,51.42,102.84,100,0.0,28.8,0.0,Calcium: 8.4 g/kg,4.4,No,Retest recommended
AGR-13245,MF22-2271A,2024-08-07,Yala,Northern Province,Galle Agrochemical Stores,Compost / Organic,Sri Lanka,"All Crops, Soil Health",Incorporation,200.0,25.0,5000.0,100,1.51,1.1,1.6,Organic Carbon: 19.3 g/kg | Humus: 13.4 g/100g,3.9,Yes,
AGR-65715,BT22-8559B,2024-08-30,Maha,Sabaragamuwa Province,Hayleys Agriculture Holdings,Compost / Organic,Sri Lanka,"All Crops, Soil Health",Incorporation,2.0,31.87,63.74,100,1.4,0.99,1.59,Organic Carbon: 26.4 g/100g | Humus: 22.7 g/kg,3.8,Yes,Sample from bulk storage
AGR-91702,CR22-9683,2024-10-29,Off-Season,Northern Province,Pettah Agro Traders,Ammonium Sulfate (SOA),China,"Tea, Vegetables",Top Dressing,1.0,134.81,134.81,100,20.2,0.0,0.0,Sulfur: 24.7 g/100g,2.7,No,
AGR-86237,BT22-4714,2022-03-05,Maha,Central Province,Browns Agricultural Products,TSP (Triple Super Phosphate),India,"Vegetables, Root Crops",Basal Application,1.0,151.53,151.53,100,0.0,46.5,0.0,Calcium: 15.6 g/kg,2.9,Yes,Imported directly
AGR-61546,MF24-1343C,2022-07-25,Yala,Southern Province,Matara Farm Solutions,Ammonium Sulfate (SOA),China,"Tea, Vegetables",Top Dressing,100.0,140.0,14000.0,100,20.7,0.0,0.0,Sulfur: 8.6 g/100g,2.2,Yes,Opened bag — partial quantity
AGR-93054,CR22-8319B,2022-03-28,Maha,Southern Province,Abans Agri Supplies,Urea,Sri Lanka,"Paddy, Maize, Vegetables",Broadcast / Soil Incorporation,25.0,108.55,2713.75,100,46.88,0.0,0.0,Not Detected,0.9,Yes,Imported directly
AGR-96351,LT24-7363A,2023-04-25,Yala,Eastern Province,Kurunegala Agri Centre,Eppawala Rock Phosphate (ERP),Sri Lanka,"Tea, Rubber, Coconut",Basal Application,200.0,34.52,6904.0,100,0.14,27.4,0.0,Calcium: 6.6 g/100g,1.0,Yes,Imported directly
AGR-78717,BT23-8941,2022-07-10,Yala,Northern Province,Abans Agri Supplies,MOP (Muriate of Potash),Canada,"Paddy, Banana, Tea",Top Dressing,199.0,195.0,38805.0,100,0.0,0.0,57.1,Chlorine: 24.3 g/kg,3.0,No,Opened bag — partial quantity
AGR-34049,MF22-9026A,2023-02-06,Off-Season,Uva Province,Hayleys Agriculture Holdings,Compost / Organic,Sri Lanka,"All Crops, Soil Health",Incorporation,100.0,40.0,4000.0,100,1.5,1.0,1.3,Organic Carbon: 10.0 g/100g | Humus: 2.8 %,2.8,Yes,Local production batch
AGR-57978,CR23-2932B,2022-10-12,Yala,Uva Province,Anuradhapura Agro Mart,Eppawala Rock Phosphate (ERP),Sri Lanka,"Tea, Rubber, Coconut",Basal Application,1000.0,53.37,53370.0,100,0.12,27.3,0.0,Calcium: 15.7 g/kg,4.0,Yes,
AGR-24409,BT23-4569C,2023-05-22,Maha,Eastern Province,Abans Agri Supplies,MOP (Muriate of Potash),Canada,"Paddy, Banana, Tea",Top Dressing,28.0,221.36,6198.08,100,0.18,0.0,61.8,Chlorine: 0.9 %,0.9,Yes,Slight clumping observed
AGR-22738,CR22-7466C,2024-10-24,Yala,Central Province,Jaffna Fertilizer Depot,Urea,Sri Lanka,"Paddy, Maize, Vegetables",Broadcast / Soil Incorporation,101.5,115.4,11713.1,100,46.9,0.0,0.0,Not Detected,2.8,No,Opened bag — partial quantity
AGR-91340,BT22-8101C,2023-08-05,Yala,North Central Province,Agromart Ltd,TSP (Triple Super Phosphate),India,"Vegetables, Root Crops",Basal Application,25.0,173.65,4341.25,100,0.0,46.9,0.0,Calcium: 15.7 g/kg,0.8,Yes,Imported directly
AGR-48407,MF23-6538C,2022-11-30,Yala,Southern Province,Galle Agrochemical Stores,Urea,Sri Lanka,"Paddy, Maize, Vegetables",Broadcast / Soil Incorporation,202.0,104.8,21169.6,100,45.7,0.14,0.1,Not Detected,3.1,Yes,
AGR-97872,MF22-7276C,2022-10-20,Yala,Sabaragamuwa Province,Jaffna Fertilizer Depot,Eppawala Rock Phosphate (ERP),Sri Lanka,"Tea, Rubber, Coconut",Basal Application,201.5,45.0,9067.5,100,0.0,28.7,0.0,Calcium: 2.19 %,4.3,Yes,Local production batch
AGR-50958,MF24-2923B,2024-01-29,Off-Season,North Western Province,Anuradhapura Agro Mart,Compost / Organic,Sri Lanka,"All Crops, Soil Health",Incorporation,503.0,24.48,12313.44,100,1.5,0.9,1.3,Organic Carbon: 11.5 g/100g | Humus: 1.18 %,0.4,Yes,
AGR-75298,BT23-8071B,2023-08-04,Yala,North Western Province,Colombo Pesticide Warehouse,NPK 15-15-15,Sri Lanka,"General Crops, Horticulture",Broadcast / Foliar,28.0,269.94,7558.32,100,15.46,14.87,14.65,Sulfur: 10.1 g/kg | Boron: 1.65 %,1.9,No,
AGR-66700,MF24-6078B,2023-07-07,Yala,Northern Province,Kandy Farm Supplies,NPK 12-12-17,Germany,"Horticulture, Fruit Crops",Broadcast,10.0,303.89,3038.9,100,11.9,12.1,16.8,Magnesium: 23.7 g/kg | Boron: 20.5 g/kg,1.1,No,Local production batch
AGR-56918,BT24-5429B,2022-06-05,Off-Season,Central Province,Hayleys Agriculture Holdings,TSP (Triple Super Phosphate),India,"Vegetables, Root Crops",Basal Application,98.0,180.0,17640.0,100,0.13,45.6,0.0,Calcium: 14.9 g/kg,1.1,Yes,
AGR-57511,LT23-9956A,2022-06-07,Off-Season,Western Province,CIC Agri Businesses,Dolomite,Sri Lanka,"Tea, Vegetables, Acidic Soils",Soil Amendment,1003.0,65.0,65195.0,100,0.0,0.0,0.07,Calcium: 0.94 % | Magnesium: 1.83 %,1.0,No,Expired stock — discounted
AGR-88281,MF22-7627A,2024-12-23,Off-Season,Northern Province,Eastern Agrochem Depot,TSP (Triple Super Phosphate),India,"Vegetables, Root Crops",Basal Application,2.5,145.0,362.5,100,0.0,45.4,0.0,Calcium: 14.2 g/100g,3.6,Yes,Local production batch
AGR-31260,AG23-4957C,2022-12-18,Maha,Northern Province,Colombo Pesticide Warehouse,NPK 12-12-17,Germany,"Horticulture, Fruit Crops",Broadcast,1000.5,250.15,250275.08,100,12.4,11.9,16.62,Magnesium: 2.36 % | Boron: 16.7 g/100g,0.5,Yes,Retest recommended
AGR-68229,AG22-4731C,2022-02-12,Yala,Sabaragamuwa Province,Hayleys Agriculture Holdings,NPK 15-15-15,Sri Lanka,"General Crops, Horticulture",Broadcast / Foliar,1002.0,233.23,233696.46,100,15.2,14.8,14.5,Sulfur: 10.0 g/100g | Boron: 0.9 %,3.1,No,
AGR-74663,BT22-6871C,2024-03-16,Maha,Northern Province,Matara Farm Solutions,Ammonium Sulfate (SOA),China,"Tea, Vegetables",Top Dressing,1000.0,118.99,118990.0,100,21.6,0.12,0.06,Sulfur: 27.4 g/100g,0.6,Yes,Slight clumping observed
AGR-51081,LT22-8100A,2024-06-16,Yala,Western Province,Galle Agrochemical Stores,NPK 15-15-15,Sri Lanka,"General Crops, Horticulture",Broadcast / Foliar,1.0,231.65,231.65,100,14.3,14.6,14.9,Sulfur: 19.2 g/kg | Boron: 12.7 g/100g,1.2,Yes,Retest recommended
AGR-88710,MF23-6309B,2024-12-11,Maha,Central Province,Lankem Ceylon PLC,MOP (Muriate of Potash),Canada,"Paddy, Banana, Tea",Top Dressing,100.0,195.0,19500.0,100,0.0,0.14,57.4,Chlorine: 1.09 %,3.0,No,Expired stock — discounted
AGR-37472,CR22-4438B,2022-12-21,Off-Season,Central Province,Abans Agri Supplies,Urea,Sri Lanka,"Paddy, Maize, Vegetables",Broadcast / Soil Incorporation,1.5,118.98,178.47,100,45.8,0.0,0.0,Not Detected,2.0,No,
AGR-34041,AG23-4026,2024-08-04,Yala,Northern Province,Jaffna Fertilizer Depot,Urea,Sri Lanka,"Paddy, Maize, Vegetables",Broadcast / Soil Incorporation,51.0,130.0,6630.0,100,45.5,0.0,0.0,Not Detected,4.3,Yes,
AGR-62566,CR23-2253B,2022-07-16,Yala,Southern Province,Anuradhapura Agro Mart,NPK 12-12-17,Germany,"Horticulture, Fruit Crops",Broadcast,23.0,305.2,7019.6,100,11.6,11.8,16.9,Magnesium: 2.25 % | Boron: 24.6 g/kg,0.4,No,Expired stock — discounted
AGR-84633,MF24-7421C,2023-01-24,Off-Season,North Central Province,Lankem Ceylon PLC,Urea,Sri Lanka,"Paddy, Maize, Vegetables",Broadcast / Soil Incorporation,100.0,104.73,10473.0,100,46.06,0.0,0.09,Not Detected,1.4,Yes,
AGR-47406,CR22-3889C,2023-06-24,Maha,Southern Province,Anuradhapura Agro Mart,MOP (Muriate of Potash),Canada,"Paddy, Banana, Tea",Top Dressing,503.0,205.51,103371.53,100,0.19,0.0,62.2,Chlorine: 13.2 g/kg,2.2,Yes,
AGR-17692,BT22-5461A,2023-06-19,Maha,Uva Province,Kandy Farm Supplies,Urea,Sri Lanka,"Paddy, Maize, Vegetables",Broadcast / Soil Incorporation,28.0,115.18,3225.04,100,46.8,0.02,0.23,Not Detected,3.1,Yes,
AGR-75908,MF22-4467C,2023-06-30,Yala,Central Province,Eastern Agrochem Depot,NPK 15-15-15,Sri Lanka,"General Crops, Horticulture",Broadcast / Foliar,501.0,275.0,137775.0,100,15.6,14.98,15.0,Sulfur: 22.8 g/100g | Boron: 7.6 g/100g,3.2,Yes,Expired stock — discounted
AGR-31575,AG23-3029,2024-05-26,Yala,Eastern Province,Colombo Pesticide Warehouse,NPK 12-12-17,Germany,"Horticulture, Fruit Crops",Broadcast,3.0,283.17,849.51,100,12.4,12.0,17.5,Magnesium: 9.1 g/100g | Boron: 17.7 g/100g,3.5,Yes,Opened bag — partial quantity
AGR-47598,CR22-5131C,2022-05-30,Maha,Southern Province,Galle Agrochemical Stores,Compost / Organic,Sri Lanka,"All Crops, Soil Health",Incorporation,12.0,34.22,410.64,100,1.6,0.9,1.4,Organic Carbon: 0.84 % | Humus: 1.09 %,2.4,No,Imported directly
AGR-23774,AG24-1719,2024-03-17,Off-Season,Uva Province,Browns Agricultural Products,NPK 15-15-15,Sri Lanka,"General Crops, Horticulture",Broadcast / Foliar,199.0,258.73,51487.27,100,15.2,15.4,14.9,Sulfur: 1.15 % | Boron: 13.0 g/100g,2.5,Yes,Opened bag — partial quantity
AGR-69012,MF23-4729B,2022-11-17,Yala,North Central Province,Kandy Farm Supplies,Ammonium Sulfate (SOA),China,"Tea, Vegetables",Top Dressing,28.0,144.48,4045.44,100,21.6,0.0,0.23,Sulfur: 8.3 g/kg,2.2,No,Slight clumping observed
AGR-26426,MF22-8491B,2022-06-09,Off-Season,North Central Province,Eastern Agrochem Depot,Dolomite,Sri Lanka,"Tea, Vegetables, Acidic Soils",Soil Amendment,101.0,74.12,7486.12,100,0.22,0.0,0.0,Calcium: 0.73 % | Magnesium: 23.2 g/100g,4.1,Yes,
AGR-42169,AG22-2575C,2022-05-31,Maha,Sabaragamuwa Province,Lankem Ceylon PLC,NPK 15-15-15,Sri Lanka,"General Crops, Horticulture",Broadcast / Foliar,1.0,255.91,255.91,100,14.5,15.32,14.6,Sulfur: 23.1 g/kg | Boron: 8.8 g/100g,3.4,Yes,Retest recommended
AGR-54908,AG23-7538,2023-02-28,Yala,Sabaragamuwa Province,Jaffna Fertilizer Depot,NPK 12-12-17,Germany,"Horticulture, Fruit Crops",Broadcast,10.0,274.76,2747.6,100,11.4,11.8,17.0,Magnesium: 14.5 g/kg | Boron: 7.5 g/kg,4.2,Yes,
AGR-48952,AG24-8833A,2024-07-07,Off-Season,North Western Province,Jaffna Fertilizer Depot,Ammonium Sulfate (SOA),China,"Tea, Vegetables",Top Dressing,500.0,125.38,62690.0,100,21.0,0.0,0.0,Sulfur: 20.2 g/kg,3.4,Yes,Imported directly
AGR-62057,BT24-2608A,2022-12-02,Yala,Northern Province,Colombo Pesticide Warehouse,NPK 15-15-15,Sri Lanka,"General Crops, Horticulture",Broadcast / Foliar,200.0,255.0,51000.0,100,15.2,15.6,15.1,Sulfur: 8.1 g/kg | Boron: 26.0 g/100g,4.3,Yes,Imported directly
AGR-88954,LT23-9244A,2024-08-01,Yala,Eastern Province,Browns Agricultural Products,Dolomite,Sri Lanka,"Tea, Vegetables, Acidic Soils",Soil Amendment,498.0,63.12,31433.76,100,0.11,0.0,0.01,Calcium: 21.4 g/100g | Magnesium: 1.71 %,1.5,No,Retest recommended
AGR-42281,MF23-5467,2022-11-20,Yala,Western Province,Anuradhapura Agro Mart,Dolomite,Sri Lanka,"Tea, Vegetables, Acidic Soils",Soil Amendment,24.0,47.16,1131.84,100,0.0,0.02,0.05,Calcium: 12.1 g/kg | Magnesium: 2.69 %,3.4,No,Expired stock — discounted
AGR-50030,LT22-3948A,2022-06-13,Maha,Sabaragamuwa Province,Pettah Agro Traders,Ammonium Sulfate (SOA),China,"Tea, Vegetables",Top Dressing,49.0,117.5,5757.5,100,21.6,0.04,0.12,Sulfur: 8.0 g/100g,0.6,Yes,Imported directly
AGR-21067,LT23-4667A,2022-09-13,Maha,Central Province,Colombo Pesticide Warehouse,Ammonium Sulfate (SOA),China,"Tea, Vegetables",Top Dressing,28.0,132.08,3698.24,100,21.2,0.0,0.0,Sulfur: 28.0 g/kg,1.6,Yes,Slight clumping observed
AGR-42150,LT22-1765B,2023-05-02,Yala,Southern Province,Lankem Ceylon PLC,Ammonium Sulfate (SOA),China,"Tea, Vegetables",Top Dressing,1000.0,115.0,115000.0,100,21.6,0.22,0.0,Sulfur: 22.0 g/100g,4.0,Yes,
AGR-96065,MF22-5456C,2022-11-16,Maha,Central Province,Anuradhapura Agro Mart,Ammonium Sulfate (SOA),China,"Tea, Vegetables",Top Dressing,498.0,114.51,57025.98,100,21.0,0.0,0.15,Sulfur: 13.5 g/kg,1.5,No,Expired stock — discounted
AGR-82729,LT23-2360C,2024-01-05,Yala,Uva Province,Anuradhapura Agro Mart,Dolomite,Sri Lanka,"Tea, Vegetables, Acidic Soils",Soil Amendment,501.0,75.0,37575.0,100,0.0,0.04,0.0,Calcium: 2.12 % | Magnesium: 26.3 g/kg,3.4,No,Opened bag — partial quantity
AGR-97656,MF24-4541C,2023-11-02,Maha,Sabaragamuwa Province,Matara Farm Solutions,Dolomite,Sri Lanka,"Tea, Vegetables, Acidic Soils",Soil Amendment,201.0,70.0,14070.0,100,0.0,0.0,0.0,Calcium: 1.74 % | Magnesium: 7.4 g/100g,1.8,No,Slight clumping observed
AGR-92974,MF23-8123,2023-05-23,Yala,Uva Province,Hayleys Agriculture Holdings,Eppawala Rock Phosphate (ERP),Sri Lanka,"Tea, Rubber, Coconut",Basal Application,0.5,55.0,27.5,100,0.05,27.0,0.18,Calcium: 1.2 %,1.4,No,
AGR-62020,BT24-6557B,2022-08-25,Maha,Western Province,Eastern Agrochem Depot,Ammonium Sulfate (SOA),China,"Tea, Vegetables",Top Dressing,27.0,142.16,3838.32,100,20.9,0.0,0.0,Sulfur: 24.3 g/100g,3.6,Yes,Slight clumping observed
AGR-97623,MF23-4528C,2023-06-17,Maha,Sabaragamuwa Province,Eastern Agrochem Depot,Urea,Sri Lanka,"Paddy, Maize, Vegetables",Broadcast / Soil Incorporation,8.0,118.47,947.76,100,45.5,0.0,0.17,Not Detected,2.3,Yes,
AGR-51109,LT22-6498B,2024-06-28,Yala,Southern Province,Lankem Ceylon PLC,Urea,Sri Lanka,"Paddy, Maize, Vegetables",Broadcast / Soil Incorporation,25.0,119.2,2980.0,100,46.6,0.0,0.0,Not Detected,3.5,No,Imported directly
AGR-36127,BT22-6770C,2022-05-11,Yala,North Western Province,Matara Farm Solutions,Ammonium Sulfate (SOA),China,"Tea, Vegetables",Top Dressing,50.0,150.0,7500.0,100,21.4,0.0,0.0,Sulfur: 15.1 g/100g,2.0,Yes,
AGR-72982,MF23-9704,2023-01-14,Yala,Northern Province,Agromart Ltd,MOP (Muriate of Potash),Canada,"Paddy, Banana, Tea",Top Dressing,99.0,208.52,20643.48,100,0.0,0.0,61.7,Chlorine: 6.8 g/100g,2.7,Yes,Local production batch
AGR-66667,LT22-9337,2023-04-21,Yala,Uva Province,Jaffna Fertilizer Depot,Ammonium Sulfate (SOA),China,"Tea, Vegetables",Top Dressing,6.5,129.14,839.41,100,21.0,0.0,0.0,Sulfur: 0.85 %,2.3,Yes,
AGR-56663,CR22-8839C,2022-11-18,Yala,Central Province,Colombo Pesticide Warehouse,Dolomite,Sri Lanka,"Tea, Vegetables, Acidic Soils",Soil Amendment,501.5,65.0,32597.5,100,0.16,0.0,0.0,Calcium: 27.2 g/kg | Magnesium: 22.1 g/100g,0.6,Yes,Sample from bulk storage
AGR-51060,LT23-7662,2022-02-09,Off-Season,North Western Province,Abans Agri Supplies,NPK 12-12-17,Germany,"Horticulture, Fruit Crops",Broadcast,498.0,283.31,141088.38,100,12.3,11.9,17.3,Magnesium: 7.0 g/100g | Boron: 24.2 g/100g,3.4,Yes,Sample from bulk storage
AGR-53297,AG24-6815B,2023-05-07,Yala,Central Province,Jaffna Fertilizer Depot,TSP (Triple Super Phosphate),India,"Vegetables, Root Crops",Basal Application,10.0,140.98,1409.8,100,0.0,45.15,0.0,Calcium: 18.3 g/kg,1.9,Yes,
AGR-91325,CR23-2644B,2024-07-05,Yala,Central Province,Browns Agricultural Products,TSP (Triple Super Phosphate),India,"Vegetables, Root Crops",Basal Application,25.0,175.08,4377.0,100,0.0,46.8,0.0,Calcium: 6.5 g/100g,3.1,No,Opened bag — partial quantity
AGR-34465,BT22-5742A,2023-10-19,Yala,Sabaragamuwa Province,Lankem Ceylon PLC,MOP (Muriate of Potash),Canada,"Paddy, Banana, Tea",Top Dressing,50.0,193.46,9673.0,100,0.0,0.08,58.2,Chlorine: 21.6 g/kg,3.1,Yes,Slight clumping observed
AGR-90596,BT24-6500B,2023-10-12,Yala,Eastern Province,Pettah Agro Traders,MOP (Muriate of Potash),Canada,"Paddy, Banana, Tea",Top Dressing,1.0,225.33,225.33,100,0.0,0.13,62.2,Chlorine: 23.3 g/kg,2.8,No,Sample from bulk storage
AGR-99277,MF22-6005,2024-02-14,Maha,Uva Province,Abans Agri Supplies,Ammonium Sulfate (SOA),China,"Tea, Vegetables",Top Dressing,50.0,135.0,6750.0,100,21.8,0.0,0.0,Sulfur: 1.57 %,2.9,Yes,
AGR-17878,BT24-8405C,2024-02-07,Yala,North Western Province,Anuradhapura Agro Mart,Urea,Sri Lanka,"Paddy, Maize, Vegetables",Broadcast / Soil Incorporation,1.0,108.14,108.14,100,45.6,0.0,0.0,Not Detected,3.5,No,
AGR-50565,AG22-3121B,2022-09-07,Maha,Sabaragamuwa Province,Browns Agricultural Products,NPK 12-12-17,Germany,"Horticulture, Fruit Crops",Broadcast,25.0,252.47,6311.75,100,12.04,11.6,16.4,Magnesium: 1.22 % | Boron: 8.8 g/kg,2.4,No,
AGR-44334,AG22-5188C,2023-10-06,Yala,Southern Province,Agromart Ltd,NPK 15-15-15,Sri Lanka,"General Crops, Horticulture",Broadcast / Foliar,1.0,245.0,245.0,100,15.5,14.8,15.1,Sulfur: 1.8 % | Boron: 1.35 %,1.9,No,Retest recommended
AGR-50617,BT23-2680,2022-07-26,Yala,Western Province,CIC Agri Businesses,NPK 12-12-17,Germany,"Horticulture, Fruit Crops",Broadcast,1.0,258.96,258.96,100,12.1,12.2,16.4,Magnesium: 10.4 g/100g | Boron: 26.8 g/100g,2.2,No,Retest recommended
AGR-26026,CR22-2222B,2023-01-12,Yala,North Western Province,Agromart Ltd,Ammonium Sulfate (SOA),China,"Tea, Vegetables",Top Dressing,101.0,139.34,14073.34,100,21.6,0.0,0.0,Sulfur: 1.86 %,1.3,No,Slight clumping observed
AGR-34062,LT22-6954A,2024-01-06,Maha,Southern Province,Anuradhapura Agro Mart,TSP (Triple Super Phosphate),India,"Vegetables, Root Crops",Basal Application,1.0,156.36,156.36,100,0.0,45.5,0.0,Calcium: 2.38 %,3.6,No,
AGR-53679,AG24-6945B,2023-10-01,Yala,North Western Province,Agromart Ltd,Eppawala Rock Phosphate (ERP),Sri Lanka,"Tea, Rubber, Coconut",Basal Application,1000.0,35.0,35000.0,100,0.03,27.8,0.09,Calcium: 0.93 %,3.5,Yes,
AGR-78612,BT22-9440B,2024-02-22,Maha,Sabaragamuwa Province,CIC Agri Businesses,Dolomite,Sri Lanka,"Tea, Vegetables, Acidic Soils",Soil Amendment,100.0,60.0,6000.0,100,0.0,0.19,0.05,Calcium: 13.1 g/kg | Magnesium: 17.3 g/100g,0.7,Yes,
AGR-10417,MF24-4906C,2024-04-22,Off-Season,North Central Province,Abans Agri Supplies,Ammonium Sulfate (SOA),China,"Tea, Vegetables",Top Dressing,23.0,110.0,2530.0,100,20.0,0.0,0.0,Sulfur: 13.3 g/kg,0.8,Yes,Imported directly
AGR-61412,MF23-4571C,2022-02-21,Maha,Uva Province,Anuradhapura Agro Mart,NPK 15-15-15,Sri Lanka,"General Crops, Horticulture",Broadcast / Foliar,13.0,265.0,3445.0,100,14.4,15.0,15.3,Sulfur: 21.4 g/kg | Boron: 19.5 g/100g,3.3,Yes,
AGR-73049,AG23-4110B,2022-10-20,Yala,Uva Province,Browns Agricultural Products,Eppawala Rock Phosphate (ERP),Sri Lanka,"Tea, Rubber, Coconut",Basal Application,200.0,55.0,11000.0,100,0.0,28.1,0.21,Calcium: 22.2 g/kg,3.4,Yes,
AGR-66472,BT23-9352A,2022-01-15,Maha,Northern Province,Galle Agrochemical Stores,NPK 12-12-17,Germany,"Horticulture, Fruit Crops",Broadcast,23.0,301.22,6928.06,100,11.4,11.8,16.5,Magnesium: 10.6 g/100g | Boron: 23.8 g/kg,3.5,No,Imported directly
AGR-78238,LT23-6928A,2023-01-26,Off-Season,Southern Province,Browns Agricultural Products,NPK 15-15-15,Sri Lanka,"General Crops, Horticulture",Broadcast / Foliar,5.0,265.0,1325.0,100,14.9,14.6,14.48,Sulfur: 21.9 g/100g | Boron: 8.0 g/kg,0.5,Yes,Local production batch
AGR-80986,MF23-1858B,2024-09-22,Maha,Northern Province,Abans Agri Supplies,NPK 15-15-15,Sri Lanka,"General Crops, Horticulture",Broadcast / Foliar,0.5,255.6,127.8,100,15.1,14.0,14.4,Sulfur: 24.2 g/100g | Boron: 9.3 g/kg,1.5,No,
AGR-78640,MF23-7905A,2024-12-23,Maha,Northern Province,Jaffna Fertilizer Depot,Compost / Organic,Sri Lanka,"All Crops, Soil Health",Incorporation,198.0,25.0,4950.0,100,1.6,0.89,1.3,Organic Carbon: 1.09 % | Humus: 1.32 %,1.6,Yes,Slight clumping observed
AGR-43447,LT23-4367A,2022-05-23,Off-Season,Eastern Province,Jaffna Fertilizer Depot,Compost / Organic,Sri Lanka,"All Crops, Soil Health",Incorporation,0.5,34.56,17.28,100,1.6,1.0,1.5,Organic Carbon: 19.6 g/kg | Humus: 1.01 %,1.9,Yes,Slight clumping observed
AGR-83522,MF23-6948C,2023-06-13,Maha,Eastern Province,Colombo Pesticide Warehouse,MOP (Muriate of Potash),Canada,"Paddy, Banana, Tea",Top Dressing,100.0,201.04,20104.0,100,0.0,0.0,57.2,Chlorine: 15.0 g/100g,2.6,Yes,Opened bag — partial quantity
AGR-49783,AG22-1386A,2024-11-10,Yala,North Western Province,Anuradhapura Agro Mart,TSP (Triple Super Phosphate),India,"Vegetables, Root Crops",Basal Application,3.0,182.04,546.12,100,0.1,45.1,0.0,Calcium: 23.7 g/100g,3.0,No,Expired stock — discounted
AGR-14392,LT22-8038A,2024-05-25,Yala,Sabaragamuwa Province,Eastern Agrochem Depot,NPK 12-12-17,Germany,"Horticulture, Fruit Crops",Broadcast,1003.0,279.59,280428.77,100,12.0,12.3,16.4,Magnesium: 11.7 g/100g | Boron: 15.6 g/100g,1.1,Yes,Local production batch
AGR-30870,CR23-4899A,2023-09-03,Off-Season,Western Province,Anuradhapura Agro Mart,Ammonium Sulfate (SOA),China,"Tea, Vegetables",Top Dressing,1003.0,147.39,147832.17,100,21.2,0.0,0.0,Sulfur: 15.7 g/kg,2.7,Yes,Sample from bulk storage
AGR-78345,CR22-3304,2022-06-02,Off-Season,Eastern Province,Kandy Farm Supplies,Eppawala Rock Phosphate (ERP),Sri Lanka,"Tea, Rubber, Coconut",Basal Application,1000.0,39.04,39040.0,100,0.17,28.0,0.0,Calcium: 1.66 %,3.0,No,Expired stock — discounted
AGR-76733,LT24-7194A,2023-09-03,Off-Season,Southern Province,Browns Agricultural Products,MOP (Muriate of Potash),Canada,"Paddy, Banana, Tea",Top Dressing,100.0,174.08,17408.0,100,0.0,0.0,59.6,Chlorine: 16.2 g/kg,2.8,No,Opened bag — partial quantity
AGR-17912,CR22-2601B,2024-11-21,Off-Season,Eastern Province,Pettah Agro Traders,MOP (Muriate of Potash),Canada,"Paddy, Banana, Tea",Top Dressing,5.0,188.2,941.0,100,0.0,0.17,59.6,Chlorine: 6.9 g/kg,3.9,Yes,Local production batch
AGR-31878,MF23-6187,2023-08-05,Off-Season,Western Province,Lankem Ceylon PLC,Compost / Organic,Sri Lanka,"All Crops, Soil Health",Incorporation,2.0,26.61,53.22,100,1.5,0.9,1.3,Organic Carbon: 1.79 % | Humus: 14.1 g/100g,0.6,Yes,
AGR-96868,MF22-2231A,2024-04-10,Off-Season,Eastern Province,Lankem Ceylon PLC,Dolomite,Sri Lanka,"Tea, Vegetables, Acidic Soils",Soil Amendment,28.0,54.49,1525.72,100,0.09,0.03,0.0,Calcium: 1.1 % | Magnesium: 8.5 g/100g,3.8,Yes,
AGR-65398,BT22-5522B,2022-07-19,Off-Season,Southern Province,Lankem Ceylon PLC,NPK 12-12-17,Germany,"Horticulture, Fruit Crops",Broadcast,53.0,272.28,14430.84,100,12.0,11.44,17.2,Magnesium: 0.89 % | Boron: 18.8 g/kg,3.7,No,Retest recommended
AGR-58987,MF24-7195,2022-04-28,Maha,Eastern Province,Galle Agrochemical Stores,NPK 12-12-17,Germany,"Horticulture, Fruit Crops",Broadcast,4.0,267.5,1070.0,100,11.7,12.3,16.4,Magnesium: 20.4 g/kg | Boron: 24.4 g/kg,3.2,Yes,Local production batch
AGR-26268,AG24-7205B,2024-06-21,Yala,Western Province,Agromart Ltd,Dolomite,Sri Lanka,"Tea, Vegetables, Acidic Soils",Soil Amendment,5.0,70.0,350.0,100,0.0,0.0,0.0,Calcium: 27.8 g/100g | Magnesium: 21.6 g/kg,1.8,Yes,Local production batch
AGR-54518,CR22-7481C,2022-06-24,Yala,Sabaragamuwa Province,Colombo Pesticide Warehouse,NPK 12-12-17,Germany,"Horticulture, Fruit Crops",Broadcast,500.5,295.0,147647.5,100,12.1,11.6,17.6,Magnesium: 22.3 g/kg | Boron: 21.8 g/kg,3.2,Yes,Retest recommended
AGR-86618,CR24-1020B,2023-09-27,Yala,North Central Province,Kandy Farm Supplies,Dolomite,Sri Lanka,"Tea, Vegetables, Acidic Soils",Soil Amendment,1000.0,48.9,48900.0,100,0.09,0.2,0.2,Calcium: 22.4 g/100g | Magnesium: 1.3 %,4.4,Yes,
AGR-41284,CR24-8902,2023-06-10,Off-Season,North Western Province,Agromart Ltd,Eppawala Rock Phosphate (ERP),Sri Lanka,"Tea, Rubber, Coconut",Basal Application,2.0,55.0,110.0,100,0.0,28.56,0.09,Calcium: 15.4 g/kg,2.9,Yes,Slight clumping observed
AGR-36623,LT24-9914A,2022-07-29,Yala,Southern Province,Galle Agrochemical Stores,Dolomite,Sri Lanka,"Tea, Vegetables, Acidic Soils",Soil Amendment,1.0,45.21,45.21,100,0.0,0.0,0.0,Calcium: 22.7 g/kg | Magnesium: 8.6 g/100g,1.0,Yes,
AGR-94112,MF22-9542,2022-06-25,Maha,Uva Province,Abans Agri Supplies,Ammonium Sulfate (SOA),China,"Tea, Vegetables",Top Dressing,500.0,150.0,75000.0,100,21.4,0.0,0.21,Sulfur: 14.0 g/100g,1.0,No,Sample from bulk storage
AGR-59035,AG24-4917B,2023-05-17,Yala,Eastern Province,Kurunegala Agri Centre,MOP (Muriate of Potash),Canada,"Paddy, Banana, Tea",Top Dressing,100.5,190.0,19095.0,100,0.0,0.07,59.8,Chlorine: 1.7 %,3.9,Yes,Sample from bulk storage
AGR-85019,LT23-3344A,2022-01-19,Off-Season,Central Province,CIC Agri Businesses,Urea,Sri Lanka,"Paddy, Maize, Vegetables",Broadcast / Soil Incorporation,10.0,95.0,950.0,100,45.5,0.0,0.2,Not Detected,1.4,Yes,Slight clumping observed
AGR-94653,LT24-6266B,2023-05-15,Off-Season,Uva Province,Agromart Ltd,Compost / Organic,Sri Lanka,"All Crops, Soil Health",Incorporation,27.0,30.0,810.0,100,1.4,0.9,1.4,Organic Carbon: 11.0 g/100g | Humus: 25.4 g/kg,3.0,Yes,Sample from bulk storage
AGR-85843,CR24-4880B,2024-02-14,Maha,North Western Province,Kurunegala Agri Centre,Urea,Sri Lanka,"Paddy, Maize, Vegetables",Broadcast / Soil Incorporation,500.0,126.85,63425.0,100,46.4,0.0,0.06,Not Detected,2.2,Yes,
AGR-66206,AG22-2949B,2022-04-27,Yala,Southern Province,Anuradhapura Agro Mart,NPK 15-15-15,Sri Lanka,"General Crops, Horticulture",Broadcast / Foliar,500.5,270.0,135135.0,100,14.3,15.5,15.1,Sulfur: 2.67 % | Boron: 1.93 %,0.4,No,
AGR-56339,MF22-3090B,2022-12-22,Yala,Northern Province,Browns Agricultural Products,Compost / Organic,Sri Lanka,"All Crops, Soil Health",Incorporation,1.0,32.79,32.79,100,1.3,0.99,1.4,Organic Carbon: 2.51 % | Humus: 16.6 g/kg,1.6,Yes,Imported directly
AGR-32529,AG24-9848,2022-01-19,Yala,North Western Province,Abans Agri Supplies,MOP (Muriate of Potash),Canada,"Paddy, Banana, Tea",Top Dressing,201.5,205.0,41307.5,100,0.06,0.01,62.0,Chlorine: 0.63 %,2.4,Yes,
AGR-71664,AG23-9237A,2022-12-03,Yala,Uva Province,Pettah Agro Traders,Eppawala Rock Phosphate (ERP),Sri Lanka,"Tea, Rubber, Coconut",Basal Application,10.0,57.49,574.9,100,0.0,29.04,0.0,Calcium: 27.2 g/100g,3.1,Yes,Opened bag — partial quantity
AGR-50496,MF24-2898A,2023-03-01,Off-Season,Sabaragamuwa Province,Anuradhapura Agro Mart,MOP (Muriate of Potash),Canada,"Paddy, Banana, Tea",Top Dressing,25.0,226.35,5658.75,100,0.23,0.0,59.3,Chlorine: 19.4 g/100g,3.9,Yes,Slight clumping observed
AGR-79887,AG22-6286A,2022-08-02,Maha,Sabaragamuwa Province,Kurunegala Agri Centre,Eppawala Rock Phosphate (ERP),Sri Lanka,"Tea, Rubber, Coconut",Basal Application,102.0,56.8,5793.6,100,0.1,28.6,0.0,Calcium: 16.2 g/100g,1.5,Yes,Local production batch
AGR-64250,AG22-5955,2024-11-29,Maha,Central Province,Anuradhapura Agro Mart,Eppawala Rock Phosphate (ERP),Sri Lanka,"Tea, Rubber, Coconut",Basal Application,1002.0,56.73,56843.46,100,0.0,29.1,0.0,Calcium: 26.1 g/100g,1.7,Yes,Slight clumping observed
AGR-40041,CR24-7003,2022-08-04,Maha,North Western Province,Matara Farm Solutions,Compost / Organic,Sri Lanka,"All Crops, Soil Health",Incorporation,25.0,18.65,466.25,100,1.4,1.07,1.3,Organic Carbon: 0.61 % | Humus: 19.1 g/100g,3.9,Yes,
AGR-60024,MF24-6934B,2023-07-23,Off-Season,Western Province,Browns Agricultural Products,MOP (Muriate of Potash),Canada,"Paddy, Banana, Tea",Top Dressing,50.0,215.29,10764.5,100,0.0,0.0,57.8,Chlorine: 23.2 g/kg,0.3,Yes,Retest recommended
AGR-58481,LT24-2364A,2023-12-05,Off-Season,Northern Province,Kandy Farm Supplies,Urea,Sri Lanka,"Paddy, Maize, Vegetables",Broadcast / Soil Incorporation,2.0,105.0,210.0,100,46.2,0.0,0.0,Not Detected,1.8,No,
AGR-92256,LT22-1654,2024-11-25,Maha,North Central Province,Kandy Farm Supplies,Urea,Sri Lanka,"Paddy, Maize, Vegetables",Broadcast / Soil Incorporation,202.0,101.85,20573.7,100,46.5,0.0,0.0,Not Detected,2.1,Yes,Local production batch
AGR-11770,AG23-5719C,2023-11-30,Maha,Western Province,Kurunegala Agri Centre,Eppawala Rock Phosphate (ERP),Sri Lanka,"Tea, Rubber, Coconut",Basal Application,1000.0,50.0,50000.0,100,0.0,27.1,0.17,Calcium: 15.4 g/100g,1.5,No,Sample from bulk storage
AGR-27045,CR24-1311B,2024-08-04,Yala,North Western Province,Browns Agricultural Products,Urea,Sri Lanka,"Paddy, Maize, Vegetables",Broadcast / Soil Incorporation,1.0,100.88,100.88,100,46.1,0.0,0.0,Not Detected,0.3,Yes,
AGR-45260,LT23-8521B,2022-10-18,Off-Season,Northern Province,CIC Agri Businesses,Ammonium Sulfate (SOA),China,"Tea, Vegetables",Top Dressing,1.0,140.0,140.0,100,21.5,0.16,0.0,Sulfur: 7.3 g/kg,0.5,Yes,
AGR-74857,MF23-5059A,2024-04-20,Maha,North Western Province,Kurunegala Agri Centre,NPK 12-12-17,Germany,"Horticulture, Fruit Crops",Broadcast,51.5,305.97,15757.46,100,11.9,11.7,17.3,Magnesium: 18.5 g/100g | Boron: 2.1 %,4.5,Yes,Slight clumping observed
AGR-29334,MF22-2479B,2024-12-03,Off-Season,Uva Province,Abans Agri Supplies,MOP (Muriate of Potash),Canada,"Paddy, Banana, Tea",Top Dressing,10.0,203.6,2036.0,100,0.0,0.0,58.7,Chlorine: 2.03 %,1.4,No,Imported directly
AGR-33675,MF22-8763A,2022-12-04,Yala,Eastern Province,Jaffna Fertilizer Depot,NPK 12-12-17,Germany,"Horticulture, Fruit Crops",Broadcast,25.0,270.0,6750.0,100,12.2,12.3,17.4,Magnesium: 20.3 g/100g | Boron: 14.1 g/kg,2.3,No,Local production batch
AGR-91299,MF24-5272C,2022-08-25,Yala,Central Province,Agromart Ltd,NPK 15-15-15,Sri Lanka,"General Crops, Horticulture",Broadcast / Foliar,49.0,230.0,11270.0,100,15.1,14.8,14.8,Sulfur: 22.3 g/100g | Boron: 18.9 g/kg,1.4,Yes,Imported directly
AGR-66653,CR22-3371,2024-05-26,Off-Season,North Central Province,Abans Agri Supplies,Ammonium Sulfate (SOA),China,"Tea, Vegetables",Top Dressing,200.0,139.23,27846.0,100,21.5,0.0,0.0,Sulfur: 1.42 %,1.0,Yes,
AGR-28095,CR23-6477A,2022-11-21,Maha,North Western Province,Hayleys Agriculture Holdings,Urea,Sri Lanka,"Paddy, Maize, Vegetables",Broadcast / Soil Incorporation,6.5,121.8,791.7,100,45.3,0.0,0.0,Not Detected,1.6,Yes,
AGR-11256,BT24-1502A,2022-01-06,Yala,Central Province,Agromart Ltd,MOP (Muriate of Potash),Canada,"Paddy, Banana, Tea",Top Dressing,10.0,180.76,1807.6,100,0.0,0.0,57.0,Chlorine: 27.1 g/kg,0.4,Yes,Retest recommended
AGR-73842,CR24-7352B,2022-07-03,Maha,Sabaragamuwa Province,Eastern Agrochem Depot,NPK 12-12-17,Germany,"Horticulture, Fruit Crops",Broadcast,1.5,313.05,469.58,100,12.2,12.3,17.14,Magnesium: 11.7 g/100g | Boron: 18.2 g/100g,2.2,Yes,
AGR-23668,LT24-8587C,2023-08-03,Yala,North Central Province,Eastern Agrochem Depot,TSP (Triple Super Phosphate),India,"Vegetables, Root Crops",Basal Application,100.0,152.85,15285.0,100,0.0,46.6,0.0,Calcium: 8.0 g/kg,1.7,Yes,Slight clumping observed
AGR-49850,BT23-1588C,2024-09-21,Off-Season,Southern Province,Browns Agricultural Products,TSP (Triple Super Phosphate),India,"Vegetables, Root Crops",Basal Application,1.0,141.58,141.58,100,0.0,45.9,0.01,Calcium: 15.5 g/100g,2.9,Yes,Imported directly
AGR-61936,CR23-5950,2023-11-22,Yala,Uva Province,Jaffna Fertilizer Depot,Compost / Organic,Sri Lanka,"All Crops, Soil Health",Incorporation,10.0,20.0,200.0,100,1.4,1.0,1.4,Organic Carbon: 0.92 % | Humus: 1.08 %,3.9,No,Imported directly
AGR-70085,CR23-6777,2023-06-09,Off-Season,Central Province,Abans Agri Supplies,TSP (Triple Super Phosphate),India,"Vegetables, Root Crops",Basal Application,1.0,190.62,190.62,100,0.0,45.7,0.0,Calcium: 1.52 %,1.9,Yes,Slight clumping observed
AGR-52687,AG24-7847B,2023-03-22,Off-Season,Southern Province,Browns Agricultural Products,Eppawala Rock Phosphate (ERP),Sri Lanka,"Tea, Rubber, Coconut",Basal Application,498.0,40.26,20049.48,100,0.18,27.7,0.13,Calcium: 2.1 %,0.5,Yes,Expired stock — discounted
AGR-93484,LT22-3425,2023-06-17,Yala,Central Province,Lankem Ceylon PLC,Eppawala Rock Phosphate (ERP),Sri Lanka,"Tea, Rubber, Coconut",Basal Application,500.0,40.0,20000.0,100,0.07,28.5,0.0,Calcium: 15.1 g/100g,0.5,Yes,
AGR-57527,LT24-9781A,2022-10-27,Yala,Southern Province,Pettah Agro Traders,Urea,Sri Lanka,"Paddy, Maize, Vegetables",Broadcast / Soil Incorporation,50.0,115.92,5796.0,100,45.8,0.24,0.0,Not Detected,1.9,Yes,Expired stock — discounted
AGR-53026,BT22-2567,2022-03-12,Off-Season,Western Province,Jaffna Fertilizer Depot,Dolomite,Sri Lanka,"Tea, Vegetables, Acidic Soils",Soil Amendment,50.0,68.08,3404.0,100,0.0,0.0,0.0,Calcium: 1.48 % | Magnesium: 2.45 %,3.7,Yes,Retest recommended
AGR-31142,AG23-1327,2022-02-22,Yala,Sabaragamuwa Province,CIC Agri Businesses,MOP (Muriate of Potash),Canada,"Paddy, Banana, Tea",Top Dressing,0.5,165.0,82.5,100,0.0,0.0,58.0,Chlorine: 1.31 %,0.5,Yes,Slight clumping observed
AGR-92691,BT24-8178B,2022-02-09,Yala,North Central Province,Galle Agrochemical Stores,MOP (Muriate of Potash),Canada,"Paddy, Banana, Tea",Top Dressing,10.0,205.0,2050.0,100,0.22,0.21,57.3,Chlorine: 2.2 %,1.1,Yes,Imported directly
AGR-77232,BT22-9350C,2023-11-29,Off-Season,Sabaragamuwa Province,Galle Agrochemical Stores,Eppawala Rock Phosphate (ERP),Sri Lanka,"Tea, Rubber, Coconut",Basal Application,23.0,54.35,1250.05,100,0.16,27.9,0.0,Calcium: 19.7 g/100g,1.7,Yes,
AGR-81156,CR24-1650,2022-08-07,Off-Season,Eastern Province,Galle Agrochemical Stores,Dolomite,Sri Lanka,"Tea, Vegetables, Acidic Soils",Soil Amendment,6.0,52.45,314.7,100,0.0,0.0,0.0,Calcium: 1.17 % | Magnesium: 27.8 g/kg,1.9,Yes,Retest recommended
AGR-75876,CR24-1701B,2024-02-18,Yala,North Western Province,Matara Farm Solutions,Urea,Sri Lanka,"Paddy, Maize, Vegetables",Broadcast / Soil Incorporation,1.0,125.0,125.0,100,46.6,0.15,0.0,Not Detected,4.0,Yes,Slight clumping observed
AGR-62777,MF22-2854B,2023-01-24,Maha,Eastern Province,Anuradhapura Agro Mart,Eppawala Rock Phosphate (ERP),Sri Lanka,"Tea, Rubber, Coconut",Basal Application,2.0,33.88,67.76,100,0.0,27.2,0.23,Calcium: 24.4 g/100g,3.1,Yes,
AGR-17714,LT24-7066A,2024-03-12,Maha,Sabaragamuwa Province,Jaffna Fertilizer Depot,NPK 15-15-15,Sri Lanka,"General Crops, Horticulture",Broadcast / Foliar,500.0,227.05,113525.0,100,15.54,15.2,15.5,Sulfur: 10.1 g/100g | Boron: 1.9 %,4.2,Yes,Slight clumping observed
AGR-32004,AG24-8123A,2022-02-06,Yala,Central Province,Abans Agri Supplies,MOP (Muriate of Potash),Canada,"Paddy, Banana, Tea",Top Dressing,26.5,175.87,4660.56,100,0.16,0.0,57.0,Chlorine: 25.1 g/100g,2.2,Yes,
AGR-20875,CR22-7717A,2023-08-10,Yala,Sabaragamuwa Province,Jaffna Fertilizer Depot,TSP (Triple Super Phosphate),India,"Vegetables, Root Crops",Basal Application,50.0,177.63,8881.5,100,0.0,46.49,0.0,Calcium: 15.4 g/100g,3.8,Yes,Imported directly
AGR-14223,AG22-2638,2024-06-26,Yala,Sabaragamuwa Province,CIC Agri Businesses,MOP (Muriate of Potash),Canada,"Paddy, Banana, Tea",Top Dressing,2.0,210.0,420.0,100,0.0,0.01,57.4,Chlorine: 8.8 g/kg,3.9,Yes,Expired stock — discounted
AGR-98899,BT22-5870C,2023-03-17,Maha,Central Province,Colombo Pesticide Warehouse,NPK 15-15-15,Sri Lanka,"General Crops, Horticulture",Broadcast / Foliar,101.5,260.0,26390.0,100,14.4,15.2,14.9,Sulfur: 15.8 g/100g | Boron: 24.3 g/kg,2.1,No,Opened bag — partial quantity
AGR-72320,MF24-6884A,2024-06-02,Yala,Central Province,Eastern Agrochem Depot,Eppawala Rock Phosphate (ERP),Sri Lanka,"Tea, Rubber, Coconut",Basal Application,500.0,50.0,25000.0,100,0.0,27.2,0.14,Calcium: 18.4 g/kg,2.8,Yes,Expired stock — discounted
AGR-19481,BT24-6679B,2023-06-28,Off-Season,Western Province,Abans Agri Supplies,NPK 15-15-15,Sri Lanka,"General Crops, Horticulture",Broadcast / Foliar,24.0,265.0,6360.0,100,14.9,14.4,14.8,Sulfur: 1.06 % | Boron: 11.6 g/kg,0.7,Yes,Sample from bulk storage
AGR-27194,CR24-6529A,2024-01-02,Yala,Southern Province,Eastern Agrochem Depot,NPK 12-12-17,Germany,"Horticulture, Fruit Crops",Broadcast,50.0,267.71,13385.5,100,12.0,11.79,17.6,Magnesium: 17.6 g/100g | Boron: 1.29 %,2.3,Yes,
AGR-16631,MF24-6105B,2023-09-13,Yala,Uva Province,Pettah Agro Traders,Eppawala Rock Phosphate (ERP),Sri Lanka,"Tea, Rubber, Coconut",Basal Application,8.0,55.39,443.12,100,0.0,29.0,0.0,Calcium: 20.9 g/kg,2.8,Yes,Imported directly
AGR-36695,CR24-8041,2022-03-31,Maha,Northern Province,Anuradhapura Agro Mart,Eppawala Rock Phosphate (ERP),Sri Lanka,"Tea, Rubber, Coconut",Basal Application,1000.5,45.1,45122.55,100,0.1,28.4,0.08,Calcium: 1.16 %,1.3,Yes,Imported directly
AGR-79987,MF23-3876,2022-07-10,Yala,North Central Province,Colombo Pesticide Warehouse,Dolomite,Sri Lanka,"Tea, Vegetables, Acidic Soils",Soil Amendment,10.0,73.69,736.9,100,0.0,0.1,0.0,Calcium: 23.6 g/kg | Magnesium: 21.0 g/100g,2.9,Yes,
AGR-60601,CR24-7302A,2022-01-02,Off-Season,Western Province,Matara Farm Solutions,TSP (Triple Super Phosphate),India,"Vegetables, Root Crops",Basal Application,100.0,175.0,17500.0,100,0.23,46.5,0.0,Calcium: 21.7 g/kg,1.5,Yes,
AGR-14498,AG22-1509,2023-12-11,Off-Season,North Western Province,Hayleys Agriculture Holdings,Dolomite,Sri Lanka,"Tea, Vegetables, Acidic Soils",Soil Amendment,2.0,48.03,96.06,100,0.0,0.2,0.0,Calcium: 24.7 g/kg | Magnesium: 0.75 %,3.6,Yes,Expired stock — discounted
AGR-76511,LT23-1781A,2023-03-27,Yala,Southern Province,Jaffna Fertilizer Depot,NPK 15-15-15,Sri Lanka,"General Crops, Horticulture",Broadcast / Foliar,1000.0,289.75,289750.0,100,15.3,14.8,14.0,Sulfur: 15.5 g/100g | Boron: 19.3 g/kg,3.6,Yes,
AGR-97227,LT22-5707C,2022-10-20,Off-Season,North Western Province,Pettah Agro Traders,Compost / Organic,Sri Lanka,"All Crops, Soil Health",Incorporation,200.0,26.11,5222.0,100,1.3,1.1,1.3,Organic Carbon: 6.6 g/100g | Humus: 1.29 %,3.3,Yes,
AGR-68897,AG23-9791,2024-06-05,Maha,Western Province,Kurunegala Agri Centre,NPK 12-12-17,Germany,"Horticulture, Fruit Crops",Broadcast,0.5,290.0,145.0,100,11.89,12.1,16.3,Magnesium: 13.8 g/kg | Boron: 2.32 %,4.3,No,Sample from bulk storage
AGR-44750,BT24-1898B,2022-04-22,Maha,Eastern Province,Hayleys Agriculture Holdings,Ammonium Sulfate (SOA),China,"Tea, Vegetables",Top Dressing,6.5,115.0,747.5,100,20.0,0.0,0.22,Sulfur: 22.3 g/100g,3.2,Yes,
AGR-38039,LT22-2073,2024-01-16,Maha,North Central Province,Anuradhapura Agro Mart,NPK 15-15-15,Sri Lanka,"General Crops, Horticulture",Broadcast / Foliar,50.0,253.95,12697.5,100,14.5,15.4,15.1,Sulfur: 9.9 g/kg | Boron: 14.9 g/kg,4.5,No,
AGR-14305,AG22-8032C,2024-08-24,Yala,Central Province,Abans Agri Supplies,NPK 15-15-15,Sri Lanka,"General Crops, Horticulture",Broadcast / Foliar,1000.0,280.93,280930.0,100,16.0,14.8,14.5,Sulfur: 0.88 % | Boron: 21.1 g/kg,4.2,No,Retest recommended
AGR-38631,AG23-7701B,2024-12-05,Yala,Northern Province,Agromart Ltd,MOP (Muriate of Potash),Canada,"Paddy, Banana, Tea",Top Dressing,200.0,211.0,42200.0,100,0.0,0.21,58.4,Chlorine: 10.9 g/100g,4.4,No,Imported directly
AGR-25843,BT24-9668A,2023-01-16,Yala,Eastern Province,Jaffna Fertilizer Depot,NPK 15-15-15,Sri Lanka,"General Crops, Horticulture",Broadcast / Foliar,50.5,285.07,14396.03,100,14.5,15.3,14.4,Sulfur: 10.9 g/100g | Boron: 0.68 %,3.5,Yes,
AGR-40868,BT23-7693B,2024-02-01,Yala,North Central Province,Abans Agri Supplies,Eppawala Rock Phosphate (ERP),Sri Lanka,"Tea, Rubber, Coconut",Basal Application,1.0,42.09,42.09,100,0.0,29.1,0.0,Calcium: 1.62 %,1.3,Yes,Local production batch
AGR-59399,MF23-2957,2023-04-02,Maha,Eastern Province,CIC Agri Businesses,Dolomite,Sri Lanka,"Tea, Vegetables, Acidic Soils",Soil Amendment,100.0,68.5,6850.0,100,0.0,0.22,0.0,Calcium: 16.5 g/kg | Magnesium: 1.67 %,2.7,Yes,Retest recommended
AGR-30989,BT24-8904,2023-01-05,Yala,Central Province,Colombo Pesticide Warehouse,NPK 12-12-17,Germany,"Horticulture, Fruit Crops",Broadcast,26.0,275.27,7157.02,100,12.21,11.9,17.6,Magnesium: 15.2 g/kg | Boron: 13.8 g/100g,2.1,Yes,
AGR-65561,MF22-7713A,2024-12-23,Yala,North Central Province,Abans Agri Supplies,TSP (Triple Super Phosphate),India,"Vegetables, Root Crops",Basal Application,11.0,170.0,1870.0,100,0.0,46.2,0.0,Calcium: 18.1 g/100g,1.6,Yes,Expired stock — discounted
AGR-82032,BT22-2085,2022-08-29,Maha,Southern Province,Anuradhapura Agro Mart,NPK 15-15-15,Sri Lanka,"General Crops, Horticulture",Broadcast / Foliar,202.0,225.0,45450.0,100,14.7,15.1,15.2,Sulfur: 11.3 g/100g | Boron: 18.6 g/100g,1.3,Yes,
AGR-67780,CR24-3170B,2022-11-07,Maha,North Central Province,Pettah Agro Traders,Ammonium Sulfate (SOA),China,"Tea, Vegetables",Top Dressing,50.0,140.0,7000.0,100,20.7,0.0,0.1,Sulfur: 2.5 %,2.5,Yes,
AGR-50109,MF24-3492A,2022-09-18,Yala,Sabaragamuwa Province,Kurunegala Agri Centre,TSP (Triple Super Phosphate),India,"Vegetables, Root Crops",Basal Application,103.0,162.2,16706.6,100,0.2,45.8,0.17,Calcium: 25.2 g/kg,2.2,Yes,Sample from bulk storage
AGR-26200,BT22-9619A,2022-10-10,Yala,North Western Province,Abans Agri Supplies,Urea,Sri Lanka,"Paddy, Maize, Vegetables",Broadcast / Soil Incorporation,7.0,128.6,900.2,100,46.0,0.03,0.0,Not Detected,0.8,Yes,Retest recommended
AGR-27494,BT22-5488,2023-12-12,Maha,Central Province,CIC Agri Businesses,NPK 15-15-15,Sri Lanka,"General Crops, Horticulture",Broadcast / Foliar,9.0,280.17,2521.53,100,15.2,14.66,14.4,Sulfur: 1.25 % | Boron: 20.8 g/kg,1.8,Yes,
AGR-95986,LT22-5396,2022-06-19,Off-Season,Northern Province,Hayleys Agriculture Holdings,NPK 12-12-17,Germany,"Horticulture, Fruit Crops",Broadcast,200.0,282.39,56478.0,100,11.6,11.6,17.3,Magnesium: 12.8 g/kg | Boron: 2.65 %,2.1,No,Expired stock — discounted
AGR-24759,LT24-1150B,2022-05-24,Off-Season,Eastern Province,Anuradhapura Agro Mart,Compost / Organic,Sri Lanka,"All Crops, Soil Health",Incorporation,0.5,25.0,12.5,100,1.0,0.9,1.5,Organic Carbon: 17.8 g/kg | Humus: 26.9 g/kg,1.6,No,Retest recommended
AGR-70024,MF23-8359B,2023-04-03,Off-Season,Uva Province,Agromart Ltd,Dolomite,Sri Lanka,"Tea, Vegetables, Acidic Soils",Soil Amendment,201.5,45.24,9115.86,100,0.0,0.0,0.0,Calcium: 1.65 % | Magnesium: 24.4 g/kg,3.5,No,
AGR-59414,LT22-9077A,2023-09-25,Yala,Western Province,Galle Agrochemical Stores,Ammonium Sulfate (SOA),China,"Tea, Vegetables",Top Dressing,3.0,135.0,405.0,100,20.66,0.22,0.0,Sulfur: 12.3 g/100g,2.3,Yes,Local production batch
AGR-73751,LT23-3530,2023-01-12,Off-Season,Central Province,Anuradhapura Agro Mart,Eppawala Rock Phosphate (ERP),Sri Lanka,"Tea, Rubber, Coconut",Basal Application,100.0,45.0,4500.0,100,0.0,28.0,0.0,Calcium: 14.6 g/100g,0.4,Yes,Expired stock — discounted
AGR-23998,MF23-4806A,2022-07-30,Off-Season,Western Province,Lankem Ceylon PLC,Dolomite,Sri Lanka,"Tea, Vegetables, Acidic Soils",Soil Amendment,5.0,60.0,300.0,100,0.0,0.0,0.0,Calcium: 23.0 g/kg | Magnesium: 13.7 g/100g,0.6,Yes,Slight clumping observed
AGR-35781,MF23-1146,2022-10-14,Maha,Eastern Province,Matara Farm Solutions,MOP (Muriate of Potash),Canada,"Paddy, Banana, Tea",Top Dressing,1000.0,172.54,172540.0,100,0.2,0.0,61.6,Chlorine: 16.8 g/kg,3.1,No,Sample from bulk storage
AGR-47118,BT22-3747A,2024-04-19,Off-Season,Eastern Province,Pettah Agro Traders,Urea,Sri Lanka,"Paddy, Maize, Vegetables",Broadcast / Soil Incorporation,1.0,110.0,110.0,100,46.5,0.0,0.0,Not Detected,3.6,No,
AGR-22000,LT23-8203A,2024-02-04,Yala,Sabaragamuwa Province,Eastern Agrochem Depot,Dolomite,Sri Lanka,"Tea, Vegetables, Acidic Soils",Soil Amendment,1000.0,71.89,71890.0,100,0.0,0.0,0.0,Calcium: 11.6 g/kg | Magnesium: 1.07 %,3.1,No,
AGR-53644,BT24-8794B,2022-07-12,Maha,Sabaragamuwa Province,Galle Agrochemical Stores,Urea,Sri Lanka,"Paddy, Maize, Vegetables",Broadcast / Soil Incorporation,100.0,120.0,12000.0,100,46.4,0.0,0.0,Not Detected,1.0,Yes,Sample from bulk storage
AGR-37266,BT23-3267A,2022-02-12,Yala,North Western Province,Anuradhapura Agro Mart,Ammonium Sulfate (SOA),China,"Tea, Vegetables",Top Dressing,5.0,119.21,596.05,100,21.44,0.0,0.12,Sulfur: 0.98 %,1.6,Yes,Retest recommended
AGR-66111,MF24-1894C,2023-09-21,Yala,Eastern Province,Browns Agricultural Products,Eppawala Rock Phosphate (ERP),Sri Lanka,"Tea, Rubber, Coconut",Basal Application,51.0,50.11,2555.61,100,0.0,28.0,0.25,Calcium: 0.77 %,1.2,No,
AGR-56972,LT24-2507B,2022-06-14,Maha,North Central Province,Browns Agricultural Products,MOP (Muriate of Potash),Canada,"Paddy, Banana, Tea",Top Dressing,100.0,180.0,18000.0,100,0.0,0.14,59.0,Chlorine: 8.1 g/kg,3.8,Yes,Retest recommended
AGR-57563,CR24-2183,2024-02-26,Yala,Northern Province,Anuradhapura Agro Mart,Compost / Organic,Sri Lanka,"All Crops, Soil Health",Incorporation,500.0,34.01,17005.0,100,1.3,0.96,1.4,Organic Carbon: 14.5 g/100g | Humus: 0.76 %,2.8,Yes,Imported directly
AGR-80915,LT23-6712B,2023-12-24,Maha,Northern Province,Eastern Agrochem Depot,Eppawala Rock Phosphate (ERP),Sri Lanka,"Tea, Rubber, Coconut",Basal Application,10.0,50.0,500.0,100,0.0,28.4,0.0,Calcium: 2.21 %,3.3,No,
AGR-84882,LT23-1290B,2023-01-23,Maha,Northern Province,Eastern Agrochem Depot,TSP (Triple Super Phosphate),India,"Vegetables, Root Crops",Basal Application,101.5,176.41,17905.61,100,0.0,46.1,0.0,Calcium: 1.33 %,2.1,No,Opened bag — partial quantity
AGR-46093,BT24-8900C,2023-11-14,Yala,North Western Province,Matara Farm Solutions,Urea,Sri Lanka,"Paddy, Maize, Vegetables",Broadcast / Soil Incorporation,100.5,95.0,9547.5,100,45.98,0.23,0.0,Not Detected,0.7,Yes,Sample from bulk storage
AGR-15941,MF23-3906B,2024-10-05,Off-Season,North Central Province,Kandy Farm Supplies,Compost / Organic,Sri Lanka,"All Crops, Soil Health",Incorporation,498.0,37.57,18709.86,100,1.3,0.9,1.6,Organic Carbon: 24.7 g/kg | Humus: 16.8 g/kg,4.0,Yes,
AGR-50607,MF22-1809B,2023-07-30,Off-Season,Western Province,Eastern Agrochem Depot,MOP (Muriate of Potash),Canada,"Paddy, Banana, Tea",Top Dressing,2.0,215.0,430.0,100,0.0,0.0,61.3,Chlorine: 12.6 g/kg,1.7,Yes,
